/*
Navicat MySQL Data Transfer

Source Server         : 开发
Source Server Version : 80019
Source Host           : 47.96.119.77:3306
Source Database       : ry-vue

Target Server Type    : MYSQL
Target Server Version : 80019
File Encoding         : 65001

Date: 2020-10-20 11:13:51
*/

SET FOREIGN_KEY_CHECKS=0;

-- ----------------------------
-- Table structure for gen_table
-- ----------------------------
DROP TABLE IF EXISTS `gen_table`;
CREATE TABLE `gen_table` (
  `table_id` bigint NOT NULL AUTO_INCREMENT COMMENT '编号',
  `table_name` varchar(200) DEFAULT '' COMMENT '表名称',
  `table_comment` varchar(500) DEFAULT '' COMMENT '表描述',
  `class_name` varchar(100) DEFAULT '' COMMENT '实体类名称',
  `tpl_category` varchar(200) DEFAULT 'crud' COMMENT '使用的模板（crud单表操作 tree树表操作）',
  `package_name` varchar(100) DEFAULT NULL COMMENT '生成包路径',
  `module_name` varchar(30) DEFAULT NULL COMMENT '生成模块名',
  `business_name` varchar(30) DEFAULT NULL COMMENT '生成业务名',
  `function_name` varchar(50) DEFAULT NULL COMMENT '生成功能名',
  `function_author` varchar(50) DEFAULT NULL COMMENT '生成功能作者',
  `gen_type` char(1) DEFAULT '0' COMMENT '生成代码方式（0zip压缩包 1自定义路径）',
  `gen_path` varchar(200) DEFAULT '/' COMMENT '生成路径（不填默认项目路径）',
  `options` varchar(1000) DEFAULT NULL COMMENT '其它生成选项',
  `create_by` varchar(64) DEFAULT '' COMMENT '创建者',
  `create_time` datetime DEFAULT NULL COMMENT '创建时间',
  `update_by` varchar(64) DEFAULT '' COMMENT '更新者',
  `update_time` datetime DEFAULT NULL COMMENT '更新时间',
  `remark` varchar(500) DEFAULT NULL COMMENT '备注',
  PRIMARY KEY (`table_id`)
) ENGINE=InnoDB AUTO_INCREMENT=22 DEFAULT CHARSET=utf8mb4 COLLATE=utf8mb4_0900_ai_ci COMMENT='代码生成业务表';

-- ----------------------------
-- Records of gen_table
-- ----------------------------
INSERT INTO `gen_table` VALUES ('1', 'wx_corp_account', '企业id相关配置', 'WxCorpAccount', 'crud', 'com.ruoyi.wechat', 'wechat', 'corp', '企业id相关配置', 'ruoyi', '0', '/', '{}', 'admin', '2020-08-24 22:51:50', '', '2020-08-24 22:54:25', null);
INSERT INTO `gen_table` VALUES ('2', 'we_user', '通讯录相关客户', 'WeUser', 'crud', 'com.linkwechat.wecom', 'wecom', 'user', '通讯录相关客户', 'ruoyi', '0', '/', '{}', 'admin', '2020-08-31 23:18:32', '', '2020-08-31 23:21:13', null);
INSERT INTO `gen_table` VALUES ('3', 'we_department', '企业微信组织架构相关', 'WeDepartment', 'crud', 'com.linkwechat.wecom', 'wecom', 'department', '企业微信组织架构相关', 'ruoyi', '0', '/', '{}', 'admin', '2020-08-31 23:59:43', '', '2020-09-01 00:00:45', null);
INSERT INTO `gen_table` VALUES ('4', 'we_tag', '企业微信标签', 'WeTag', 'crud', 'com.linkwechat.wecom', 'wecom', 'tag', '企业微信标签', 'ruoyi', '0', '/', '{}', 'admin', '2020-09-07 23:54:40', '', '2020-09-07 23:55:36', null);
INSERT INTO `gen_table` VALUES ('5', 'we_tag_group', '标签组', 'WeTagGroup', 'crud', 'com.linkwechat.wecom', 'wecom', 'group', '标签组', 'ruoyi', '0', '/', '{}', 'admin', '2020-09-07 23:54:40', '', '2020-09-07 23:56:17', null);
INSERT INTO `gen_table` VALUES ('7', 'we_customer_tag_rel', '客户标签关系表', 'WeCustomerTagRel', 'crud', 'com.linkwechat.wecom', 'wecom', 'rel', '客户标签关系', 'ruoyi', '0', '/', '{}', 'admin', '2020-09-13 18:16:14', '', '2020-09-13 18:17:13', null);
INSERT INTO `gen_table` VALUES ('8', 'we_flower_customer_rel', '具有外部联系人功能企业员工也客户的关系表', 'WeFlowerCustomerRel', 'crud', 'com.linkwechat.wecom', 'wecom', 'rel', '具有外部联系人功能企业员工也客户的关系', 'ruoyi', '0', '/', '{}', 'admin', '2020-09-19 16:25:47', '', '2020-09-19 16:26:39', null);
INSERT INTO `gen_table` VALUES ('9', 'we_flower_customer_tag_rel', '客户标签关系表', 'WeFlowerCustomerTagRel', 'crud', 'com.linkwechat.wecom', 'wecom', 'rel', '客户标签关系', 'ruoyi', '0', '/', '{}', 'admin', '2020-09-19 16:26:06', '', '2020-09-19 16:26:52', null);
INSERT INTO `gen_table` VALUES ('10', 'we_customer', '企业微信客户表', 'WeCustomer', 'crud', 'com.linkwechat.wecom', 'wecom', 'customer', '企业微信客户', 'ruoyi', '0', '/', '{}', 'admin', '2020-09-19 19:52:25', '', '2020-09-19 19:52:48', null);
INSERT INTO `gen_table` VALUES ('11', 'we_group', '企业微信群', 'WeGroup', 'crud', 'com.linkwechat.wecom', 'wecom', 'group', '企业微信群', 'ruoyi', '0', '/', '{}', 'admin', '2020-09-20 21:31:31', '', '2020-09-20 21:32:09', null);
INSERT INTO `gen_table` VALUES ('13', 'we_group_member', '企业微信群成员', 'WeGroupMember', 'crud', 'com.linkwechat.wecom', 'wecom', 'member', '企业微信群成员', 'ruoyi', '0', '/', '{}', 'admin', '2020-09-20 21:40:50', '', '2020-09-20 21:41:17', null);
INSERT INTO `gen_table` VALUES ('15', 'we_msg_tlp_scope', '模板使用人员范围', 'WeMsgTlpScope', 'crud', 'com.linkwechat.wecom', 'wecom', 'scope', '模板使用人员范围', 'ruoyi', '0', '/', '{}', 'admin', '2020-10-04 14:32:57', '', '2020-10-04 14:36:23', null);
INSERT INTO `gen_table` VALUES ('16', 'we_msg_tlp', '欢迎语模板表', 'WeMsgTlp', 'crud', 'com.linkwechat.wecom', 'wecom', 'tlp', '欢迎语模板', 'ruoyi', '0', '/', '{}', 'admin', '2020-10-04 14:39:16', '', '2020-10-04 14:39:40', null);
INSERT INTO `gen_table` VALUES ('17', 'we_emple_code', '员工活码表', 'WeEmpleCode', 'crud', 'com.linkwechat.wecom', 'wecom', 'code', '员工活码', 'ruoyi', '0', '/', '{}', 'admin', '2020-10-04 22:40:31', '', '2020-10-04 22:41:08', null);
INSERT INTO `gen_table` VALUES ('18', 'we_emple_code_use_scop', '员工活码使用人', 'WeEmpleCodeUseScop', 'crud', 'com.linkwechat.wecom', 'wecom', 'scop', '员工活码使用人', 'ruoyi', '0', '/', '{}', 'admin', '2020-10-04 22:40:32', '', '2020-10-04 22:41:25', null);
INSERT INTO `gen_table` VALUES ('19', 'we_emple_code_tag', '员工活码标签', 'WeEmpleCodeTag', 'crud', 'com.linkwechat.wecom', 'wecom', 'tag', '员工活码标签', 'ruoyi', '0', '/', '{}', 'admin', '2020-10-04 23:30:33', '', '2020-10-04 23:33:28', null);
INSERT INTO `gen_table` VALUES ('20', 'we_group_code', '客户群活码', 'WeGroupCode', 'crud', 'com.linkwechat.wecom', 'wecom', 'code', '客户群活码', 'ruoyi', '0', '/', '{}', 'admin', '2020-10-07 18:46:58', '', '2020-10-07 18:48:14', null);
INSERT INTO `gen_table` VALUES ('21', 'we_group_code_actual', '实际群码', 'WeGroupCodeActual', 'crud', 'com.linkwechat.wecom', 'wecom', 'actual', '实际群码', 'ruoyi', '0', '/', '{}', 'admin', '2020-10-07 18:46:59', '', '2020-10-07 18:48:32', null);

-- ----------------------------
-- Table structure for gen_table_column
-- ----------------------------
DROP TABLE IF EXISTS `gen_table_column`;
CREATE TABLE `gen_table_column` (
  `column_id` bigint NOT NULL AUTO_INCREMENT COMMENT '编号',
  `table_id` varchar(64) DEFAULT NULL COMMENT '归属表编号',
  `column_name` varchar(200) DEFAULT NULL COMMENT '列名称',
  `column_comment` varchar(500) DEFAULT NULL COMMENT '列描述',
  `column_type` varchar(100) DEFAULT NULL COMMENT '列类型',
  `java_type` varchar(500) DEFAULT NULL COMMENT 'JAVA类型',
  `java_field` varchar(200) DEFAULT NULL COMMENT 'JAVA字段名',
  `is_pk` char(1) DEFAULT NULL COMMENT '是否主键（1是）',
  `is_increment` char(1) DEFAULT NULL COMMENT '是否自增（1是）',
  `is_required` char(1) DEFAULT NULL COMMENT '是否必填（1是）',
  `is_insert` char(1) DEFAULT NULL COMMENT '是否为插入字段（1是）',
  `is_edit` char(1) DEFAULT NULL COMMENT '是否编辑字段（1是）',
  `is_list` char(1) DEFAULT NULL COMMENT '是否列表字段（1是）',
  `is_query` char(1) DEFAULT NULL COMMENT '是否查询字段（1是）',
  `query_type` varchar(200) DEFAULT 'EQ' COMMENT '查询方式（等于、不等于、大于、小于、范围）',
  `html_type` varchar(200) DEFAULT NULL COMMENT '显示类型（文本框、文本域、下拉框、复选框、单选框、日期控件）',
  `dict_type` varchar(200) DEFAULT '' COMMENT '字典类型',
  `sort` int DEFAULT NULL COMMENT '排序',
  `create_by` varchar(64) DEFAULT '' COMMENT '创建者',
  `create_time` datetime DEFAULT NULL COMMENT '创建时间',
  `update_by` varchar(64) DEFAULT '' COMMENT '更新者',
  `update_time` datetime DEFAULT NULL COMMENT '更新时间',
  PRIMARY KEY (`column_id`)
) ENGINE=InnoDB AUTO_INCREMENT=156 DEFAULT CHARSET=utf8mb4 COLLATE=utf8mb4_0900_ai_ci COMMENT='代码生成业务表字段';

-- ----------------------------
-- Records of gen_table_column
-- ----------------------------
INSERT INTO `gen_table_column` VALUES ('1', '1', 'id', null, 'int', 'Long', 'id', '1', '1', null, '1', null, null, null, 'EQ', 'input', '', '1', 'admin', '2020-08-24 22:51:50', '', '2020-08-24 22:54:25');
INSERT INTO `gen_table_column` VALUES ('2', '1', 'company_name', '企业名称', 'varchar(100)', 'String', 'companyName', '0', '0', null, '1', '1', '1', '1', 'LIKE', 'input', '', '2', 'admin', '2020-08-24 22:51:50', '', '2020-08-24 22:54:25');
INSERT INTO `gen_table_column` VALUES ('3', '1', 'corp_id', '企业ID', 'varchar(64)', 'String', 'corpId', '0', '0', null, '1', '1', '1', '1', 'EQ', 'input', '', '3', 'admin', '2020-08-24 22:51:50', '', '2020-08-24 22:54:25');
INSERT INTO `gen_table_column` VALUES ('4', '1', 'corp_secret', '应用的密钥凭证', 'varchar(64)', 'String', 'corpSecret', '0', '0', null, '1', '1', '1', '1', 'EQ', 'input', '', '4', 'admin', '2020-08-24 22:51:50', '', '2020-08-24 22:54:25');
INSERT INTO `gen_table_column` VALUES ('5', '1', 'status', '帐号状态（0正常 1停用)', 'char(1)', 'String', 'status', '0', '0', null, '1', '1', '1', '1', 'EQ', 'radio', '', '5', 'admin', '2020-08-24 22:51:50', '', '2020-08-24 22:54:25');
INSERT INTO `gen_table_column` VALUES ('6', '1', 'del_flag', '删除标志（0代表存在 2代表删除）', 'char(1)', 'String', 'delFlag', '0', '0', null, '1', null, null, null, 'EQ', 'input', '', '6', 'admin', '2020-08-24 22:51:50', '', '2020-08-24 22:54:26');
INSERT INTO `gen_table_column` VALUES ('7', '1', 'create_by', null, 'varchar(64)', 'String', 'createBy', '0', '0', null, '1', null, null, null, 'EQ', 'input', '', '7', 'admin', '2020-08-24 22:51:50', '', '2020-08-24 22:54:26');
INSERT INTO `gen_table_column` VALUES ('8', '1', 'create_time', '创建时间', 'datetime', 'Date', 'createTime', '0', '0', null, '1', null, null, null, 'EQ', 'datetime', '', '8', 'admin', '2020-08-24 22:51:50', '', '2020-08-24 22:54:26');
INSERT INTO `gen_table_column` VALUES ('9', '1', 'update_by', null, 'varchar(64)', 'String', 'updateBy', '0', '0', null, '1', '1', null, null, 'EQ', 'input', '', '9', 'admin', '2020-08-24 22:51:50', '', '2020-08-24 22:54:26');
INSERT INTO `gen_table_column` VALUES ('10', '1', 'update_time', null, 'datetime', 'Date', 'updateTime', '0', '0', null, '1', '1', null, null, 'EQ', 'datetime', '', '10', 'admin', '2020-08-24 22:51:50', '', '2020-08-24 22:54:26');
INSERT INTO `gen_table_column` VALUES ('11', '2', 'id', null, 'bigint', 'Long', 'id', '1', '0', null, '1', null, null, null, 'EQ', 'input', '', '1', 'admin', '2020-08-31 23:18:32', '', '2020-08-31 23:21:13');
INSERT INTO `gen_table_column` VALUES ('12', '2', 'head_image_url', '头像地址', 'varchar(255)', 'String', 'headImageUrl', '0', '0', null, '1', '1', '1', '1', 'EQ', 'input', '', '2', 'admin', '2020-08-31 23:18:32', '', '2020-08-31 23:21:13');
INSERT INTO `gen_table_column` VALUES ('13', '2', 'user_name', '用户名称', 'varchar(200)', 'String', 'userName', '0', '0', null, '1', '1', '1', '1', 'LIKE', 'input', '', '3', 'admin', '2020-08-31 23:18:32', '', '2020-08-31 23:21:13');
INSERT INTO `gen_table_column` VALUES ('14', '2', 'alias', '用户昵称', 'varchar(100)', 'String', 'alias', '0', '0', null, '1', '1', '1', '1', 'EQ', 'input', '', '4', 'admin', '2020-08-31 23:18:32', '', '2020-08-31 23:21:13');
INSERT INTO `gen_table_column` VALUES ('15', '2', 'user_id', '账号', 'varchar(64)', 'String', 'userId', '0', '0', null, '1', '1', '1', '1', 'EQ', 'input', '', '5', 'admin', '2020-08-31 23:18:32', '', '2020-08-31 23:21:13');
INSERT INTO `gen_table_column` VALUES ('16', '2', 'gender', '性别。1表示男性，2表示女性', 'tinyint(1)', 'Integer', 'gender', '0', '0', null, '1', '1', '1', '1', 'EQ', 'input', '', '6', 'admin', '2020-08-31 23:18:32', '', '2020-08-31 23:21:13');
INSERT INTO `gen_table_column` VALUES ('17', '2', 'mobile', '手机号', 'char(11)', 'String', 'mobile', '0', '0', '1', '1', '1', '1', '1', 'EQ', 'input', '', '7', 'admin', '2020-08-31 23:18:32', '', '2020-08-31 23:21:13');
INSERT INTO `gen_table_column` VALUES ('18', '2', 'email', '邮箱', 'varchar(30)', 'String', 'email', '0', '0', null, '1', '1', '1', '1', 'EQ', 'input', '', '8', 'admin', '2020-08-31 23:18:32', '', '2020-08-31 23:21:13');
INSERT INTO `gen_table_column` VALUES ('19', '2', 'wx_account', '个人微信号', 'varchar(32)', 'String', 'wxAccount', '0', '0', null, '1', '1', '1', '1', 'EQ', 'input', '', '9', 'admin', '2020-08-31 23:18:32', '', '2020-08-31 23:21:13');
INSERT INTO `gen_table_column` VALUES ('20', '2', 'department', '用户所属部门,使用逗号隔开,字符串格式存储', 'tinytext', 'String', 'department', '0', '0', null, '1', '1', '1', '1', 'EQ', 'input', '', '10', 'admin', '2020-08-31 23:18:32', '', '2020-08-31 23:21:13');
INSERT INTO `gen_table_column` VALUES ('21', '2', 'position', '职务', 'varchar(300)', 'String', 'position', '0', '0', null, '1', '1', '1', '1', 'EQ', 'input', '', '11', 'admin', '2020-08-31 23:18:32', '', '2020-08-31 23:21:13');
INSERT INTO `gen_table_column` VALUES ('22', '2', 'is_leader_in_dept', '1表示为上级,0表示普通成员(非上级)。', 'tinyint', 'Long', 'isLeaderInDept', '0', '0', null, '1', '1', '1', '1', 'EQ', 'input', '', '12', 'admin', '2020-08-31 23:18:32', '', '2020-08-31 23:21:14');
INSERT INTO `gen_table_column` VALUES ('23', '2', 'join_time', '入职时间', 'date', 'Date', 'joinTime', '0', '0', null, '1', '1', '1', '1', 'EQ', 'datetime', '', '13', 'admin', '2020-08-31 23:18:32', '', '2020-08-31 23:21:14');
INSERT INTO `gen_table_column` VALUES ('24', '2', 'enable', '是否启用(1表示启用成员，0表示禁用成员)', 'tinyint', 'Long', 'enable', '0', '0', null, '1', '1', '1', '1', 'EQ', 'input', '', '14', 'admin', '2020-08-31 23:18:32', '', '2020-08-31 23:21:14');
INSERT INTO `gen_table_column` VALUES ('25', '2', 'id_card', '身份证号', 'char(18)', 'String', 'idCard', '0', '0', null, '1', '1', '1', '1', 'EQ', 'input', '', '15', 'admin', '2020-08-31 23:18:32', '', '2020-08-31 23:21:14');
INSERT INTO `gen_table_column` VALUES ('26', '2', 'qq_account', 'QQ号', 'varchar(20)', 'String', 'qqAccount', '0', '0', null, '1', '1', '1', '1', 'EQ', 'input', '', '16', 'admin', '2020-08-31 23:18:32', '', '2020-08-31 23:21:14');
INSERT INTO `gen_table_column` VALUES ('27', '2', 'telephone', '座机', 'varchar(32)', 'String', 'telephone', '0', '0', null, '1', '1', '1', '1', 'EQ', 'input', '', '17', 'admin', '2020-08-31 23:18:32', '', '2020-08-31 23:21:14');
INSERT INTO `gen_table_column` VALUES ('28', '2', 'address', '地址', 'varchar(300)', 'String', 'address', '0', '0', null, '1', '1', '1', '1', 'EQ', 'input', '', '18', 'admin', '2020-08-31 23:18:32', '', '2020-08-31 23:21:14');
INSERT INTO `gen_table_column` VALUES ('29', '2', 'birthday', '生日', 'date', 'Date', 'birthday', '0', '0', null, '1', '1', '1', '1', 'EQ', 'datetime', '', '19', 'admin', '2020-08-31 23:18:32', '', '2020-08-31 23:21:14');
INSERT INTO `gen_table_column` VALUES ('30', '2', 'remark', '备注', 'varchar(255)', 'String', 'remark', '0', '0', null, '1', '1', '1', null, 'EQ', 'input', '', '20', 'admin', '2020-08-31 23:18:32', '', '2020-08-31 23:21:14');
INSERT INTO `gen_table_column` VALUES ('31', '2', 'is_activate', '是否激活（1:是；2:否）该字段主要表示当前信息是否同步微信', 'tinyint', 'Long', 'isActivate', '0', '0', null, '1', '1', '1', '1', 'EQ', 'input', '', '21', 'admin', '2020-08-31 23:18:33', '', '2020-08-31 23:21:14');
INSERT INTO `gen_table_column` VALUES ('32', '3', 'id', null, 'bigint', 'Long', 'id', '1', '0', null, '1', null, null, null, 'EQ', 'input', '', '1', 'admin', '2020-08-31 23:59:43', '', '2020-09-01 00:00:45');
INSERT INTO `gen_table_column` VALUES ('33', '3', 'name', '部门名称', 'varchar(64)', 'String', 'name', '0', '0', '1', '1', '1', '1', '1', 'LIKE', 'input', '', '2', 'admin', '2020-08-31 23:59:43', '', '2020-09-01 00:00:45');
INSERT INTO `gen_table_column` VALUES ('34', '3', 'name_en', '部门英文名称', 'varchar(32)', 'String', 'nameEn', '0', '0', null, '1', '1', '1', '1', 'EQ', 'input', '', '3', 'admin', '2020-08-31 23:59:43', '', '2020-09-01 00:00:45');
INSERT INTO `gen_table_column` VALUES ('35', '3', 'parent_id', null, 'bigint', 'Long', 'parentId', '0', '0', '1', '1', '1', '1', '1', 'EQ', 'input', '', '4', 'admin', '2020-08-31 23:59:43', '', '2020-09-01 00:00:45');
INSERT INTO `gen_table_column` VALUES ('36', '3', 'is_activate', '是否激活（1:是；2:否）该字段主要表示当前信息是否同步微信', 'tinyint', 'Long', 'isActivate', '0', '0', null, '1', '1', '1', '1', 'EQ', 'input', '', '5', 'admin', '2020-08-31 23:59:43', '', '2020-09-01 00:00:45');
INSERT INTO `gen_table_column` VALUES ('37', '3', 'order', '在父部门中的次序值。order值大的排序靠前。', 'int', 'Long', 'order', '0', '0', null, '1', '1', '1', '1', 'EQ', 'input', '', '6', 'admin', '2020-08-31 23:59:43', '', '2020-09-01 00:00:45');
INSERT INTO `gen_table_column` VALUES ('38', '4', 'id', null, 'bigint', 'Long', 'id', '1', '0', null, '1', null, null, null, 'EQ', 'input', '', '1', 'admin', '2020-09-07 23:54:40', '', '2020-09-07 23:55:36');
INSERT INTO `gen_table_column` VALUES ('39', '4', 'group_id', '标签组id', 'bigint', 'Long', 'groupId', '0', '0', '1', '1', '1', '1', '1', 'EQ', 'input', '', '2', 'admin', '2020-09-07 23:54:40', '', '2020-09-07 23:55:36');
INSERT INTO `gen_table_column` VALUES ('40', '4', 'name', '标签名', 'varchar(50)', 'String', 'name', '0', '0', null, '1', '1', '1', '1', 'LIKE', 'input', '', '3', 'admin', '2020-09-07 23:54:40', '', '2020-09-07 23:55:36');
INSERT INTO `gen_table_column` VALUES ('41', '4', 'create_time', null, 'datetime', 'Date', 'createTime', '0', '0', null, '1', null, null, null, 'EQ', 'datetime', '', '4', 'admin', '2020-09-07 23:54:40', '', '2020-09-07 23:55:36');
INSERT INTO `gen_table_column` VALUES ('42', '4', 'order', '标签排序的次序值，order值大的排序靠前。', 'int', 'Long', 'order', '0', '0', null, '1', '1', '1', '1', 'EQ', 'input', '', '5', 'admin', '2020-09-07 23:54:40', '', '2020-09-07 23:55:36');
INSERT INTO `gen_table_column` VALUES ('43', '5', 'id', '标签组id', 'bigint', 'Long', 'id', '1', '0', null, '1', null, null, null, 'EQ', 'input', '', '1', 'admin', '2020-09-07 23:54:40', '', '2020-09-07 23:56:17');
INSERT INTO `gen_table_column` VALUES ('44', '5', 'gourp_name', null, 'varchar(50)', 'String', 'gourpName', '0', '0', null, '1', '1', '1', '1', 'LIKE', 'input', '', '2', 'admin', '2020-09-07 23:54:40', '', '2020-09-07 23:56:17');
INSERT INTO `gen_table_column` VALUES ('45', '5', 'create_time', null, 'datetime', 'Date', 'createTime', '0', '0', null, '1', null, null, null, 'EQ', 'datetime', '', '3', 'admin', '2020-09-07 23:54:40', '', '2020-09-07 23:56:17');
INSERT INTO `gen_table_column` VALUES ('46', '5', 'order', '标签组排序的次序值，order值大的排序靠前', 'int', 'Long', 'order', '0', '0', null, '1', '1', '1', '1', 'EQ', 'input', '', '4', 'admin', '2020-09-07 23:54:40', '', '2020-09-07 23:56:18');
INSERT INTO `gen_table_column` VALUES ('62', '7', 'id', null, 'bigint', 'Long', 'id', '1', '0', null, '1', null, null, null, 'EQ', 'input', '', '1', 'admin', '2020-09-13 18:16:14', '', '2020-09-13 18:17:13');
INSERT INTO `gen_table_column` VALUES ('63', '7', 'customer_id', '客户id', 'bigint', 'Long', 'customerId', '0', '0', '1', '1', '1', '1', '1', 'EQ', 'input', '', '2', 'admin', '2020-09-13 18:16:14', '', '2020-09-13 18:17:13');
INSERT INTO `gen_table_column` VALUES ('64', '7', 'tag_id', '标签id', 'bigint', 'Long', 'tagId', '0', '0', '1', '1', '1', '1', '1', 'EQ', 'input', '', '3', 'admin', '2020-09-13 18:16:14', '', '2020-09-13 18:17:13');
INSERT INTO `gen_table_column` VALUES ('65', '7', 'create_time', null, 'datetime', 'Date', 'createTime', '0', '0', null, '1', null, null, null, 'EQ', 'datetime', '', '4', 'admin', '2020-09-13 18:16:14', '', '2020-09-13 18:17:13');
INSERT INTO `gen_table_column` VALUES ('66', '8', 'id', null, 'bigint', 'Long', 'id', '1', '0', null, '1', null, null, null, 'EQ', 'input', '', '1', 'admin', '2020-09-19 16:25:48', '', '2020-09-19 16:26:39');
INSERT INTO `gen_table_column` VALUES ('67', '8', 'user_id', '添加了此外部联系人的企业成员userid', 'varchar(32)', 'String', 'userId', '0', '0', null, '1', '1', '1', '1', 'EQ', 'input', '', '2', 'admin', '2020-09-19 16:25:48', '', '2020-09-19 16:26:39');
INSERT INTO `gen_table_column` VALUES ('68', '8', 'remark', '该成员对此外部联系人的备注', 'varchar(100)', 'String', 'remark', '0', '0', null, '1', '1', '1', null, 'EQ', 'input', '', '3', 'admin', '2020-09-19 16:25:48', '', '2020-09-19 16:26:39');
INSERT INTO `gen_table_column` VALUES ('69', '8', 'description', '该成员对此外部联系人的描述', 'tinytext', 'String', 'description', '0', '0', null, '1', '1', '1', '1', 'EQ', 'input', '', '4', 'admin', '2020-09-19 16:25:48', '', '2020-09-19 16:26:39');
INSERT INTO `gen_table_column` VALUES ('70', '8', 'create_time', '该成员添加此外部联系人的时间', 'datetime', 'Date', 'createTime', '0', '0', null, '1', null, null, null, 'EQ', 'datetime', '', '5', 'admin', '2020-09-19 16:25:48', '', '2020-09-19 16:26:39');
INSERT INTO `gen_table_column` VALUES ('71', '8', 'remark_corp_name', '该成员对此客户备注的企业名称\r\n', 'varchar(100)', 'String', 'remarkCorpName', '0', '0', null, '1', '1', '1', '1', 'LIKE', 'input', '', '6', 'admin', '2020-09-19 16:25:48', '', '2020-09-19 16:26:39');
INSERT INTO `gen_table_column` VALUES ('72', '8', 'remark_mobiles', '该成员对此客户备注的手机号码', 'varchar(255)', 'String', 'remarkMobiles', '0', '0', null, '1', '1', '1', '1', 'EQ', 'input', '', '7', 'admin', '2020-09-19 16:25:48', '', '2020-09-19 16:26:39');
INSERT INTO `gen_table_column` VALUES ('73', '8', 'oper_userid', '发起添加的userid，如果成员主动添加，为成员的userid；如果是客户主动添加，则为客户的外部联系人userid；如果是内部成员共享/管理员分配，则为对应的成员/管理员userid', 'varchar(32)', 'String', 'operUserid', '0', '0', null, '1', '1', '1', '1', 'EQ', 'input', '', '8', 'admin', '2020-09-19 16:25:48', '', '2020-09-19 16:26:39');
INSERT INTO `gen_table_column` VALUES ('74', '8', 'add_way', '该成员添加此客户的来源，', 'varchar(30)', 'String', 'addWay', '0', '0', null, '1', '1', '1', '1', 'EQ', 'input', '', '9', 'admin', '2020-09-19 16:25:48', '', '2020-09-19 16:26:40');
INSERT INTO `gen_table_column` VALUES ('75', '8', 'state', '企业自定义的state参数，用于区分客户具体是通过哪个「联系我」添加，由企业通过创建「联系我」方式指定', 'varchar(30)', 'String', 'state', '0', '0', null, '1', '1', '1', '1', 'EQ', 'input', '', '10', 'admin', '2020-09-19 16:25:48', '', '2020-09-19 16:26:40');
INSERT INTO `gen_table_column` VALUES ('76', '8', 'customer_id', '客户id', 'bigint', 'Long', 'customerId', '0', '0', null, '1', '1', '1', '1', 'EQ', 'input', '', '11', 'admin', '2020-09-19 16:25:48', '', '2020-09-19 16:26:40');
INSERT INTO `gen_table_column` VALUES ('77', '9', 'id', null, 'bigint', 'Long', 'id', '1', '0', null, '1', null, null, null, 'EQ', 'input', '', '1', 'admin', '2020-09-19 16:26:06', '', '2020-09-19 16:26:52');
INSERT INTO `gen_table_column` VALUES ('78', '9', 'flower_customer_rel_id', '添加客户的企业微信用户', 'bigint', 'Long', 'flowerCustomerRelId', '0', '0', '1', '1', '1', '1', '1', 'EQ', 'input', '', '2', 'admin', '2020-09-19 16:26:06', '', '2020-09-19 16:26:52');
INSERT INTO `gen_table_column` VALUES ('79', '9', 'tag_id', '标签id', 'bigint', 'Long', 'tagId', '0', '0', '1', '1', '1', '1', '1', 'EQ', 'input', '', '3', 'admin', '2020-09-19 16:26:06', '', '2020-09-19 16:26:52');
INSERT INTO `gen_table_column` VALUES ('80', '9', 'create_time', null, 'datetime', 'Date', 'createTime', '0', '0', null, '1', null, null, null, 'EQ', 'datetime', '', '4', 'admin', '2020-09-19 16:26:06', '', '2020-09-19 16:26:52');
INSERT INTO `gen_table_column` VALUES ('81', '10', 'id', null, 'bigint', 'Long', 'id', '1', '0', null, '1', null, null, null, 'EQ', 'input', '', '1', 'admin', '2020-09-19 19:52:25', '', '2020-09-19 19:52:48');
INSERT INTO `gen_table_column` VALUES ('82', '10', 'external_userid', '外部联系人的userid', 'varchar(32)', 'String', 'externalUserid', '0', '0', null, '1', '1', '1', '1', 'EQ', 'input', '', '2', 'admin', '2020-09-19 19:52:25', '', '2020-09-19 19:52:48');
INSERT INTO `gen_table_column` VALUES ('83', '10', 'name', '外部联系人名称', 'varchar(32)', 'String', 'name', '0', '0', null, '1', '1', '1', '1', 'LIKE', 'input', '', '3', 'admin', '2020-09-19 19:52:25', '', '2020-09-19 19:52:48');
INSERT INTO `gen_table_column` VALUES ('84', '10', 'avatar', '外部联系人头像', 'varchar(100)', 'String', 'avatar', '0', '0', null, '1', '1', '1', '1', 'EQ', 'input', '', '4', 'admin', '2020-09-19 19:52:25', '', '2020-09-19 19:52:48');
INSERT INTO `gen_table_column` VALUES ('85', '10', 'type', '外部联系人的类型，1表示该外部联系人是微信用户，2表示该外部联系人是企业微信用户', 'tinyint', 'Long', 'type', '0', '0', null, '1', '1', '1', '1', 'EQ', 'select', '', '5', 'admin', '2020-09-19 19:52:25', '', '2020-09-19 19:52:48');
INSERT INTO `gen_table_column` VALUES ('86', '10', 'gender', '外部联系人性别 0-未知 1-男性 2-女性', 'tinyint', 'Long', 'gender', '0', '0', null, '1', '1', '1', '1', 'EQ', 'input', '', '6', 'admin', '2020-09-19 19:52:25', '', '2020-09-19 19:52:48');
INSERT INTO `gen_table_column` VALUES ('87', '10', 'unionid', '外部联系人在微信开放平台的唯一身份标识,通过此字段企业可将外部联系人与公众号/小程序用户关联起来。', 'varchar(32)', 'String', 'unionid', '0', '0', null, '1', '1', '1', '1', 'EQ', 'input', '', '7', 'admin', '2020-09-19 19:52:25', '', '2020-09-19 19:52:48');
INSERT INTO `gen_table_column` VALUES ('88', '10', 'birthday', '生日', 'datetime', 'Date', 'birthday', '0', '0', null, '1', '1', '1', '1', 'EQ', 'datetime', '', '8', 'admin', '2020-09-19 19:52:25', '', '2020-09-19 19:52:48');
INSERT INTO `gen_table_column` VALUES ('89', '10', 'corp_name', '客户企业简称', 'varchar(100)', 'String', 'corpName', '0', '0', null, '1', '1', '1', '1', 'LIKE', 'input', '', '9', 'admin', '2020-09-19 19:52:26', '', '2020-09-19 19:52:48');
INSERT INTO `gen_table_column` VALUES ('90', '10', 'corp_full_name', '客户企业全称', 'varchar(100)', 'String', 'corpFullName', '0', '0', null, '1', '1', '1', '1', 'LIKE', 'input', '', '10', 'admin', '2020-09-19 19:52:26', '', '2020-09-19 19:52:49');
INSERT INTO `gen_table_column` VALUES ('91', '10', 'position', '客户职位', 'varchar(100)', 'String', 'position', '0', '0', null, '1', '1', '1', '1', 'EQ', 'input', '', '11', 'admin', '2020-09-19 19:52:26', '', '2020-09-19 19:52:49');
INSERT INTO `gen_table_column` VALUES ('92', '11', 'id', null, 'bigint', 'Long', 'id', '1', '0', null, '1', null, null, null, 'EQ', 'input', '', '1', 'admin', '2020-09-20 21:31:31', '', '2020-09-20 21:32:09');
INSERT INTO `gen_table_column` VALUES ('93', '11', 'group_name', '群名', 'varchar(20)', 'String', 'groupName', '0', '0', null, '1', '1', '1', '1', 'LIKE', 'input', '', '2', 'admin', '2020-09-20 21:31:31', '', '2020-09-20 21:32:09');
INSERT INTO `gen_table_column` VALUES ('94', '11', 'member_num', '群成员数', 'int', 'Long', 'memberNum', '0', '0', null, '1', '1', '1', '1', 'EQ', 'input', '', '3', 'admin', '2020-09-20 21:31:31', '', '2020-09-20 21:32:09');
INSERT INTO `gen_table_column` VALUES ('95', '11', 'group_leader', '群主', 'varchar(20)', 'String', 'groupLeader', '0', '0', null, '1', '1', '1', '1', 'EQ', 'input', '', '4', 'admin', '2020-09-20 21:31:31', '', '2020-09-20 21:32:09');
INSERT INTO `gen_table_column` VALUES ('96', '11', 'create_time', '创建时间', 'timestamp', 'Date', 'createTime', '0', '0', null, '1', null, null, null, 'EQ', 'datetime', '', '5', 'admin', '2020-09-20 21:31:31', '', '2020-09-20 21:32:09');
INSERT INTO `gen_table_column` VALUES ('97', '11', 'notice', '群公告', 'varchar(100)', 'String', 'notice', '0', '0', null, '1', '1', '1', '1', 'EQ', 'input', '', '6', 'admin', '2020-09-20 21:31:31', '', '2020-09-20 21:32:09');
INSERT INTO `gen_table_column` VALUES ('103', '13', 'id', null, 'bigint', 'Long', 'id', '1', '0', null, '1', null, null, null, 'EQ', 'input', '', '1', 'admin', '2020-09-20 21:40:50', '', '2020-09-20 21:41:17');
INSERT INTO `gen_table_column` VALUES ('104', '13', 'group_id', '群id', 'bigint', 'Long', 'groupId', '0', '0', null, '1', '1', '1', '1', 'EQ', 'input', '', '2', 'admin', '2020-09-20 21:40:50', '', '2020-09-20 21:41:17');
INSERT INTO `gen_table_column` VALUES ('105', '13', 'member_name', '成员名称', 'varchar(50)', 'String', 'memberName', '0', '0', null, '1', '1', '1', '1', 'LIKE', 'input', '', '3', 'admin', '2020-09-20 21:40:50', '', '2020-09-20 21:41:17');
INSERT INTO `gen_table_column` VALUES ('106', '13', 'join_time', '加群时间', 'timestamp', 'Date', 'joinTime', '0', '0', null, '1', '1', '1', '1', 'EQ', 'datetime', '', '4', 'admin', '2020-09-20 21:40:51', '', '2020-09-20 21:41:17');
INSERT INTO `gen_table_column` VALUES ('107', '13', 'join_type', '进群方式', 'tinyint', 'Long', 'joinType', '0', '0', null, '1', '1', '1', '1', 'EQ', 'select', '', '5', 'admin', '2020-09-20 21:40:51', '', '2020-09-20 21:41:17');
INSERT INTO `gen_table_column` VALUES ('113', '15', 'id', null, 'bigint', 'Long', 'id', '1', '0', null, '1', null, null, null, 'EQ', 'input', '', '1', 'admin', '2020-10-04 14:32:57', '', '2020-10-04 14:36:23');
INSERT INTO `gen_table_column` VALUES ('114', '15', 'msg_tlp_id', '模板id', 'bigint', 'Long', 'msgTlpId', '0', '0', null, '1', '1', '1', '1', 'EQ', 'input', '', '2', 'admin', '2020-10-04 14:32:57', '', '2020-10-04 14:36:23');
INSERT INTO `gen_table_column` VALUES ('115', '15', 'use_user_id', '使用人id', 'bigint', 'Long', 'useUserId', '0', '0', null, '1', '1', '1', '1', 'EQ', 'input', '', '3', 'admin', '2020-10-04 14:32:57', '', '2020-10-04 14:36:23');
INSERT INTO `gen_table_column` VALUES ('116', '15', 'del_flag', '0:正常;2:删除;', 'tinyint', 'Long', 'delFlag', '0', '0', null, '1', null, null, null, 'EQ', 'input', '', '4', 'admin', '2020-10-04 14:32:57', '', '2020-10-04 14:36:23');
INSERT INTO `gen_table_column` VALUES ('117', '16', 'id', null, 'bigint', 'Long', 'id', '1', '0', null, '1', null, null, null, 'EQ', 'input', '', '1', 'admin', '2020-10-04 14:39:16', '', '2020-10-04 14:39:40');
INSERT INTO `gen_table_column` VALUES ('118', '16', 'welcome_msg', '欢迎语', 'varchar(255)', 'String', 'welcomeMsg', '0', '0', null, '1', '1', '1', '1', 'EQ', 'input', '', '2', 'admin', '2020-10-04 14:39:16', '', '2020-10-04 14:39:40');
INSERT INTO `gen_table_column` VALUES ('119', '16', 'media_id', '素材的id', 'bigint', 'Long', 'mediaId', '0', '0', null, '1', '1', '1', '1', 'EQ', 'input', '', '3', 'admin', '2020-10-04 14:39:17', '', '2020-10-04 14:39:40');
INSERT INTO `gen_table_column` VALUES ('120', '16', 'del_flag', '0:正常;1:删除;', 'tinyint', 'Long', 'delFlag', '0', '0', null, '1', null, null, null, 'EQ', 'input', '', '4', 'admin', '2020-10-04 14:39:17', '', '2020-10-04 14:39:41');
INSERT INTO `gen_table_column` VALUES ('121', '16', 'welcome_msg_tpl_type', '欢迎语模板类型:1:员工欢迎语;2:部门员工欢迎语;3:客户群欢迎语', 'tinyint', 'Long', 'welcomeMsgTplType', '0', '0', null, '1', '1', '1', '1', 'EQ', 'select', '', '5', 'admin', '2020-10-04 14:39:17', '', '2020-10-04 14:39:41');
INSERT INTO `gen_table_column` VALUES ('122', '17', 'id', null, 'bigint', 'Long', 'id', '1', '0', null, '1', null, null, null, 'EQ', 'input', '', '1', 'admin', '2020-10-04 22:40:31', '', '2020-10-04 22:41:09');
INSERT INTO `gen_table_column` VALUES ('123', '17', 'code_type', '活码类型:1:批量;2:单人;3:多人;', 'tinyint', 'Long', 'codeType', '0', '0', null, '1', '1', '1', '1', 'EQ', 'select', '', '2', 'admin', '2020-10-04 22:40:31', '', '2020-10-04 22:41:09');
INSERT INTO `gen_table_column` VALUES ('124', '17', 'is_join_confirm_friends', '客户添加时无需经过确认自动成为好友:1:是;0:否', 'tinyint', 'Long', 'isJoinConfirmFriends', '0', '0', null, '1', '1', '1', '1', 'EQ', 'input', '', '3', 'admin', '2020-10-04 22:40:31', '', '2020-10-04 22:41:09');
INSERT INTO `gen_table_column` VALUES ('125', '17', 'activity_scene', '活动场景', 'varchar(70)', 'String', 'activityScene', '0', '0', null, '1', '1', '1', '1', 'EQ', 'input', '', '4', 'admin', '2020-10-04 22:40:31', '', '2020-10-04 22:41:09');
INSERT INTO `gen_table_column` VALUES ('126', '17', 'welcome_msg', '欢迎语', 'bigint', 'Long', 'welcomeMsg', '0', '0', null, '1', '1', '1', '1', 'EQ', 'input', '', '5', 'admin', '2020-10-04 22:40:31', '', '2020-10-04 22:41:09');
INSERT INTO `gen_table_column` VALUES ('127', '17', 'create_by', '创建人', 'varchar(64)', 'String', 'createBy', '0', '0', null, '1', null, null, null, 'EQ', 'input', '', '6', 'admin', '2020-10-04 22:40:31', '', '2020-10-04 22:41:09');
INSERT INTO `gen_table_column` VALUES ('128', '17', 'create_time', '创建时间', 'datetime', 'Date', 'createTime', '0', '0', null, '1', null, null, null, 'EQ', 'datetime', '', '7', 'admin', '2020-10-04 22:40:31', '', '2020-10-04 22:41:09');
INSERT INTO `gen_table_column` VALUES ('129', '17', 'del_flag', '0:正常;1:删除;', 'tinyint', 'Long', 'delFlag', '0', '0', null, '1', null, null, null, 'EQ', 'input', '', '8', 'admin', '2020-10-04 22:40:31', '', '2020-10-04 22:41:09');
INSERT INTO `gen_table_column` VALUES ('130', '18', 'id', null, 'bigint', 'Long', 'id', '1', '0', null, '1', null, null, null, 'EQ', 'input', '', '1', 'admin', '2020-10-04 22:40:32', '', '2020-10-04 22:41:25');
INSERT INTO `gen_table_column` VALUES ('131', '18', 'emple_code_id', '员工活码id', 'bigint', 'Long', 'empleCodeId', '0', '0', null, '1', '1', '1', '1', 'EQ', 'input', '', '2', 'admin', '2020-10-04 22:40:32', '', '2020-10-04 22:41:25');
INSERT INTO `gen_table_column` VALUES ('132', '18', 'use_user_id', '活码类型下业务使用人的id', 'bigint', 'Long', 'useUserId', '0', '0', null, '1', '1', '1', '1', 'EQ', 'input', '', '3', 'admin', '2020-10-04 22:40:32', '', '2020-10-04 22:41:25');
INSERT INTO `gen_table_column` VALUES ('133', '18', 'del_flag', '0:正常;2:删除;', 'tinyint', 'Long', 'delFlag', '0', '0', null, '1', null, null, null, 'EQ', 'input', '', '4', 'admin', '2020-10-04 22:40:32', '', '2020-10-04 22:41:25');
INSERT INTO `gen_table_column` VALUES ('134', '19', 'id', null, 'bigint', 'Long', 'id', '1', '0', null, '1', null, null, null, 'EQ', 'input', '', '1', 'admin', '2020-10-04 23:30:33', '', '2020-10-04 23:33:28');
INSERT INTO `gen_table_column` VALUES ('135', '19', 'tag_id', '标签id', 'bigint', 'Long', 'tagId', '0', '0', null, '1', '1', '1', '1', 'EQ', 'input', '', '2', 'admin', '2020-10-04 23:30:33', '', '2020-10-04 23:33:28');
INSERT INTO `gen_table_column` VALUES ('136', '19', 'emple_code_id', '员工活码id', 'bigint', 'Long', 'empleCodeId', '0', '0', null, '1', '1', '1', '1', 'EQ', 'input', '', '3', 'admin', '2020-10-04 23:30:33', '', '2020-10-04 23:33:28');
INSERT INTO `gen_table_column` VALUES ('137', '19', 'del_flag', '0:正常;2:删除;', 'tinyint', 'Long', 'delFlag', '0', '0', null, '1', null, null, null, 'EQ', 'input', '', '4', 'admin', '2020-10-04 23:30:33', '', '2020-10-04 23:33:28');
INSERT INTO `gen_table_column` VALUES ('138', '20', 'id', null, 'bigint', 'Long', 'id', '1', '0', null, '1', null, null, null, 'EQ', 'input', '', '1', 'admin', '2020-10-07 18:46:58', '', '2020-10-07 18:48:14');
INSERT INTO `gen_table_column` VALUES ('139', '20', 'activity_head_url', '活动头像', 'varchar(60)', 'String', 'activityHeadUrl', '0', '0', null, '1', '1', '1', '1', 'EQ', 'input', '', '2', 'admin', '2020-10-07 18:46:58', '', '2020-10-07 18:48:14');
INSERT INTO `gen_table_column` VALUES ('140', '20', 'activity_name', '活动名称', 'varchar(60)', 'String', 'activityName', '0', '0', null, '1', '1', '1', '1', 'LIKE', 'input', '', '3', 'admin', '2020-10-07 18:46:58', '', '2020-10-07 18:48:14');
INSERT INTO `gen_table_column` VALUES ('141', '20', 'activity_scene', '场景', 'varchar(60)', 'String', 'activityScene', '0', '0', null, '1', '1', '1', '1', 'EQ', 'input', '', '4', 'admin', '2020-10-07 18:46:58', '', '2020-10-07 18:48:14');
INSERT INTO `gen_table_column` VALUES ('142', '20', 'guide', '引导语', 'varchar(60)', 'String', 'guide', '0', '0', null, '1', '1', '1', '1', 'EQ', 'input', '', '5', 'admin', '2020-10-07 18:46:59', '', '2020-10-07 18:48:14');
INSERT INTO `gen_table_column` VALUES ('143', '20', 'join_group_is_tip', '进群是否提示:1:是;0:否;', 'tinyint', 'Long', 'joinGroupIsTip', '0', '0', null, '1', '1', '1', '1', 'EQ', 'input', '', '6', 'admin', '2020-10-07 18:46:59', '', '2020-10-07 18:48:14');
INSERT INTO `gen_table_column` VALUES ('144', '20', 'tip_msg', '进群提示语', 'varchar(100)', 'String', 'tipMsg', '0', '0', null, '1', '1', '1', '1', 'EQ', 'input', '', '7', 'admin', '2020-10-07 18:46:59', '', '2020-10-07 18:48:14');
INSERT INTO `gen_table_column` VALUES ('145', '20', 'customer_server_qr_code', '客服二维码', 'varchar(100)', 'String', 'customerServerQrCode', '0', '0', null, '1', '1', '1', '1', 'EQ', 'input', '', '8', 'admin', '2020-10-07 18:46:59', '', '2020-10-07 18:48:14');
INSERT INTO `gen_table_column` VALUES ('146', '20', 'del_flag', '0:正常;2:删除;', 'tinyint', 'Long', 'delFlag', '0', '0', null, '1', null, null, null, 'EQ', 'input', '', '9', 'admin', '2020-10-07 18:46:59', '', '2020-10-07 18:48:14');
INSERT INTO `gen_table_column` VALUES ('147', '21', 'id', null, 'bigint', 'Long', 'id', '1', '0', null, '1', null, null, null, 'EQ', 'input', '', '1', 'admin', '2020-10-07 18:46:59', '', '2020-10-07 18:48:32');
INSERT INTO `gen_table_column` VALUES ('148', '21', 'actual_group_qr_code', '实际群码', 'varchar(100)', 'String', 'actualGroupQrCode', '0', '0', null, '1', '1', '1', '1', 'EQ', 'input', '', '2', 'admin', '2020-10-07 18:46:59', '', '2020-10-07 18:48:32');
INSERT INTO `gen_table_column` VALUES ('149', '21', 'group_name', '群名称', 'varchar(100)', 'String', 'groupName', '0', '0', null, '1', '1', '1', '1', 'LIKE', 'input', '', '3', 'admin', '2020-10-07 18:46:59', '', '2020-10-07 18:48:32');
INSERT INTO `gen_table_column` VALUES ('150', '21', 'effect_time', '有效期', 'datetime', 'Date', 'effectTime', '0', '0', null, '1', '1', '1', '1', 'EQ', 'datetime', '', '4', 'admin', '2020-10-07 18:46:59', '', '2020-10-07 18:48:32');
INSERT INTO `gen_table_column` VALUES ('151', '21', 'scan_code_times_limit', '扫码次数限制', 'int', 'Long', 'scanCodeTimesLimit', '0', '0', null, '1', '1', '1', '1', 'EQ', 'input', '', '5', 'admin', '2020-10-07 18:46:59', '', '2020-10-07 18:48:32');
INSERT INTO `gen_table_column` VALUES ('152', '21', 'group_code_id', '群活码id', 'bigint', 'Long', 'groupCodeId', '0', '0', null, '1', '1', '1', '1', 'EQ', 'input', '', '6', 'admin', '2020-10-07 18:46:59', '', '2020-10-07 18:48:32');
INSERT INTO `gen_table_column` VALUES ('153', '21', 'scan_code_times', '扫码次数', 'int', 'Long', 'scanCodeTimes', '0', '0', null, '1', '1', '1', '1', 'EQ', 'input', '', '7', 'admin', '2020-10-07 18:46:59', '', '2020-10-07 18:48:32');
INSERT INTO `gen_table_column` VALUES ('154', '21', 'del_flag', '0:正常使用;2:删除;', 'tinyint', 'Long', 'delFlag', '0', '0', null, '1', null, null, null, 'EQ', 'input', '', '8', 'admin', '2020-10-07 18:46:59', '', '2020-10-07 18:48:32');
INSERT INTO `gen_table_column` VALUES ('155', '21', 'status', '0:使用中', 'tinyint', 'Long', 'status', '0', '0', null, '1', '1', '1', '1', 'EQ', 'radio', '', '9', 'admin', '2020-10-07 18:46:59', '', '2020-10-07 18:48:32');

-- ----------------------------
-- Table structure for QRTZ_BLOB_TRIGGERS
-- ----------------------------
DROP TABLE IF EXISTS `QRTZ_BLOB_TRIGGERS`;
CREATE TABLE `QRTZ_BLOB_TRIGGERS` (
  `sched_name` varchar(120) NOT NULL,
  `trigger_name` varchar(200) NOT NULL,
  `trigger_group` varchar(200) NOT NULL,
  `blob_data` blob,
  PRIMARY KEY (`sched_name`,`trigger_name`,`trigger_group`),
  CONSTRAINT `QRTZ_BLOB_TRIGGERS_ibfk_1` FOREIGN KEY (`sched_name`, `trigger_name`, `trigger_group`) REFERENCES `QRTZ_TRIGGERS` (`sched_name`, `trigger_name`, `trigger_group`)
) ENGINE=InnoDB DEFAULT CHARSET=utf8mb4 COLLATE=utf8mb4_0900_ai_ci;

-- ----------------------------
-- Records of QRTZ_BLOB_TRIGGERS
-- ----------------------------

-- ----------------------------
-- Table structure for QRTZ_CALENDARS
-- ----------------------------
DROP TABLE IF EXISTS `QRTZ_CALENDARS`;
CREATE TABLE `QRTZ_CALENDARS` (
  `sched_name` varchar(120) NOT NULL,
  `calendar_name` varchar(200) NOT NULL,
  `calendar` blob NOT NULL,
  PRIMARY KEY (`sched_name`,`calendar_name`)
) ENGINE=InnoDB DEFAULT CHARSET=utf8mb4 COLLATE=utf8mb4_0900_ai_ci;

-- ----------------------------
-- Records of QRTZ_CALENDARS
-- ----------------------------

-- ----------------------------
-- Table structure for QRTZ_CRON_TRIGGERS
-- ----------------------------
DROP TABLE IF EXISTS `QRTZ_CRON_TRIGGERS`;
CREATE TABLE `QRTZ_CRON_TRIGGERS` (
  `sched_name` varchar(120) NOT NULL,
  `trigger_name` varchar(200) NOT NULL,
  `trigger_group` varchar(200) NOT NULL,
  `cron_expression` varchar(200) NOT NULL,
  `time_zone_id` varchar(80) DEFAULT NULL,
  PRIMARY KEY (`sched_name`,`trigger_name`,`trigger_group`),
  CONSTRAINT `QRTZ_CRON_TRIGGERS_ibfk_1` FOREIGN KEY (`sched_name`, `trigger_name`, `trigger_group`) REFERENCES `QRTZ_TRIGGERS` (`sched_name`, `trigger_name`, `trigger_group`)
) ENGINE=InnoDB DEFAULT CHARSET=utf8mb4 COLLATE=utf8mb4_0900_ai_ci;

-- ----------------------------
-- Records of QRTZ_CRON_TRIGGERS
-- ----------------------------
INSERT INTO `QRTZ_CRON_TRIGGERS` VALUES ('RuoyiScheduler', 'TASK_CLASS_NAME1', 'DEFAULT', '0/10 * * * * ?', 'Asia/Shanghai');
INSERT INTO `QRTZ_CRON_TRIGGERS` VALUES ('RuoyiScheduler', 'TASK_CLASS_NAME2', 'DEFAULT', '0/15 * * * * ?', 'Asia/Shanghai');
INSERT INTO `QRTZ_CRON_TRIGGERS` VALUES ('RuoyiScheduler', 'TASK_CLASS_NAME3', 'DEFAULT', '0/20 * * * * ?', 'Asia/Shanghai');

-- ----------------------------
-- Table structure for QRTZ_FIRED_TRIGGERS
-- ----------------------------
DROP TABLE IF EXISTS `QRTZ_FIRED_TRIGGERS`;
CREATE TABLE `QRTZ_FIRED_TRIGGERS` (
  `sched_name` varchar(120) NOT NULL,
  `entry_id` varchar(95) NOT NULL,
  `trigger_name` varchar(200) NOT NULL,
  `trigger_group` varchar(200) NOT NULL,
  `instance_name` varchar(200) NOT NULL,
  `fired_time` bigint NOT NULL,
  `sched_time` bigint NOT NULL,
  `priority` int NOT NULL,
  `state` varchar(16) NOT NULL,
  `job_name` varchar(200) DEFAULT NULL,
  `job_group` varchar(200) DEFAULT NULL,
  `is_nonconcurrent` varchar(1) DEFAULT NULL,
  `requests_recovery` varchar(1) DEFAULT NULL,
  PRIMARY KEY (`sched_name`,`entry_id`)
) ENGINE=InnoDB DEFAULT CHARSET=utf8mb4 COLLATE=utf8mb4_0900_ai_ci;

-- ----------------------------
-- Records of QRTZ_FIRED_TRIGGERS
-- ----------------------------

-- ----------------------------
-- Table structure for QRTZ_JOB_DETAILS
-- ----------------------------
DROP TABLE IF EXISTS `QRTZ_JOB_DETAILS`;
CREATE TABLE `QRTZ_JOB_DETAILS` (
  `sched_name` varchar(120) NOT NULL,
  `job_name` varchar(200) NOT NULL,
  `job_group` varchar(200) NOT NULL,
  `description` varchar(250) DEFAULT NULL,
  `job_class_name` varchar(250) NOT NULL,
  `is_durable` varchar(1) NOT NULL,
  `is_nonconcurrent` varchar(1) NOT NULL,
  `is_update_data` varchar(1) NOT NULL,
  `requests_recovery` varchar(1) NOT NULL,
  `job_data` blob,
  PRIMARY KEY (`sched_name`,`job_name`,`job_group`)
) ENGINE=InnoDB DEFAULT CHARSET=utf8mb4 COLLATE=utf8mb4_0900_ai_ci;

-- ----------------------------
-- Records of QRTZ_JOB_DETAILS
-- ----------------------------
INSERT INTO `QRTZ_JOB_DETAILS` VALUES ('RuoyiScheduler', 'TASK_CLASS_NAME1', 'DEFAULT', null, 'com.linkwechat.quartz.util.QuartzDisallowConcurrentExecution', '0', '1', '0', '0', 0xACED0005737200156F72672E71756172747A2E4A6F62446174614D61709FB083E8BFA9B0CB020000787200266F72672E71756172747A2E7574696C732E537472696E674B65794469727479466C61674D61708208E8C3FBC55D280200015A0013616C6C6F77735472616E7369656E74446174617872001D6F72672E71756172747A2E7574696C732E4469727479466C61674D617013E62EAD28760ACE0200025A000564697274794C00036D617074000F4C6A6176612F7574696C2F4D61703B787001737200116A6176612E7574696C2E486173684D61700507DAC1C31660D103000246000A6C6F6164466163746F724900097468726573686F6C6478703F4000000000000C7708000000100000000174000F5441534B5F50524F5045525449455373720023636F6D2E6C696E6B7765636861742E71756172747A2E646F6D61696E2E5379734A6F6200000000000000010200084C000A636F6E63757272656E747400124C6A6176612F6C616E672F537472696E673B4C000E63726F6E45787072657373696F6E71007E00094C000C696E766F6B6554617267657471007E00094C00086A6F6247726F757071007E00094C00056A6F6249647400104C6A6176612F6C616E672F4C6F6E673B4C00076A6F624E616D6571007E00094C000D6D697366697265506F6C69637971007E00094C000673746174757371007E00097872002C636F6D2E6C696E6B7765636861742E636F6D6D6F6E2E636F72652E646F6D61696E2E42617365456E7469747900000000000000010200094C0009626567696E54696D6571007E00094C0008637265617465427971007E00094C000A63726561746554696D657400104C6A6176612F7574696C2F446174653B4C0007656E6454696D6571007E00094C0006706172616D7371007E00034C000672656D61726B71007E00094C000B73656172636856616C756571007E00094C0008757064617465427971007E00094C000A75706461746554696D6571007E000C78707074000561646D696E7372000E6A6176612E7574696C2E44617465686A81014B59741903000078707708000001622CDE29E078707074000070707371007E000F77080000017543F58973787400013174000E302F3130202A202A202A202A203F74001172795461736B2E72794E6F506172616D7374000744454641554C547372000E6A6176612E6C616E672E4C6F6E673B8BE490CC8F23DF0200014A000576616C7565787200106A6176612E6C616E672E4E756D62657286AC951D0B94E08B02000078700000000000000001740018E7B3BBE7BB9FE9BB98E8AEA4EFBC88E697A0E58F82EFBC8974000133740001317800);
INSERT INTO `QRTZ_JOB_DETAILS` VALUES ('RuoyiScheduler', 'TASK_CLASS_NAME2', 'DEFAULT', null, 'com.linkwechat.quartz.util.QuartzDisallowConcurrentExecution', '0', '1', '0', '0', 0xACED0005737200156F72672E71756172747A2E4A6F62446174614D61709FB083E8BFA9B0CB020000787200266F72672E71756172747A2E7574696C732E537472696E674B65794469727479466C61674D61708208E8C3FBC55D280200015A0013616C6C6F77735472616E7369656E74446174617872001D6F72672E71756172747A2E7574696C732E4469727479466C61674D617013E62EAD28760ACE0200025A000564697274794C00036D617074000F4C6A6176612F7574696C2F4D61703B787001737200116A6176612E7574696C2E486173684D61700507DAC1C31660D103000246000A6C6F6164466163746F724900097468726573686F6C6478703F4000000000000C7708000000100000000174000F5441534B5F50524F5045525449455373720023636F6D2E6C696E6B7765636861742E71756172747A2E646F6D61696E2E5379734A6F6200000000000000010200084C000A636F6E63757272656E747400124C6A6176612F6C616E672F537472696E673B4C000E63726F6E45787072657373696F6E71007E00094C000C696E766F6B6554617267657471007E00094C00086A6F6247726F757071007E00094C00056A6F6249647400104C6A6176612F6C616E672F4C6F6E673B4C00076A6F624E616D6571007E00094C000D6D697366697265506F6C69637971007E00094C000673746174757371007E00097872002C636F6D2E6C696E6B7765636861742E636F6D6D6F6E2E636F72652E646F6D61696E2E42617365456E7469747900000000000000010200094C0009626567696E54696D6571007E00094C0008637265617465427971007E00094C000A63726561746554696D657400104C6A6176612F7574696C2F446174653B4C0007656E6454696D6571007E00094C0006706172616D7371007E00034C000672656D61726B71007E00094C000B73656172636856616C756571007E00094C0008757064617465427971007E00094C000A75706461746554696D6571007E000C78707074000561646D696E7372000E6A6176612E7574696C2E44617465686A81014B59741903000078707708000001622CDE29E078707074000070707371007E000F77080000017543F58974787400013174000E302F3135202A202A202A202A203F74001572795461736B2E7279506172616D7328277279272974000744454641554C547372000E6A6176612E6C616E672E4C6F6E673B8BE490CC8F23DF0200014A000576616C7565787200106A6176612E6C616E672E4E756D62657286AC951D0B94E08B02000078700000000000000002740018E7B3BBE7BB9FE9BB98E8AEA4EFBC88E69C89E58F82EFBC8974000133740001317800);
INSERT INTO `QRTZ_JOB_DETAILS` VALUES ('RuoyiScheduler', 'TASK_CLASS_NAME3', 'DEFAULT', null, 'com.linkwechat.quartz.util.QuartzDisallowConcurrentExecution', '0', '1', '0', '0', 0xACED0005737200156F72672E71756172747A2E4A6F62446174614D61709FB083E8BFA9B0CB020000787200266F72672E71756172747A2E7574696C732E537472696E674B65794469727479466C61674D61708208E8C3FBC55D280200015A0013616C6C6F77735472616E7369656E74446174617872001D6F72672E71756172747A2E7574696C732E4469727479466C61674D617013E62EAD28760ACE0200025A000564697274794C00036D617074000F4C6A6176612F7574696C2F4D61703B787001737200116A6176612E7574696C2E486173684D61700507DAC1C31660D103000246000A6C6F6164466163746F724900097468726573686F6C6478703F4000000000000C7708000000100000000174000F5441534B5F50524F5045525449455373720023636F6D2E6C696E6B7765636861742E71756172747A2E646F6D61696E2E5379734A6F6200000000000000010200084C000A636F6E63757272656E747400124C6A6176612F6C616E672F537472696E673B4C000E63726F6E45787072657373696F6E71007E00094C000C696E766F6B6554617267657471007E00094C00086A6F6247726F757071007E00094C00056A6F6249647400104C6A6176612F6C616E672F4C6F6E673B4C00076A6F624E616D6571007E00094C000D6D697366697265506F6C69637971007E00094C000673746174757371007E00097872002C636F6D2E6C696E6B7765636861742E636F6D6D6F6E2E636F72652E646F6D61696E2E42617365456E7469747900000000000000010200094C0009626567696E54696D6571007E00094C0008637265617465427971007E00094C000A63726561746554696D657400104C6A6176612F7574696C2F446174653B4C0007656E6454696D6571007E00094C0006706172616D7371007E00034C000672656D61726B71007E00094C000B73656172636856616C756571007E00094C0008757064617465427971007E00094C000A75706461746554696D6571007E000C78707074000561646D696E7372000E6A6176612E7574696C2E44617465686A81014B59741903000078707708000001622CDE29E078707074000070707371007E000F77080000017543F58974787400013174000E302F3230202A202A202A202A203F74003872795461736B2E72794D756C7469706C65506172616D7328277279272C20747275652C20323030304C2C203331362E3530442C203130302974000744454641554C547372000E6A6176612E6C616E672E4C6F6E673B8BE490CC8F23DF0200014A000576616C7565787200106A6176612E6C616E672E4E756D62657286AC951D0B94E08B02000078700000000000000003740018E7B3BBE7BB9FE9BB98E8AEA4EFBC88E5A49AE58F82EFBC8974000133740001317800);

-- ----------------------------
-- Table structure for QRTZ_LOCKS
-- ----------------------------
DROP TABLE IF EXISTS `QRTZ_LOCKS`;
CREATE TABLE `QRTZ_LOCKS` (
  `sched_name` varchar(120) NOT NULL,
  `lock_name` varchar(40) NOT NULL,
  PRIMARY KEY (`sched_name`,`lock_name`)
) ENGINE=InnoDB DEFAULT CHARSET=utf8mb4 COLLATE=utf8mb4_0900_ai_ci;

-- ----------------------------
-- Records of QRTZ_LOCKS
-- ----------------------------
INSERT INTO `QRTZ_LOCKS` VALUES ('RuoyiScheduler', 'STATE_ACCESS');
INSERT INTO `QRTZ_LOCKS` VALUES ('RuoyiScheduler', 'TRIGGER_ACCESS');

-- ----------------------------
-- Table structure for QRTZ_PAUSED_TRIGGER_GRPS
-- ----------------------------
DROP TABLE IF EXISTS `QRTZ_PAUSED_TRIGGER_GRPS`;
CREATE TABLE `QRTZ_PAUSED_TRIGGER_GRPS` (
  `sched_name` varchar(120) NOT NULL,
  `trigger_group` varchar(200) NOT NULL,
  PRIMARY KEY (`sched_name`,`trigger_group`)
) ENGINE=InnoDB DEFAULT CHARSET=utf8mb4 COLLATE=utf8mb4_0900_ai_ci;

-- ----------------------------
-- Records of QRTZ_PAUSED_TRIGGER_GRPS
-- ----------------------------

-- ----------------------------
-- Table structure for QRTZ_SCHEDULER_STATE
-- ----------------------------
DROP TABLE IF EXISTS `QRTZ_SCHEDULER_STATE`;
CREATE TABLE `QRTZ_SCHEDULER_STATE` (
  `sched_name` varchar(120) NOT NULL,
  `instance_name` varchar(200) NOT NULL,
  `last_checkin_time` bigint NOT NULL,
  `checkin_interval` bigint NOT NULL,
  PRIMARY KEY (`sched_name`,`instance_name`)
) ENGINE=InnoDB DEFAULT CHARSET=utf8mb4 COLLATE=utf8mb4_0900_ai_ci;

-- ----------------------------
-- Records of QRTZ_SCHEDULER_STATE
-- ----------------------------
INSERT INTO `QRTZ_SCHEDULER_STATE` VALUES ('RuoyiScheduler', 'instance-t01a0gzc1603112813431', '1603163626512', '15000');

-- ----------------------------
-- Table structure for QRTZ_SIMPLE_TRIGGERS
-- ----------------------------
DROP TABLE IF EXISTS `QRTZ_SIMPLE_TRIGGERS`;
CREATE TABLE `QRTZ_SIMPLE_TRIGGERS` (
  `sched_name` varchar(120) NOT NULL,
  `trigger_name` varchar(200) NOT NULL,
  `trigger_group` varchar(200) NOT NULL,
  `repeat_count` bigint NOT NULL,
  `repeat_interval` bigint NOT NULL,
  `times_triggered` bigint NOT NULL,
  PRIMARY KEY (`sched_name`,`trigger_name`,`trigger_group`),
  CONSTRAINT `QRTZ_SIMPLE_TRIGGERS_ibfk_1` FOREIGN KEY (`sched_name`, `trigger_name`, `trigger_group`) REFERENCES `QRTZ_TRIGGERS` (`sched_name`, `trigger_name`, `trigger_group`)
) ENGINE=InnoDB DEFAULT CHARSET=utf8mb4 COLLATE=utf8mb4_0900_ai_ci;

-- ----------------------------
-- Records of QRTZ_SIMPLE_TRIGGERS
-- ----------------------------

-- ----------------------------
-- Table structure for QRTZ_SIMPROP_TRIGGERS
-- ----------------------------
DROP TABLE IF EXISTS `QRTZ_SIMPROP_TRIGGERS`;
CREATE TABLE `QRTZ_SIMPROP_TRIGGERS` (
  `sched_name` varchar(120) NOT NULL,
  `trigger_name` varchar(200) NOT NULL,
  `trigger_group` varchar(200) NOT NULL,
  `str_prop_1` varchar(512) DEFAULT NULL,
  `str_prop_2` varchar(512) DEFAULT NULL,
  `str_prop_3` varchar(512) DEFAULT NULL,
  `int_prop_1` int DEFAULT NULL,
  `int_prop_2` int DEFAULT NULL,
  `long_prop_1` bigint DEFAULT NULL,
  `long_prop_2` bigint DEFAULT NULL,
  `dec_prop_1` decimal(13,4) DEFAULT NULL,
  `dec_prop_2` decimal(13,4) DEFAULT NULL,
  `bool_prop_1` varchar(1) DEFAULT NULL,
  `bool_prop_2` varchar(1) DEFAULT NULL,
  PRIMARY KEY (`sched_name`,`trigger_name`,`trigger_group`),
  CONSTRAINT `QRTZ_SIMPROP_TRIGGERS_ibfk_1` FOREIGN KEY (`sched_name`, `trigger_name`, `trigger_group`) REFERENCES `QRTZ_TRIGGERS` (`sched_name`, `trigger_name`, `trigger_group`)
) ENGINE=InnoDB DEFAULT CHARSET=utf8mb4 COLLATE=utf8mb4_0900_ai_ci;

-- ----------------------------
-- Records of QRTZ_SIMPROP_TRIGGERS
-- ----------------------------

-- ----------------------------
-- Table structure for QRTZ_TRIGGERS
-- ----------------------------
DROP TABLE IF EXISTS `QRTZ_TRIGGERS`;
CREATE TABLE `QRTZ_TRIGGERS` (
  `sched_name` varchar(120) NOT NULL,
  `trigger_name` varchar(200) NOT NULL,
  `trigger_group` varchar(200) NOT NULL,
  `job_name` varchar(200) NOT NULL,
  `job_group` varchar(200) NOT NULL,
  `description` varchar(250) DEFAULT NULL,
  `next_fire_time` bigint DEFAULT NULL,
  `prev_fire_time` bigint DEFAULT NULL,
  `priority` int DEFAULT NULL,
  `trigger_state` varchar(16) NOT NULL,
  `trigger_type` varchar(8) NOT NULL,
  `start_time` bigint NOT NULL,
  `end_time` bigint DEFAULT NULL,
  `calendar_name` varchar(200) DEFAULT NULL,
  `misfire_instr` smallint DEFAULT NULL,
  `job_data` blob,
  PRIMARY KEY (`sched_name`,`trigger_name`,`trigger_group`),
  KEY `sched_name` (`sched_name`,`job_name`,`job_group`),
  CONSTRAINT `QRTZ_TRIGGERS_ibfk_1` FOREIGN KEY (`sched_name`, `job_name`, `job_group`) REFERENCES `QRTZ_JOB_DETAILS` (`sched_name`, `job_name`, `job_group`)
) ENGINE=InnoDB DEFAULT CHARSET=utf8mb4 COLLATE=utf8mb4_0900_ai_ci;

-- ----------------------------
-- Records of QRTZ_TRIGGERS
-- ----------------------------
INSERT INTO `QRTZ_TRIGGERS` VALUES ('RuoyiScheduler', 'TASK_CLASS_NAME1', 'DEFAULT', 'TASK_CLASS_NAME1', 'DEFAULT', null, '1603162970000', '-1', '5', 'PAUSED', 'CRON', '1603162966000', '0', null, '2', '');
INSERT INTO `QRTZ_TRIGGERS` VALUES ('RuoyiScheduler', 'TASK_CLASS_NAME2', 'DEFAULT', 'TASK_CLASS_NAME2', 'DEFAULT', null, '1603162980000', '-1', '5', 'PAUSED', 'CRON', '1603162966000', '0', null, '2', '');
INSERT INTO `QRTZ_TRIGGERS` VALUES ('RuoyiScheduler', 'TASK_CLASS_NAME3', 'DEFAULT', 'TASK_CLASS_NAME3', 'DEFAULT', null, '1603162980000', '-1', '5', 'PAUSED', 'CRON', '1603162967000', '0', null, '2', '');

-- ----------------------------
-- Table structure for sys_config
-- ----------------------------
DROP TABLE IF EXISTS `sys_config`;
CREATE TABLE `sys_config` (
  `config_id` int NOT NULL AUTO_INCREMENT COMMENT '参数主键',
  `config_name` varchar(100) DEFAULT '' COMMENT '参数名称',
  `config_key` varchar(100) DEFAULT '' COMMENT '参数键名',
  `config_value` varchar(500) DEFAULT '' COMMENT '参数键值',
  `config_type` char(1) DEFAULT 'N' COMMENT '系统内置（Y是 N否）',
  `create_by` varchar(64) DEFAULT '' COMMENT '创建者',
  `create_time` datetime DEFAULT NULL COMMENT '创建时间',
  `update_by` varchar(64) DEFAULT '' COMMENT '更新者',
  `update_time` datetime DEFAULT NULL COMMENT '更新时间',
  `remark` varchar(500) DEFAULT NULL COMMENT '备注',
  PRIMARY KEY (`config_id`)
) ENGINE=InnoDB AUTO_INCREMENT=100 DEFAULT CHARSET=utf8mb4 COLLATE=utf8mb4_0900_ai_ci COMMENT='参数配置表';

-- ----------------------------
-- Records of sys_config
-- ----------------------------
INSERT INTO `sys_config` VALUES ('1', '主框架页-默认皮肤样式名称', 'sys.index.skinName', 'skin-blue', 'Y', 'admin', '2018-03-16 11:33:00', 'ry', '2018-03-16 11:33:00', '蓝色 skin-blue、绿色 skin-green、紫色 skin-purple、红色 skin-red、黄色 skin-yellow');
INSERT INTO `sys_config` VALUES ('2', '用户管理-账号初始密码', 'sys.user.initPassword', '123456', 'Y', 'admin', '2018-03-16 11:33:00', 'ry', '2018-03-16 11:33:00', '初始化密码 123456');
INSERT INTO `sys_config` VALUES ('3', '主框架页-侧边栏主题', 'sys.index.sideTheme', 'theme-dark', 'Y', 'admin', '2018-03-16 11:33:00', 'ry', '2018-03-16 11:33:00', '深色主题theme-dark，浅色主题theme-light');

-- ----------------------------
-- Table structure for sys_dept
-- ----------------------------
DROP TABLE IF EXISTS `sys_dept`;
CREATE TABLE `sys_dept` (
  `dept_id` bigint NOT NULL AUTO_INCREMENT COMMENT '部门id',
  `parent_id` bigint DEFAULT '0' COMMENT '父部门id',
  `ancestors` varchar(50) DEFAULT '' COMMENT '祖级列表',
  `dept_name` varchar(30) DEFAULT '' COMMENT '部门名称',
  `order_num` int DEFAULT '0' COMMENT '显示顺序',
  `leader` varchar(20) DEFAULT NULL COMMENT '负责人',
  `phone` varchar(11) DEFAULT NULL COMMENT '联系电话',
  `email` varchar(50) DEFAULT NULL COMMENT '邮箱',
  `status` char(1) DEFAULT '0' COMMENT '部门状态（0正常 1停用）',
  `del_flag` char(1) DEFAULT '0' COMMENT '删除标志（0代表存在 2代表删除）',
  `create_by` varchar(64) DEFAULT '' COMMENT '创建者',
  `create_time` datetime DEFAULT NULL COMMENT '创建时间',
  `update_by` varchar(64) DEFAULT '' COMMENT '更新者',
  `update_time` datetime DEFAULT NULL COMMENT '更新时间',
  PRIMARY KEY (`dept_id`)
) ENGINE=InnoDB AUTO_INCREMENT=200 DEFAULT CHARSET=utf8mb4 COLLATE=utf8mb4_0900_ai_ci COMMENT='部门表';

-- ----------------------------
-- Records of sys_dept
-- ----------------------------
INSERT INTO `sys_dept` VALUES ('100', '0', '0', '若依科技', '0', '若依', '15888888888', 'ry@qq.com', '0', '0', 'admin', '2018-03-16 11:33:00', 'ry', '2018-03-16 11:33:00');
INSERT INTO `sys_dept` VALUES ('101', '100', '0,100', '深圳总公司', '1', '若依', '15888888888', 'ry@qq.com', '0', '0', 'admin', '2018-03-16 11:33:00', 'ry', '2018-03-16 11:33:00');
INSERT INTO `sys_dept` VALUES ('102', '100', '0,100', '长沙分公司', '2', '若依', '15888888888', 'ry@qq.com', '0', '0', 'admin', '2018-03-16 11:33:00', 'ry', '2018-03-16 11:33:00');
INSERT INTO `sys_dept` VALUES ('103', '101', '0,100,101', '研发部门', '1', '若依', '15888888888', 'ry@qq.com', '0', '0', 'admin', '2018-03-16 11:33:00', 'ry', '2018-03-16 11:33:00');
INSERT INTO `sys_dept` VALUES ('104', '101', '0,100,101', '市场部门', '2', '若依', '15888888888', 'ry@qq.com', '0', '0', 'admin', '2018-03-16 11:33:00', 'ry', '2018-03-16 11:33:00');
INSERT INTO `sys_dept` VALUES ('105', '101', '0,100,101', '测试部门', '3', '若依', '15888888888', 'ry@qq.com', '0', '0', 'admin', '2018-03-16 11:33:00', 'ry', '2018-03-16 11:33:00');
INSERT INTO `sys_dept` VALUES ('106', '101', '0,100,101', '财务部门', '4', '若依', '15888888888', 'ry@qq.com', '0', '0', 'admin', '2018-03-16 11:33:00', 'ry', '2018-03-16 11:33:00');
INSERT INTO `sys_dept` VALUES ('107', '101', '0,100,101', '运维部门', '5', '若依', '15888888888', 'ry@qq.com', '0', '0', 'admin', '2018-03-16 11:33:00', 'ry', '2018-03-16 11:33:00');
INSERT INTO `sys_dept` VALUES ('108', '102', '0,100,102', '市场部门', '1', '若依', '15888888888', 'ry@qq.com', '0', '0', 'admin', '2018-03-16 11:33:00', 'ry', '2018-03-16 11:33:00');
INSERT INTO `sys_dept` VALUES ('109', '102', '0,100,102', '财务部门', '2', '若依', '15888888888', 'ry@qq.com', '0', '0', 'admin', '2018-03-16 11:33:00', 'ry', '2018-03-16 11:33:00');

-- ----------------------------
-- Table structure for sys_dict_data
-- ----------------------------
DROP TABLE IF EXISTS `sys_dict_data`;
CREATE TABLE `sys_dict_data` (
  `dict_code` bigint NOT NULL AUTO_INCREMENT COMMENT '字典编码',
  `dict_sort` int DEFAULT '0' COMMENT '字典排序',
  `dict_label` varchar(100) DEFAULT '' COMMENT '字典标签',
  `dict_value` varchar(100) DEFAULT '' COMMENT '字典键值',
  `dict_type` varchar(100) DEFAULT '' COMMENT '字典类型',
  `css_class` varchar(100) DEFAULT NULL COMMENT '样式属性（其他样式扩展）',
  `list_class` varchar(100) DEFAULT NULL COMMENT '表格回显样式',
  `is_default` char(1) DEFAULT 'N' COMMENT '是否默认（Y是 N否）',
  `status` char(1) DEFAULT '0' COMMENT '状态（0正常 1停用）',
  `create_by` varchar(64) DEFAULT '' COMMENT '创建者',
  `create_time` datetime DEFAULT NULL COMMENT '创建时间',
  `update_by` varchar(64) DEFAULT '' COMMENT '更新者',
  `update_time` datetime DEFAULT NULL COMMENT '更新时间',
  `remark` varchar(500) DEFAULT NULL COMMENT '备注',
  PRIMARY KEY (`dict_code`)
) ENGINE=InnoDB AUTO_INCREMENT=100 DEFAULT CHARSET=utf8mb4 COLLATE=utf8mb4_0900_ai_ci COMMENT='字典数据表';

-- ----------------------------
-- Records of sys_dict_data
-- ----------------------------
INSERT INTO `sys_dict_data` VALUES ('1', '1', '男', '0', 'sys_user_sex', '', '', 'Y', '0', 'admin', '2018-03-16 11:33:00', 'ry', '2018-03-16 11:33:00', '性别男');
INSERT INTO `sys_dict_data` VALUES ('2', '2', '女', '1', 'sys_user_sex', '', '', 'N', '0', 'admin', '2018-03-16 11:33:00', 'ry', '2018-03-16 11:33:00', '性别女');
INSERT INTO `sys_dict_data` VALUES ('3', '3', '未知', '2', 'sys_user_sex', '', '', 'N', '0', 'admin', '2018-03-16 11:33:00', 'ry', '2018-03-16 11:33:00', '性别未知');
INSERT INTO `sys_dict_data` VALUES ('4', '1', '显示', '0', 'sys_show_hide', '', 'primary', 'Y', '0', 'admin', '2018-03-16 11:33:00', 'ry', '2018-03-16 11:33:00', '显示菜单');
INSERT INTO `sys_dict_data` VALUES ('5', '2', '隐藏', '1', 'sys_show_hide', '', 'danger', 'N', '0', 'admin', '2018-03-16 11:33:00', 'ry', '2018-03-16 11:33:00', '隐藏菜单');
INSERT INTO `sys_dict_data` VALUES ('6', '1', '正常', '0', 'sys_normal_disable', '', 'primary', 'Y', '0', 'admin', '2018-03-16 11:33:00', 'ry', '2018-03-16 11:33:00', '正常状态');
INSERT INTO `sys_dict_data` VALUES ('7', '2', '停用', '1', 'sys_normal_disable', '', 'danger', 'N', '0', 'admin', '2018-03-16 11:33:00', 'ry', '2018-03-16 11:33:00', '停用状态');
INSERT INTO `sys_dict_data` VALUES ('8', '1', '正常', '0', 'sys_job_status', '', 'primary', 'Y', '0', 'admin', '2018-03-16 11:33:00', 'ry', '2018-03-16 11:33:00', '正常状态');
INSERT INTO `sys_dict_data` VALUES ('9', '2', '暂停', '1', 'sys_job_status', '', 'danger', 'N', '0', 'admin', '2018-03-16 11:33:00', 'ry', '2018-03-16 11:33:00', '停用状态');
INSERT INTO `sys_dict_data` VALUES ('10', '1', '默认', 'DEFAULT', 'sys_job_group', '', '', 'Y', '0', 'admin', '2018-03-16 11:33:00', 'ry', '2018-03-16 11:33:00', '默认分组');
INSERT INTO `sys_dict_data` VALUES ('11', '2', '系统', 'SYSTEM', 'sys_job_group', '', '', 'N', '0', 'admin', '2018-03-16 11:33:00', 'ry', '2018-03-16 11:33:00', '系统分组');
INSERT INTO `sys_dict_data` VALUES ('12', '1', '是', 'Y', 'sys_yes_no', '', 'primary', 'Y', '0', 'admin', '2018-03-16 11:33:00', 'ry', '2018-03-16 11:33:00', '系统默认是');
INSERT INTO `sys_dict_data` VALUES ('13', '2', '否', 'N', 'sys_yes_no', '', 'danger', 'N', '0', 'admin', '2018-03-16 11:33:00', 'ry', '2018-03-16 11:33:00', '系统默认否');
INSERT INTO `sys_dict_data` VALUES ('14', '1', '通知', '1', 'sys_notice_type', '', 'warning', 'Y', '0', 'admin', '2018-03-16 11:33:00', 'ry', '2018-03-16 11:33:00', '通知');
INSERT INTO `sys_dict_data` VALUES ('15', '2', '公告', '2', 'sys_notice_type', '', 'success', 'N', '0', 'admin', '2018-03-16 11:33:00', 'ry', '2018-03-16 11:33:00', '公告');
INSERT INTO `sys_dict_data` VALUES ('16', '1', '正常', '0', 'sys_notice_status', '', 'primary', 'Y', '0', 'admin', '2018-03-16 11:33:00', 'ry', '2018-03-16 11:33:00', '正常状态');
INSERT INTO `sys_dict_data` VALUES ('17', '2', '关闭', '1', 'sys_notice_status', '', 'danger', 'N', '0', 'admin', '2018-03-16 11:33:00', 'ry', '2018-03-16 11:33:00', '关闭状态');
INSERT INTO `sys_dict_data` VALUES ('18', '1', '新增', '1', 'sys_oper_type', '', 'info', 'N', '0', 'admin', '2018-03-16 11:33:00', 'ry', '2018-03-16 11:33:00', '新增操作');
INSERT INTO `sys_dict_data` VALUES ('19', '2', '修改', '2', 'sys_oper_type', '', 'info', 'N', '0', 'admin', '2018-03-16 11:33:00', 'ry', '2018-03-16 11:33:00', '修改操作');
INSERT INTO `sys_dict_data` VALUES ('20', '3', '删除', '3', 'sys_oper_type', '', 'danger', 'N', '0', 'admin', '2018-03-16 11:33:00', 'ry', '2018-03-16 11:33:00', '删除操作');
INSERT INTO `sys_dict_data` VALUES ('21', '4', '授权', '4', 'sys_oper_type', '', 'primary', 'N', '0', 'admin', '2018-03-16 11:33:00', 'ry', '2018-03-16 11:33:00', '授权操作');
INSERT INTO `sys_dict_data` VALUES ('22', '5', '导出', '5', 'sys_oper_type', '', 'warning', 'N', '0', 'admin', '2018-03-16 11:33:00', 'ry', '2018-03-16 11:33:00', '导出操作');
INSERT INTO `sys_dict_data` VALUES ('23', '6', '导入', '6', 'sys_oper_type', '', 'warning', 'N', '0', 'admin', '2018-03-16 11:33:00', 'ry', '2018-03-16 11:33:00', '导入操作');
INSERT INTO `sys_dict_data` VALUES ('24', '7', '强退', '7', 'sys_oper_type', '', 'danger', 'N', '0', 'admin', '2018-03-16 11:33:00', 'ry', '2018-03-16 11:33:00', '强退操作');
INSERT INTO `sys_dict_data` VALUES ('25', '8', '生成代码', '8', 'sys_oper_type', '', 'warning', 'N', '0', 'admin', '2018-03-16 11:33:00', 'ry', '2018-03-16 11:33:00', '生成操作');
INSERT INTO `sys_dict_data` VALUES ('26', '9', '清空数据', '9', 'sys_oper_type', '', 'danger', 'N', '0', 'admin', '2018-03-16 11:33:00', 'ry', '2018-03-16 11:33:00', '清空操作');
INSERT INTO `sys_dict_data` VALUES ('27', '1', '成功', '0', 'sys_common_status', '', 'primary', 'N', '0', 'admin', '2018-03-16 11:33:00', 'ry', '2018-03-16 11:33:00', '正常状态');
INSERT INTO `sys_dict_data` VALUES ('28', '2', '失败', '1', 'sys_common_status', '', 'danger', 'N', '0', 'admin', '2018-03-16 11:33:00', 'ry', '2018-03-16 11:33:00', '停用状态');

-- ----------------------------
-- Table structure for sys_dict_type
-- ----------------------------
DROP TABLE IF EXISTS `sys_dict_type`;
CREATE TABLE `sys_dict_type` (
  `dict_id` bigint NOT NULL AUTO_INCREMENT COMMENT '字典主键',
  `dict_name` varchar(100) DEFAULT '' COMMENT '字典名称',
  `dict_type` varchar(100) DEFAULT '' COMMENT '字典类型',
  `status` char(1) DEFAULT '0' COMMENT '状态（0正常 1停用）',
  `create_by` varchar(64) DEFAULT '' COMMENT '创建者',
  `create_time` datetime DEFAULT NULL COMMENT '创建时间',
  `update_by` varchar(64) DEFAULT '' COMMENT '更新者',
  `update_time` datetime DEFAULT NULL COMMENT '更新时间',
  `remark` varchar(500) DEFAULT NULL COMMENT '备注',
  PRIMARY KEY (`dict_id`),
  UNIQUE KEY `dict_type` (`dict_type`)
) ENGINE=InnoDB AUTO_INCREMENT=100 DEFAULT CHARSET=utf8mb4 COLLATE=utf8mb4_0900_ai_ci COMMENT='字典类型表';

-- ----------------------------
-- Records of sys_dict_type
-- ----------------------------
INSERT INTO `sys_dict_type` VALUES ('1', '用户性别', 'sys_user_sex', '0', 'admin', '2018-03-16 11:33:00', 'ry', '2018-03-16 11:33:00', '用户性别列表');
INSERT INTO `sys_dict_type` VALUES ('2', '菜单状态', 'sys_show_hide', '0', 'admin', '2018-03-16 11:33:00', 'ry', '2018-03-16 11:33:00', '菜单状态列表');
INSERT INTO `sys_dict_type` VALUES ('3', '系统开关', 'sys_normal_disable', '0', 'admin', '2018-03-16 11:33:00', 'ry', '2018-03-16 11:33:00', '系统开关列表');
INSERT INTO `sys_dict_type` VALUES ('4', '任务状态', 'sys_job_status', '0', 'admin', '2018-03-16 11:33:00', 'ry', '2018-03-16 11:33:00', '任务状态列表');
INSERT INTO `sys_dict_type` VALUES ('5', '任务分组', 'sys_job_group', '0', 'admin', '2018-03-16 11:33:00', 'ry', '2018-03-16 11:33:00', '任务分组列表');
INSERT INTO `sys_dict_type` VALUES ('6', '系统是否', 'sys_yes_no', '0', 'admin', '2018-03-16 11:33:00', 'ry', '2018-03-16 11:33:00', '系统是否列表');
INSERT INTO `sys_dict_type` VALUES ('7', '通知类型', 'sys_notice_type', '0', 'admin', '2018-03-16 11:33:00', 'ry', '2018-03-16 11:33:00', '通知类型列表');
INSERT INTO `sys_dict_type` VALUES ('8', '通知状态', 'sys_notice_status', '0', 'admin', '2018-03-16 11:33:00', 'ry', '2018-03-16 11:33:00', '通知状态列表');
INSERT INTO `sys_dict_type` VALUES ('9', '操作类型', 'sys_oper_type', '0', 'admin', '2018-03-16 11:33:00', 'ry', '2018-03-16 11:33:00', '操作类型列表');
INSERT INTO `sys_dict_type` VALUES ('10', '系统状态', 'sys_common_status', '0', 'admin', '2018-03-16 11:33:00', 'ry', '2018-03-16 11:33:00', '登录状态列表');

-- ----------------------------
-- Table structure for sys_job
-- ----------------------------
DROP TABLE IF EXISTS `sys_job`;
CREATE TABLE `sys_job` (
  `job_id` bigint NOT NULL AUTO_INCREMENT COMMENT '任务ID',
  `job_name` varchar(64) NOT NULL DEFAULT '' COMMENT '任务名称',
  `job_group` varchar(64) NOT NULL DEFAULT 'DEFAULT' COMMENT '任务组名',
  `invoke_target` varchar(500) NOT NULL COMMENT '调用目标字符串',
  `cron_expression` varchar(255) DEFAULT '' COMMENT 'cron执行表达式',
  `misfire_policy` varchar(20) DEFAULT '3' COMMENT '计划执行错误策略（1立即执行 2执行一次 3放弃执行）',
  `concurrent` char(1) DEFAULT '1' COMMENT '是否并发执行（0允许 1禁止）',
  `status` char(1) DEFAULT '0' COMMENT '状态（0正常 1暂停）',
  `create_by` varchar(64) DEFAULT '' COMMENT '创建者',
  `create_time` datetime DEFAULT NULL COMMENT '创建时间',
  `update_by` varchar(64) DEFAULT '' COMMENT '更新者',
  `update_time` datetime DEFAULT NULL COMMENT '更新时间',
  `remark` varchar(500) DEFAULT '' COMMENT '备注信息',
  PRIMARY KEY (`job_id`,`job_name`,`job_group`)
) ENGINE=InnoDB AUTO_INCREMENT=100 DEFAULT CHARSET=utf8mb4 COLLATE=utf8mb4_0900_ai_ci COMMENT='定时任务调度表';

-- ----------------------------
-- Records of sys_job
-- ----------------------------
INSERT INTO `sys_job` VALUES ('1', '系统默认（无参）', 'DEFAULT', 'ryTask.ryNoParams', '0/10 * * * * ?', '3', '1', '1', 'admin', '2018-03-16 11:33:00', 'ry', '2018-03-16 11:33:00', '');
INSERT INTO `sys_job` VALUES ('2', '系统默认（有参）', 'DEFAULT', 'ryTask.ryParams(\'ry\')', '0/15 * * * * ?', '3', '1', '1', 'admin', '2018-03-16 11:33:00', 'ry', '2018-03-16 11:33:00', '');
INSERT INTO `sys_job` VALUES ('3', '系统默认（多参）', 'DEFAULT', 'ryTask.ryMultipleParams(\'ry\', true, 2000L, 316.50D, 100)', '0/20 * * * * ?', '3', '1', '1', 'admin', '2018-03-16 11:33:00', 'ry', '2018-03-16 11:33:00', '');

-- ----------------------------
-- Table structure for sys_job_log
-- ----------------------------
DROP TABLE IF EXISTS `sys_job_log`;
CREATE TABLE `sys_job_log` (
  `job_log_id` bigint NOT NULL AUTO_INCREMENT COMMENT '任务日志ID',
  `job_name` varchar(64) NOT NULL COMMENT '任务名称',
  `job_group` varchar(64) NOT NULL COMMENT '任务组名',
  `invoke_target` varchar(500) NOT NULL COMMENT '调用目标字符串',
  `job_message` varchar(500) DEFAULT NULL COMMENT '日志信息',
  `status` char(1) DEFAULT '0' COMMENT '执行状态（0正常 1失败）',
  `exception_info` varchar(2000) DEFAULT '' COMMENT '异常信息',
  `create_time` datetime DEFAULT NULL COMMENT '创建时间',
  PRIMARY KEY (`job_log_id`)
) ENGINE=InnoDB DEFAULT CHARSET=utf8mb4 COLLATE=utf8mb4_0900_ai_ci COMMENT='定时任务调度日志表';

-- ----------------------------
-- Records of sys_job_log
-- ----------------------------

-- ----------------------------
-- Table structure for sys_logininfor
-- ----------------------------
DROP TABLE IF EXISTS `sys_logininfor`;
CREATE TABLE `sys_logininfor` (
  `info_id` bigint NOT NULL AUTO_INCREMENT COMMENT '访问ID',
  `user_name` varchar(50) DEFAULT '' COMMENT '用户账号',
  `ipaddr` varchar(50) DEFAULT '' COMMENT '登录IP地址',
  `login_location` varchar(255) DEFAULT '' COMMENT '登录地点',
  `browser` varchar(50) DEFAULT '' COMMENT '浏览器类型',
  `os` varchar(50) DEFAULT '' COMMENT '操作系统',
  `status` char(1) DEFAULT '0' COMMENT '登录状态（0成功 1失败）',
  `msg` varchar(255) DEFAULT '' COMMENT '提示消息',
  `login_time` datetime DEFAULT NULL COMMENT '访问时间',
  PRIMARY KEY (`info_id`)
) ENGINE=InnoDB AUTO_INCREMENT=303 DEFAULT CHARSET=utf8mb4 COLLATE=utf8mb4_0900_ai_ci COMMENT='系统访问记录';

-- ----------------------------
-- Records of sys_logininfor
-- ----------------------------
INSERT INTO `sys_logininfor` VALUES ('100', 'admin', '127.0.0.1', '内网IP', 'Chrome 8', 'Windows 10', '0', '登录成功', '2020-08-18 19:25:01');
INSERT INTO `sys_logininfor` VALUES ('101', 'admin', '127.0.0.1', '内网IP', 'Chrome', 'Windows 10', '1', '验证码已失效', '2020-08-24 10:40:32');
INSERT INTO `sys_logininfor` VALUES ('102', 'admin', '127.0.0.1', '内网IP', 'Chrome', 'Windows 10', '0', '登录成功', '2020-08-24 10:40:42');
INSERT INTO `sys_logininfor` VALUES ('103', 'admin', '127.0.0.1', '内网IP', 'Chrome', 'Windows 10', '0', '登录成功', '2020-08-24 12:51:01');
INSERT INTO `sys_logininfor` VALUES ('104', 'admin', '127.0.0.1', '内网IP', 'Chrome', 'Windows 10', '0', '登录成功', '2020-08-24 17:25:21');
INSERT INTO `sys_logininfor` VALUES ('105', 'admin', '127.0.0.1', '内网IP', 'Chrome', 'Windows 10', '0', '登录成功', '2020-08-24 19:37:45');
INSERT INTO `sys_logininfor` VALUES ('106', 'admin', '127.0.0.1', '内网IP', 'Chrome', 'Windows 10', '0', '登录成功', '2020-08-24 21:21:26');
INSERT INTO `sys_logininfor` VALUES ('107', 'admin', '127.0.0.1', '内网IP', 'Chrome 8', 'Windows 10', '1', '验证码错误', '2020-08-24 22:50:57');
INSERT INTO `sys_logininfor` VALUES ('108', 'admin', '127.0.0.1', '内网IP', 'Chrome 8', 'Windows 10', '0', '登录成功', '2020-08-24 22:51:03');
INSERT INTO `sys_logininfor` VALUES ('109', 'admin', '127.0.0.1', '内网IP', 'Chrome 8', 'Windows 10', '0', '登录成功', '2020-08-31 23:16:47');
INSERT INTO `sys_logininfor` VALUES ('110', 'admin', '127.0.0.1', '内网IP', 'Chrome 8', 'Windows 10', '0', '登录成功', '2020-08-31 23:59:23');
INSERT INTO `sys_logininfor` VALUES ('111', 'admin', '127.0.0.1', '内网IP', 'Chrome 8', 'Windows 10', '1', '验证码已失效', '2020-09-04 16:41:19');
INSERT INTO `sys_logininfor` VALUES ('112', 'admin', '127.0.0.1', '内网IP', 'Chrome 8', 'Windows 10', '0', '登录成功', '2020-09-04 16:41:24');
INSERT INTO `sys_logininfor` VALUES ('113', 'admin', '127.0.0.1', '内网IP', 'Chrome 8', 'Windows 10', '0', '退出成功', '2020-09-04 17:05:33');
INSERT INTO `sys_logininfor` VALUES ('114', 'admin', '127.0.0.1', '内网IP', 'Chrome 8', 'Windows 10', '0', '登录成功', '2020-09-04 17:05:43');
INSERT INTO `sys_logininfor` VALUES ('115', 'admin', '127.0.0.1', '内网IP', 'Chrome 8', 'Windows 10', '0', '登录成功', '2020-09-06 12:25:34');
INSERT INTO `sys_logininfor` VALUES ('116', 'admin', '127.0.0.1', '内网IP', 'Chrome 8', 'Windows 10', '0', '登录成功', '2020-09-06 12:58:25');
INSERT INTO `sys_logininfor` VALUES ('117', 'admin', '127.0.0.1', '内网IP', 'Chrome 8', 'Windows 10', '0', '登录成功', '2020-09-06 15:21:16');
INSERT INTO `sys_logininfor` VALUES ('118', 'admin', '127.0.0.1', '内网IP', 'Chrome 8', 'Windows 10', '0', '登录成功', '2020-09-06 19:07:51');
INSERT INTO `sys_logininfor` VALUES ('119', 'admin', '127.0.0.1', '内网IP', 'Chrome 8', 'Windows 10', '0', '登录成功', '2020-09-06 21:13:14');
INSERT INTO `sys_logininfor` VALUES ('120', 'admin', '127.0.0.1', '内网IP', 'Chrome 8', 'Windows 10', '0', '登录成功', '2020-09-06 22:26:46');
INSERT INTO `sys_logininfor` VALUES ('121', 'admin', '127.0.0.1', '内网IP', 'Chrome 8', 'Windows 10', '0', '登录成功', '2020-09-07 20:46:43');
INSERT INTO `sys_logininfor` VALUES ('122', 'admin', '127.0.0.1', '内网IP', 'Chrome 8', 'Windows 10', '0', '登录成功', '2020-09-07 23:54:04');
INSERT INTO `sys_logininfor` VALUES ('123', 'admin', '127.0.0.1', '内网IP', 'Chrome 8', 'Windows 10', '1', '验证码已失效', '2020-09-08 15:46:06');
INSERT INTO `sys_logininfor` VALUES ('124', 'admin', '127.0.0.1', '内网IP', 'Chrome 8', 'Windows 10', '0', '登录成功', '2020-09-08 15:46:10');
INSERT INTO `sys_logininfor` VALUES ('125', 'admin', '127.0.0.1', '内网IP', 'Chrome 8', 'Windows 10', '0', '登录成功', '2020-09-08 16:57:30');
INSERT INTO `sys_logininfor` VALUES ('126', 'admin', '127.0.0.1', '内网IP', 'Chrome', 'Windows 10', '0', '登录成功', '2020-09-08 21:00:58');
INSERT INTO `sys_logininfor` VALUES ('127', 'admin', '127.0.0.1', '内网IP', 'Chrome 8', 'Windows 10', '0', '登录成功', '2020-09-08 23:30:19');
INSERT INTO `sys_logininfor` VALUES ('128', 'admin', '127.0.0.1', '内网IP', 'Chrome', 'Windows 10', '0', '登录成功', '2020-09-09 18:20:10');
INSERT INTO `sys_logininfor` VALUES ('129', 'admin', '127.0.0.1', '内网IP', 'Chrome', 'Windows 10', '0', '登录成功', '2020-09-09 22:10:23');
INSERT INTO `sys_logininfor` VALUES ('130', 'admin', '127.0.0.1', '内网IP', 'Chrome', 'Windows 10', '0', '登录成功', '2020-09-09 23:11:58');
INSERT INTO `sys_logininfor` VALUES ('131', 'admin', '127.0.0.1', '内网IP', 'Chrome', 'Windows 10', '0', '登录成功', '2020-09-09 23:16:00');
INSERT INTO `sys_logininfor` VALUES ('132', 'admin', '127.0.0.1', '内网IP', 'Chrome', 'Windows 10', '0', '登录成功', '2020-09-09 23:26:59');
INSERT INTO `sys_logininfor` VALUES ('133', 'admin', '127.0.0.1', '内网IP', 'Chrome', 'Windows 10', '0', '登录成功', '2020-09-10 00:34:57');
INSERT INTO `sys_logininfor` VALUES ('134', 'admin', '127.0.0.1', '内网IP', 'Chrome', 'Windows 10', '1', '验证码已失效', '2020-09-10 22:17:35');
INSERT INTO `sys_logininfor` VALUES ('135', 'admin', '127.0.0.1', '内网IP', 'Chrome', 'Windows 10', '0', '登录成功', '2020-09-10 22:18:12');
INSERT INTO `sys_logininfor` VALUES ('136', 'admin', '127.0.0.1', '内网IP', 'Chrome', 'Windows 10', '0', '登录成功', '2020-09-10 23:27:22');
INSERT INTO `sys_logininfor` VALUES ('137', 'admin', '127.0.0.1', '内网IP', 'Chrome', 'Windows 10', '0', '登录成功', '2020-09-10 23:29:19');
INSERT INTO `sys_logininfor` VALUES ('138', 'admin', '127.0.0.1', '内网IP', 'Chrome 8', 'Windows 10', '0', '登录成功', '2020-09-11 11:16:41');
INSERT INTO `sys_logininfor` VALUES ('139', 'admin', '127.0.0.1', '内网IP', 'Chrome 8', 'Windows 10', '0', '登录成功', '2020-09-11 13:49:53');
INSERT INTO `sys_logininfor` VALUES ('140', 'admin', '127.0.0.1', '内网IP', 'Chrome 8', 'Windows 10', '1', '用户不存在/密码错误', '2020-09-11 15:45:55');
INSERT INTO `sys_logininfor` VALUES ('141', 'admin', '127.0.0.1', '内网IP', 'Chrome 8', 'Windows 10', '1', '用户不存在/密码错误', '2020-09-11 15:46:08');
INSERT INTO `sys_logininfor` VALUES ('142', 'admin', '127.0.0.1', '内网IP', 'Chrome 8', 'Windows 10', '1', '用户不存在/密码错误', '2020-09-11 15:46:19');
INSERT INTO `sys_logininfor` VALUES ('143', 'admin', '127.0.0.1', '内网IP', 'Chrome 8', 'Windows 10', '0', '登录成功', '2020-09-11 15:46:47');
INSERT INTO `sys_logininfor` VALUES ('144', 'admin', '127.0.0.1', '内网IP', 'Chrome', 'Windows 10', '0', '登录成功', '2020-09-11 19:03:03');
INSERT INTO `sys_logininfor` VALUES ('145', 'admin', '127.0.0.1', '内网IP', 'Chrome', 'Windows 10', '0', '登录成功', '2020-09-11 19:57:55');
INSERT INTO `sys_logininfor` VALUES ('146', 'admin', '127.0.0.1', '内网IP', 'Chrome 8', 'Windows 10', '0', '登录成功', '2020-09-11 20:36:06');
INSERT INTO `sys_logininfor` VALUES ('147', 'admin', '127.0.0.1', '内网IP', 'Chrome', 'Windows 10', '0', '登录成功', '2020-09-12 11:26:51');
INSERT INTO `sys_logininfor` VALUES ('148', 'admin', '127.0.0.1', '内网IP', 'Chrome', 'Windows 10', '0', '登录成功', '2020-09-12 14:36:49');
INSERT INTO `sys_logininfor` VALUES ('149', 'admin', '127.0.0.1', '内网IP', 'Chrome', 'Windows 10', '0', '登录成功', '2020-09-12 15:43:50');
INSERT INTO `sys_logininfor` VALUES ('150', 'admin', '127.0.0.1', '内网IP', 'Chrome', 'Windows 10', '0', '登录成功', '2020-09-12 16:30:36');
INSERT INTO `sys_logininfor` VALUES ('151', 'admin', '127.0.0.1', '内网IP', 'Chrome', 'Windows 10', '0', '登录成功', '2020-09-12 17:48:09');
INSERT INTO `sys_logininfor` VALUES ('152', 'admin', '127.0.0.1', '内网IP', 'Chrome', 'Windows 10', '0', '登录成功', '2020-09-12 23:31:38');
INSERT INTO `sys_logininfor` VALUES ('153', 'admin', '127.0.0.1', '内网IP', 'Chrome', 'Windows 10', '0', '登录成功', '2020-09-13 00:05:57');
INSERT INTO `sys_logininfor` VALUES ('154', 'admin', '127.0.0.1', '内网IP', 'Chrome', 'Windows 10', '0', '登录成功', '2020-09-13 11:45:23');
INSERT INTO `sys_logininfor` VALUES ('155', 'admin', '127.0.0.1', '内网IP', 'Chrome', 'Windows 10', '0', '登录成功', '2020-09-13 12:40:23');
INSERT INTO `sys_logininfor` VALUES ('156', 'admin', '127.0.0.1', '内网IP', 'Chrome', 'Windows 10', '0', '登录成功', '2020-09-13 14:37:50');
INSERT INTO `sys_logininfor` VALUES ('157', 'admin', '127.0.0.1', '内网IP', 'Chrome', 'Windows 10', '1', '验证码已失效', '2020-09-13 15:33:33');
INSERT INTO `sys_logininfor` VALUES ('158', 'admin', '127.0.0.1', '内网IP', 'Chrome', 'Windows 10', '0', '登录成功', '2020-09-13 15:33:37');
INSERT INTO `sys_logininfor` VALUES ('159', 'admin', '127.0.0.1', '内网IP', 'Chrome 8', 'Windows 10', '0', '登录成功', '2020-09-13 18:12:38');
INSERT INTO `sys_logininfor` VALUES ('160', 'admin', '127.0.0.1', '内网IP', 'Chrome', 'Windows 10', '0', '登录成功', '2020-09-13 19:39:59');
INSERT INTO `sys_logininfor` VALUES ('161', 'admin', '127.0.0.1', '内网IP', 'Chrome', 'Windows 10', '0', '登录成功', '2020-09-13 20:22:10');
INSERT INTO `sys_logininfor` VALUES ('162', 'admin', '127.0.0.1', '内网IP', 'Chrome', 'Windows 10', '0', '登录成功', '2020-09-13 22:34:34');
INSERT INTO `sys_logininfor` VALUES ('163', 'admin', '127.0.0.1', '内网IP', 'Chrome', 'Windows 10', '1', '验证码已失效', '2020-09-14 00:02:41');
INSERT INTO `sys_logininfor` VALUES ('164', 'admin', '127.0.0.1', '内网IP', 'Chrome', 'Windows 10', '0', '登录成功', '2020-09-14 00:02:45');
INSERT INTO `sys_logininfor` VALUES ('165', 'admin', '127.0.0.1', '内网IP', 'Chrome', 'Windows 10', '0', '登录成功', '2020-09-14 20:36:22');
INSERT INTO `sys_logininfor` VALUES ('166', 'admin', '127.0.0.1', '内网IP', 'Chrome', 'Windows 10', '0', '登录成功', '2020-09-14 22:47:27');
INSERT INTO `sys_logininfor` VALUES ('167', 'admin', '127.0.0.1', '内网IP', 'Chrome', 'Windows 10', '0', '登录成功', '2020-09-14 23:18:54');
INSERT INTO `sys_logininfor` VALUES ('168', 'admin', '127.0.0.1', '内网IP', 'Chrome 8', 'Windows 10', '0', '登录成功', '2020-09-14 23:45:23');
INSERT INTO `sys_logininfor` VALUES ('169', 'admin', '127.0.0.1', '内网IP', 'Chrome 8', 'Windows 10', '0', '登录成功', '2020-09-15 11:25:04');
INSERT INTO `sys_logininfor` VALUES ('170', 'admin', '127.0.0.1', '内网IP', 'Chrome 8', 'Windows 10', '0', '登录成功', '2020-09-15 14:46:42');
INSERT INTO `sys_logininfor` VALUES ('171', 'admin', '127.0.0.1', '内网IP', 'Chrome 8', 'Windows 10', '0', '登录成功', '2020-09-15 15:45:34');
INSERT INTO `sys_logininfor` VALUES ('172', 'admin', '127.0.0.1', '内网IP', 'Chrome', 'Windows 10', '1', '验证码错误', '2020-09-16 19:53:35');
INSERT INTO `sys_logininfor` VALUES ('173', 'admin', '127.0.0.1', '内网IP', 'Chrome', 'Windows 10', '0', '登录成功', '2020-09-16 19:53:41');
INSERT INTO `sys_logininfor` VALUES ('174', 'admin', '127.0.0.1', '内网IP', 'Chrome', 'Windows 10', '0', '登录成功', '2020-09-16 21:45:51');
INSERT INTO `sys_logininfor` VALUES ('175', 'admin', '127.0.0.1', '内网IP', 'Chrome 8', 'Windows 10', '0', '登录成功', '2020-09-16 22:35:01');
INSERT INTO `sys_logininfor` VALUES ('176', 'admin', '127.0.0.1', '内网IP', 'Chrome', 'Windows 10', '0', '登录成功', '2020-09-16 22:49:01');
INSERT INTO `sys_logininfor` VALUES ('177', 'admin', '127.0.0.1', '内网IP', 'Chrome', 'Windows 10', '0', '登录成功', '2020-09-16 23:05:02');
INSERT INTO `sys_logininfor` VALUES ('178', 'admin', '127.0.0.1', '内网IP', 'Chrome 8', 'Windows 10', '0', '登录成功', '2020-09-16 23:15:22');
INSERT INTO `sys_logininfor` VALUES ('179', 'admin', '127.0.0.1', '内网IP', 'Chrome 8', 'Windows 10', '0', '登录成功', '2020-09-16 23:47:44');
INSERT INTO `sys_logininfor` VALUES ('180', 'admin', '127.0.0.1', '内网IP', 'Chrome 8', 'Windows 10', '0', '登录成功', '2020-09-17 00:26:50');
INSERT INTO `sys_logininfor` VALUES ('181', 'admin', '127.0.0.1', '内网IP', 'Chrome', 'Windows 10', '0', '登录成功', '2020-09-17 21:05:53');
INSERT INTO `sys_logininfor` VALUES ('182', 'admin', '127.0.0.1', '内网IP', 'Chrome', 'Windows 10', '0', '登录成功', '2020-09-17 22:16:37');
INSERT INTO `sys_logininfor` VALUES ('183', 'admin', '127.0.0.1', '内网IP', 'Chrome', 'Windows 10', '0', '登录成功', '2020-09-17 23:35:51');
INSERT INTO `sys_logininfor` VALUES ('184', 'admin', '127.0.0.1', '内网IP', 'Chrome 8', 'Mac OS X', '0', '登录成功', '2020-09-18 15:06:42');
INSERT INTO `sys_logininfor` VALUES ('185', 'admin', '127.0.0.1', '内网IP', 'Chrome 8', 'Windows 10', '0', '登录成功', '2020-09-18 18:10:54');
INSERT INTO `sys_logininfor` VALUES ('186', 'admin', '127.0.0.1', '内网IP', 'Chrome 8', 'Windows 10', '0', '登录成功', '2020-09-18 19:04:25');
INSERT INTO `sys_logininfor` VALUES ('187', 'admin', '127.0.0.1', '内网IP', 'Chrome', 'Windows 10', '0', '登录成功', '2020-09-18 22:37:50');
INSERT INTO `sys_logininfor` VALUES ('188', 'admin', '127.0.0.1', '内网IP', 'Chrome', 'Windows 10', '0', '登录成功', '2020-09-19 00:14:00');
INSERT INTO `sys_logininfor` VALUES ('189', 'admin', '127.0.0.1', '内网IP', 'Chrome 8', 'Windows 10', '0', '登录成功', '2020-09-19 16:24:52');
INSERT INTO `sys_logininfor` VALUES ('190', 'admin', '127.0.0.1', '内网IP', 'Chrome 8', 'Windows 10', '0', '登录成功', '2020-09-19 16:53:08');
INSERT INTO `sys_logininfor` VALUES ('191', 'admin', '127.0.0.1', '内网IP', 'Chrome', 'Windows 10', '0', '登录成功', '2020-09-19 18:18:03');
INSERT INTO `sys_logininfor` VALUES ('192', 'admin', '127.0.0.1', '内网IP', 'Chrome 8', 'Windows 10', '0', '登录成功', '2020-09-19 19:52:00');
INSERT INTO `sys_logininfor` VALUES ('193', 'admin', '127.0.0.1', '内网IP', 'Chrome 8', 'Windows 10', '0', '登录成功', '2020-09-19 20:36:12');
INSERT INTO `sys_logininfor` VALUES ('194', 'admin', '127.0.0.1', '内网IP', 'Chrome 8', 'Windows 10', '0', '登录成功', '2020-09-19 21:34:57');
INSERT INTO `sys_logininfor` VALUES ('195', 'admin', '127.0.0.1', '内网IP', 'Chrome', 'Windows 10', '0', '登录成功', '2020-09-20 15:25:38');
INSERT INTO `sys_logininfor` VALUES ('196', 'admin', '127.0.0.1', '内网IP', 'Chrome', 'Windows 10', '0', '登录成功', '2020-09-20 16:10:04');
INSERT INTO `sys_logininfor` VALUES ('197', 'admin', '127.0.0.1', '内网IP', 'Chrome', 'Windows 10', '0', '登录成功', '2020-09-20 16:45:52');
INSERT INTO `sys_logininfor` VALUES ('198', 'admin', '127.0.0.1', '内网IP', 'Chrome 8', 'Windows 10', '0', '登录成功', '2020-09-20 21:29:26');
INSERT INTO `sys_logininfor` VALUES ('199', 'admin', '127.0.0.1', '内网IP', 'Chrome 8', 'Windows 10', '0', '登录成功', '2020-09-20 22:34:21');
INSERT INTO `sys_logininfor` VALUES ('200', 'admin', '127.0.0.1', '内网IP', 'Chrome', 'Windows 10', '1', '验证码错误', '2020-09-22 00:21:28');
INSERT INTO `sys_logininfor` VALUES ('201', 'admin', '127.0.0.1', '内网IP', 'Chrome', 'Windows 10', '0', '登录成功', '2020-09-22 00:21:33');
INSERT INTO `sys_logininfor` VALUES ('202', 'admin', '127.0.0.1', '内网IP', 'Chrome', 'Windows 10', '0', '登录成功', '2020-09-22 01:58:44');
INSERT INTO `sys_logininfor` VALUES ('203', 'admin', '127.0.0.1', '内网IP', 'Chrome 8', 'Windows 10', '0', '登录成功', '2020-09-23 14:12:35');
INSERT INTO `sys_logininfor` VALUES ('204', 'admin', '127.0.0.1', '内网IP', 'Chrome', 'Windows 10', '1', '验证码错误', '2020-09-23 19:48:42');
INSERT INTO `sys_logininfor` VALUES ('205', 'admin', '127.0.0.1', '内网IP', 'Chrome', 'Windows 10', '1', '验证码已失效', '2020-09-23 19:48:55');
INSERT INTO `sys_logininfor` VALUES ('206', 'admin', '127.0.0.1', '内网IP', 'Chrome', 'Windows 10', '0', '登录成功', '2020-09-23 19:49:27');
INSERT INTO `sys_logininfor` VALUES ('207', 'admin', '127.0.0.1', '内网IP', 'Chrome', 'Windows 10', '0', '登录成功', '2020-09-23 21:13:08');
INSERT INTO `sys_logininfor` VALUES ('208', 'admin', '127.0.0.1', '内网IP', 'Chrome', 'Windows 10', '0', '登录成功', '2020-09-24 03:32:57');
INSERT INTO `sys_logininfor` VALUES ('209', 'admin', '127.0.0.1', '内网IP', 'Chrome 8', 'Mac OS X', '0', '登录成功', '2020-09-24 22:29:08');
INSERT INTO `sys_logininfor` VALUES ('210', 'admin', '127.0.0.1', '内网IP', 'Chrome 8', 'Mac OS X', '0', '登录成功', '2020-09-25 03:10:39');
INSERT INTO `sys_logininfor` VALUES ('211', 'admin', '127.0.0.1', '内网IP', 'Chrome', 'Windows 10', '0', '登录成功', '2020-09-25 22:53:07');
INSERT INTO `sys_logininfor` VALUES ('212', 'admin', '127.0.0.1', '内网IP', 'Chrome', 'Windows 10', '0', '登录成功', '2020-09-26 18:50:39');
INSERT INTO `sys_logininfor` VALUES ('213', 'admin', '127.0.0.1', '内网IP', 'Chrome', 'Windows 10', '0', '登录成功', '2020-09-26 22:23:16');
INSERT INTO `sys_logininfor` VALUES ('214', 'admin', '127.0.0.1', '内网IP', 'Chrome', 'Windows 10', '0', '登录成功', '2020-09-26 23:13:58');
INSERT INTO `sys_logininfor` VALUES ('215', 'admin', '127.0.0.1', '内网IP', 'Chrome', 'Windows 10', '0', '登录成功', '2020-09-28 18:27:31');
INSERT INTO `sys_logininfor` VALUES ('216', 'admin', '127.0.0.1', '内网IP', 'Chrome', 'Windows 10', '0', '登录成功', '2020-09-28 20:19:22');
INSERT INTO `sys_logininfor` VALUES ('217', 'admin', '127.0.0.1', '内网IP', 'Chrome 8', 'Windows 10', '0', '登录成功', '2020-09-28 22:18:27');
INSERT INTO `sys_logininfor` VALUES ('218', 'admin', '127.0.0.1', '内网IP', 'Chrome 8', 'Windows 10', '0', '登录成功', '2020-09-28 23:09:35');
INSERT INTO `sys_logininfor` VALUES ('219', 'admin', '127.0.0.1', '内网IP', 'Chrome', 'Windows 10', '0', '登录成功', '2020-09-29 21:13:34');
INSERT INTO `sys_logininfor` VALUES ('220', 'admin', '127.0.0.1', '内网IP', 'Chrome 8', 'Windows 10', '0', '登录成功', '2020-09-30 10:24:06');
INSERT INTO `sys_logininfor` VALUES ('221', 'admin', '127.0.0.1', '内网IP', 'Chrome', 'Windows 10', '0', '登录成功', '2020-09-30 19:11:58');
INSERT INTO `sys_logininfor` VALUES ('222', 'admin', '127.0.0.1', '内网IP', 'Chrome', 'Windows 10', '0', '登录成功', '2020-09-30 22:05:04');
INSERT INTO `sys_logininfor` VALUES ('223', 'admin', '127.0.0.1', '内网IP', 'Chrome', 'Windows 10', '0', '登录成功', '2020-09-30 23:49:16');
INSERT INTO `sys_logininfor` VALUES ('224', 'admin', '127.0.0.1', '内网IP', 'Chrome', 'Windows 10', '0', '登录成功', '2020-10-01 00:37:38');
INSERT INTO `sys_logininfor` VALUES ('225', 'admin', '127.0.0.1', '内网IP', 'Chrome 8', 'Windows 10', '0', '登录成功', '2020-10-04 14:31:17');
INSERT INTO `sys_logininfor` VALUES ('226', 'admin', '127.0.0.1', '内网IP', 'Chrome 8', 'Windows 10', '0', '登录成功', '2020-10-04 20:00:58');
INSERT INTO `sys_logininfor` VALUES ('227', 'admin', '127.0.0.1', '内网IP', 'Chrome 8', 'Windows 10', '0', '登录成功', '2020-10-04 22:40:08');
INSERT INTO `sys_logininfor` VALUES ('228', 'admin', '127.0.0.1', '内网IP', 'Chrome 8', 'Windows 10', '0', '登录成功', '2020-10-04 23:30:16');
INSERT INTO `sys_logininfor` VALUES ('229', 'admin', '127.0.0.1', '内网IP', 'Chrome 8', 'Windows 10', '0', '登录成功', '2020-10-07 18:45:56');
INSERT INTO `sys_logininfor` VALUES ('230', 'admin', '127.0.0.1', '内网IP', 'Chrome', 'Windows 10', '0', '登录成功', '2020-10-08 22:38:09');
INSERT INTO `sys_logininfor` VALUES ('231', 'admin', '127.0.0.1', '内网IP', 'Chrome 8', 'Windows 10', '0', '登录成功', '2020-10-09 15:29:29');
INSERT INTO `sys_logininfor` VALUES ('232', 'admin', '127.0.0.1', '内网IP', 'Chrome', 'Windows 10', '0', '登录成功', '2020-10-09 17:20:13');
INSERT INTO `sys_logininfor` VALUES ('233', 'admin', '127.0.0.1', '内网IP', 'Chrome', 'Windows 10', '0', '登录成功', '2020-10-09 20:02:58');
INSERT INTO `sys_logininfor` VALUES ('234', 'admin', '127.0.0.1', '内网IP', 'Chrome', 'Windows 10', '0', '登录成功', '2020-10-09 21:16:15');
INSERT INTO `sys_logininfor` VALUES ('235', 'admin', '127.0.0.1', '内网IP', 'Chrome 8', 'Windows 10', '0', '登录成功', '2020-10-09 22:05:17');
INSERT INTO `sys_logininfor` VALUES ('236', 'admin', '127.0.0.1', '内网IP', 'Chrome 8', 'Windows 10', '0', '登录成功', '2020-10-09 22:09:51');
INSERT INTO `sys_logininfor` VALUES ('237', 'admin', '127.0.0.1', '内网IP', 'Chrome 8', 'Windows 10', '1', '验证码错误', '2020-10-09 22:10:55');
INSERT INTO `sys_logininfor` VALUES ('238', 'admin', '127.0.0.1', '内网IP', 'Chrome 8', 'Windows 10', '0', '登录成功', '2020-10-09 22:10:59');
INSERT INTO `sys_logininfor` VALUES ('239', 'admin', '127.0.0.1', '内网IP', 'Chrome 8', 'Windows 10', '0', '登录成功', '2020-10-09 22:42:29');
INSERT INTO `sys_logininfor` VALUES ('240', 'admin', '127.0.0.1', '内网IP', 'Chrome', 'Windows 10', '0', '登录成功', '2020-10-09 23:29:41');
INSERT INTO `sys_logininfor` VALUES ('241', 'admin', '127.0.0.1', '内网IP', 'Chrome', 'Windows 10', '0', '登录成功', '2020-10-09 23:42:07');
INSERT INTO `sys_logininfor` VALUES ('242', 'admin', '127.0.0.1', '内网IP', 'Chrome', 'Windows 10', '0', '登录成功', '2020-10-11 18:35:31');
INSERT INTO `sys_logininfor` VALUES ('243', 'admin', '127.0.0.1', '内网IP', 'Chrome', 'Windows 10', '0', '登录成功', '2020-10-11 19:24:37');
INSERT INTO `sys_logininfor` VALUES ('244', 'admin', '127.0.0.1', '内网IP', 'Chrome 8', 'Linux', '0', '登录成功', '2020-10-13 09:20:33');
INSERT INTO `sys_logininfor` VALUES ('245', 'admin', '127.0.0.1', '内网IP', 'Chrome', 'Windows 7', '1', '验证码已失效', '2020-10-13 16:53:27');
INSERT INTO `sys_logininfor` VALUES ('246', 'admin', '127.0.0.1', '内网IP', 'Chrome', 'Windows 7', '1', '验证码错误', '2020-10-13 16:53:30');
INSERT INTO `sys_logininfor` VALUES ('247', 'admin', '127.0.0.1', '内网IP', 'Chrome', 'Windows 7', '0', '登录成功', '2020-10-13 16:53:33');
INSERT INTO `sys_logininfor` VALUES ('248', 'admin', '192.168.89.38', '内网IP', 'Chrome 8', 'Windows 7', '0', '登录成功', '2020-10-13 16:56:19');
INSERT INTO `sys_logininfor` VALUES ('249', 'admin', '192.168.8.71', '内网IP', 'Internet Explorer 10', 'Windows 7', '0', '登录成功', '2020-10-13 16:59:31');
INSERT INTO `sys_logininfor` VALUES ('250', 'admin', '192.168.89.3', '内网IP', 'Chrome 8', 'Windows 7', '0', '登录成功', '2020-10-13 17:09:54');
INSERT INTO `sys_logininfor` VALUES ('251', 'admin', '127.0.0.1', '内网IP', 'Chrome', 'Windows 10', '0', '登录成功', '2020-10-13 20:57:26');
INSERT INTO `sys_logininfor` VALUES ('252', 'admin', '127.0.0.1', '内网IP', 'Chrome 8', 'Windows 10', '1', '验证码已失效', '2020-10-13 22:20:17');
INSERT INTO `sys_logininfor` VALUES ('253', 'admin', '127.0.0.1', '内网IP', 'Chrome 8', 'Windows 10', '0', '登录成功', '2020-10-13 22:20:23');
INSERT INTO `sys_logininfor` VALUES ('254', 'admin', '127.0.0.1', '内网IP', 'Chrome', 'Windows 10', '0', '登录成功', '2020-10-13 23:08:58');
INSERT INTO `sys_logininfor` VALUES ('255', 'admin', '127.0.0.1', '内网IP', 'Chrome 8', 'Windows 10', '0', '登录成功', '2020-10-13 23:45:52');
INSERT INTO `sys_logininfor` VALUES ('256', 'admin', '127.0.0.1', '内网IP', 'Chrome 8', 'Windows 10', '0', '登录成功', '2020-10-14 11:46:37');
INSERT INTO `sys_logininfor` VALUES ('257', 'admin', '127.0.0.1', '内网IP', 'Chrome 8', 'Windows 10', '1', '验证码错误', '2020-10-14 13:44:30');
INSERT INTO `sys_logininfor` VALUES ('258', 'admin', '127.0.0.1', '内网IP', 'Chrome 8', 'Windows 10', '0', '登录成功', '2020-10-14 13:44:36');
INSERT INTO `sys_logininfor` VALUES ('259', 'admin', '127.0.0.1', '内网IP', 'Chrome 8', 'Windows 10', '0', '登录成功', '2020-10-14 14:14:52');
INSERT INTO `sys_logininfor` VALUES ('260', 'admin', '127.0.0.1', '内网IP', 'Chrome', 'Windows 10', '0', '登录成功', '2020-10-14 15:09:46');
INSERT INTO `sys_logininfor` VALUES ('261', 'admin', '127.0.0.1', '内网IP', 'Internet Explorer 11', 'Windows 10', '0', '登录成功', '2020-10-14 16:05:01');
INSERT INTO `sys_logininfor` VALUES ('262', 'admin', '127.0.0.1', '内网IP', 'Chrome', 'Windows 10', '0', '登录成功', '2020-10-14 17:06:22');
INSERT INTO `sys_logininfor` VALUES ('263', 'admin', '127.0.0.1', '内网IP', 'Chrome 8', 'Windows 10', '0', '登录成功', '2020-10-14 22:46:35');
INSERT INTO `sys_logininfor` VALUES ('264', 'admin', '127.0.0.1', '内网IP', 'Chrome 8', 'Windows 10', '0', '登录成功', '2020-10-15 15:22:21');
INSERT INTO `sys_logininfor` VALUES ('265', 'admin', '127.0.0.1', '内网IP', 'Chrome 8', 'Windows 10', '0', '登录成功', '2020-10-15 17:24:23');
INSERT INTO `sys_logininfor` VALUES ('266', 'admin', '127.0.0.1', '内网IP', 'Chrome', 'Windows 10', '0', '登录成功', '2020-10-15 20:50:28');
INSERT INTO `sys_logininfor` VALUES ('267', 'admin', '127.0.0.1', '内网IP', 'Chrome 8', 'Windows 10', '0', '登录成功', '2020-10-15 22:22:37');
INSERT INTO `sys_logininfor` VALUES ('268', 'admin', '127.0.0.1', '内网IP', 'Chrome 8', 'Mac OS X', '0', '登录成功', '2020-10-16 13:53:25');
INSERT INTO `sys_logininfor` VALUES ('269', 'admin', '127.0.0.1', '内网IP', 'Chrome 8', 'Windows 10', '0', '登录成功', '2020-10-16 23:08:12');
INSERT INTO `sys_logininfor` VALUES ('270', 'admin', '127.0.0.1', '内网IP', 'Chrome 8', 'Windows 10', '0', '退出成功', '2020-10-16 23:39:15');
INSERT INTO `sys_logininfor` VALUES ('271', 'admin', '127.0.0.1', '内网IP', 'Chrome 8', 'Windows 10', '0', '登录成功', '2020-10-16 23:39:37');
INSERT INTO `sys_logininfor` VALUES ('272', 'admin', '127.0.0.1', '内网IP', 'Chrome 8', 'Windows 10', '0', '登录成功', '2020-10-17 00:33:47');
INSERT INTO `sys_logininfor` VALUES ('273', 'admin', '127.0.0.1', '内网IP', 'Chrome 8', 'Windows 10', '0', '登录成功', '2020-10-17 10:15:33');
INSERT INTO `sys_logininfor` VALUES ('274', 'admin', '127.0.0.1', '内网IP', 'Chrome 8', 'Windows 10', '0', '登录成功', '2020-10-17 13:31:03');
INSERT INTO `sys_logininfor` VALUES ('275', 'admin', '127.0.0.1', '内网IP', 'Chrome 8', 'Windows 10', '0', '退出成功', '2020-10-17 13:46:32');
INSERT INTO `sys_logininfor` VALUES ('276', 'admin', '127.0.0.1', '内网IP', 'Chrome 8', 'Windows 10', '0', '登录成功', '2020-10-17 13:46:44');
INSERT INTO `sys_logininfor` VALUES ('277', 'admin', '127.0.0.1', '内网IP', 'Chrome 8', 'Windows 10', '0', '登录成功', '2020-10-17 19:50:36');
INSERT INTO `sys_logininfor` VALUES ('278', 'admin', '127.0.0.1', '内网IP', 'Chrome 8', 'Windows 10', '0', '登录成功', '2020-10-17 20:39:31');
INSERT INTO `sys_logininfor` VALUES ('279', 'admin', '127.0.0.1', '内网IP', 'Chrome 8', 'Windows 10', '0', '登录成功', '2020-10-17 21:57:11');
INSERT INTO `sys_logininfor` VALUES ('280', 'admin', '127.0.0.1', '内网IP', 'Chrome 8', 'Windows 10', '0', '登录成功', '2020-10-17 23:41:34');
INSERT INTO `sys_logininfor` VALUES ('281', 'admin', '127.0.0.1', '内网IP', 'Chrome 8', 'Windows 10', '0', '登录成功', '2020-10-18 00:15:02');
INSERT INTO `sys_logininfor` VALUES ('282', 'admin', '127.0.0.1', '内网IP', 'Chrome 8', 'Windows 10', '0', '登录成功', '2020-10-18 14:48:57');
INSERT INTO `sys_logininfor` VALUES ('283', 'admin', '127.0.0.1', '内网IP', 'Chrome 8', 'Windows 10', '0', '登录成功', '2020-10-18 17:51:14');
INSERT INTO `sys_logininfor` VALUES ('284', 'admin', '127.0.0.1', '内网IP', 'Chrome 8', 'Windows 10', '0', '登录成功', '2020-10-18 21:16:10');
INSERT INTO `sys_logininfor` VALUES ('285', 'admin', '127.0.0.1', '内网IP', 'Chrome 8', 'Windows 10', '0', '登录成功', '2020-10-18 23:40:50');
INSERT INTO `sys_logininfor` VALUES ('286', 'admin', '127.0.0.1', '内网IP', 'Chrome 8', 'Windows 10', '0', '登录成功', '2020-10-19 09:43:29');
INSERT INTO `sys_logininfor` VALUES ('287', 'admin', '127.0.0.1', '内网IP', 'Chrome', 'Windows 10', '0', '登录成功', '2020-10-19 12:16:48');
INSERT INTO `sys_logininfor` VALUES ('288', 'admin', '127.0.0.1', '内网IP', 'Chrome 8', 'Windows 10', '0', '登录成功', '2020-10-19 14:32:08');
INSERT INTO `sys_logininfor` VALUES ('289', 'admin', '127.0.0.1', '内网IP', 'Chrome 8', 'Windows 10', '1', '验证码已失效', '2020-10-19 21:17:29');
INSERT INTO `sys_logininfor` VALUES ('290', 'admin', '127.0.0.1', '内网IP', 'Chrome 8', 'Windows 10', '1', '验证码错误', '2020-10-19 21:17:31');
INSERT INTO `sys_logininfor` VALUES ('291', 'admin', '127.0.0.1', '内网IP', 'Chrome 8', 'Windows 10', '0', '登录成功', '2020-10-19 21:17:38');
INSERT INTO `sys_logininfor` VALUES ('292', 'admin', '127.0.0.1', '内网IP', 'Chrome 8', 'Windows 10', '0', '登录成功', '2020-10-19 21:31:52');
INSERT INTO `sys_logininfor` VALUES ('293', 'admin', '127.0.0.1', '内网IP', 'Chrome', 'Windows 10', '0', '登录成功', '2020-10-19 21:34:39');
INSERT INTO `sys_logininfor` VALUES ('294', 'admin', '127.0.0.1', '内网IP', 'Chrome', 'Windows 10', '0', '登录成功', '2020-10-19 22:13:18');
INSERT INTO `sys_logininfor` VALUES ('295', 'admin', '127.0.0.1', '内网IP', 'Chrome 8', 'Windows 10', '0', '登录成功', '2020-10-19 23:27:33');
INSERT INTO `sys_logininfor` VALUES ('296', 'admin', '127.0.0.1', '内网IP', 'Chrome', 'Windows 10', '0', '登录成功', '2020-10-20 00:15:26');
INSERT INTO `sys_logininfor` VALUES ('297', 'admin', '58.243.250.15', 'XX XX', 'Chrome', 'Windows 10', '1', '验证码错误', '2020-10-20 10:04:05');
INSERT INTO `sys_logininfor` VALUES ('298', 'admin', '58.243.250.15', 'XX XX', 'Chrome', 'Windows 10', '0', '登录成功', '2020-10-20 10:04:09');
INSERT INTO `sys_logininfor` VALUES ('299', 'admin', '58.243.250.15', 'XX XX', 'Chrome', 'Windows 10', '0', '登录成功', '2020-10-20 10:07:31');
INSERT INTO `sys_logininfor` VALUES ('300', 'admin', '58.243.250.15', 'XX XX', 'Chrome', 'Windows 10', '0', '退出成功', '2020-10-20 10:07:43');
INSERT INTO `sys_logininfor` VALUES ('301', 'admin', '58.243.250.15', 'XX XX', 'Chrome', 'Windows 10', '0', '登录成功', '2020-10-20 10:07:58');
INSERT INTO `sys_logininfor` VALUES ('302', 'admin', '36.5.154.182', 'XX XX', 'Chrome 8', 'Windows 10', '0', '登录成功', '2020-10-20 10:20:58');

-- ----------------------------
-- Table structure for sys_menu
-- ----------------------------
DROP TABLE IF EXISTS `sys_menu`;
CREATE TABLE `sys_menu` (
  `menu_id` bigint NOT NULL AUTO_INCREMENT COMMENT '菜单ID',
  `menu_name` varchar(50) NOT NULL COMMENT '菜单名称',
  `parent_id` bigint DEFAULT '0' COMMENT '父菜单ID',
  `order_num` int DEFAULT '0' COMMENT '显示顺序',
  `path` varchar(200) DEFAULT '' COMMENT '路由地址',
  `component` varchar(255) DEFAULT NULL COMMENT '组件路径',
  `is_frame` int DEFAULT '1' COMMENT '是否为外链（0是 1否）',
  `menu_type` char(1) DEFAULT '' COMMENT '菜单类型（M目录 C菜单 F按钮）',
  `visible` char(1) DEFAULT '0' COMMENT '菜单状态（0显示 1隐藏）',
  `status` char(1) DEFAULT '0' COMMENT '菜单状态（0正常 1停用）',
  `perms` varchar(100) DEFAULT NULL COMMENT '权限标识',
  `icon` varchar(100) DEFAULT '#' COMMENT '菜单图标',
  `create_by` varchar(64) DEFAULT '' COMMENT '创建者',
  `create_time` datetime DEFAULT NULL COMMENT '创建时间',
  `update_by` varchar(64) DEFAULT '' COMMENT '更新者',
  `update_time` datetime DEFAULT NULL COMMENT '更新时间',
  `remark` varchar(500) DEFAULT '' COMMENT '备注',
  PRIMARY KEY (`menu_id`)
) ENGINE=InnoDB AUTO_INCREMENT=2001 DEFAULT CHARSET=utf8mb4 COLLATE=utf8mb4_0900_ai_ci COMMENT='菜单权限表';

-- ----------------------------
-- Records of sys_menu
-- ----------------------------
INSERT INTO `sys_menu` VALUES ('1', '系统管理', '0', '1', 'system', null, '1', 'M', '0', '0', '', 'system', 'admin', '2018-03-16 11:33:00', 'ry', '2018-03-16 11:33:00', '系统管理目录');
INSERT INTO `sys_menu` VALUES ('2', '系统监控', '0', '2', 'monitor', null, '1', 'M', '0', '0', '', 'monitor', 'admin', '2018-03-16 11:33:00', 'ry', '2018-03-16 11:33:00', '系统监控目录');
INSERT INTO `sys_menu` VALUES ('3', '系统工具', '0', '3', 'tool', null, '1', 'M', '0', '0', '', 'tool', 'admin', '2018-03-16 11:33:00', 'ry', '2018-03-16 11:33:00', '系统工具目录');
INSERT INTO `sys_menu` VALUES ('4', '塬微官网', '0', '4', 'http://test.org', null, '0', 'M', '0', '0', '', 'guide', 'admin', '2018-03-16 11:33:00', 'admin', '2020-10-18 17:52:08', '若依官网地址');
INSERT INTO `sys_menu` VALUES ('100', '用户管理', '1', '1', 'user', 'system/user/index', '1', 'C', '0', '0', 'system:user:list', 'user', 'admin', '2018-03-16 11:33:00', 'ry', '2018-03-16 11:33:00', '用户管理菜单');
INSERT INTO `sys_menu` VALUES ('101', '角色管理', '1', '2', 'role', 'system/role/index', '1', 'C', '0', '0', 'system:role:list', 'peoples', 'admin', '2018-03-16 11:33:00', 'ry', '2018-03-16 11:33:00', '角色管理菜单');
INSERT INTO `sys_menu` VALUES ('102', '菜单管理', '1', '3', 'menu', 'system/menu/index', '1', 'C', '0', '0', 'system:menu:list', 'tree-table', 'admin', '2018-03-16 11:33:00', 'ry', '2018-03-16 11:33:00', '菜单管理菜单');
INSERT INTO `sys_menu` VALUES ('103', '部门管理', '1', '4', 'dept', 'system/dept/index', '1', 'C', '0', '0', 'system:dept:list', 'tree', 'admin', '2018-03-16 11:33:00', 'ry', '2018-03-16 11:33:00', '部门管理菜单');
INSERT INTO `sys_menu` VALUES ('104', '岗位管理', '1', '5', 'post', 'system/post/index', '1', 'C', '0', '0', 'system:post:list', 'post', 'admin', '2018-03-16 11:33:00', 'ry', '2018-03-16 11:33:00', '岗位管理菜单');
INSERT INTO `sys_menu` VALUES ('105', '字典管理', '1', '6', 'dict', 'system/dict/index', '1', 'C', '0', '0', 'system:dict:list', 'dict', 'admin', '2018-03-16 11:33:00', 'ry', '2018-03-16 11:33:00', '字典管理菜单');
INSERT INTO `sys_menu` VALUES ('106', '参数设置', '1', '7', 'config', 'system/config/index', '1', 'C', '0', '0', 'system:config:list', 'edit', 'admin', '2018-03-16 11:33:00', 'ry', '2018-03-16 11:33:00', '参数设置菜单');
INSERT INTO `sys_menu` VALUES ('107', '通知公告', '1', '8', 'notice', 'system/notice/index', '1', 'C', '0', '0', 'system:notice:list', 'message', 'admin', '2018-03-16 11:33:00', 'ry', '2018-03-16 11:33:00', '通知公告菜单');
INSERT INTO `sys_menu` VALUES ('108', '日志管理', '1', '9', 'log', 'system/log/index', '1', 'M', '0', '0', '', 'log', 'admin', '2018-03-16 11:33:00', 'ry', '2018-03-16 11:33:00', '日志管理菜单');
INSERT INTO `sys_menu` VALUES ('109', '在线用户', '2', '1', 'online', 'monitor/online/index', '1', 'C', '0', '0', 'monitor:online:list', 'online', 'admin', '2018-03-16 11:33:00', 'ry', '2018-03-16 11:33:00', '在线用户菜单');
INSERT INTO `sys_menu` VALUES ('110', '定时任务', '2', '2', 'job', 'monitor/job/index', '1', 'C', '0', '0', 'monitor:job:list', 'job', 'admin', '2018-03-16 11:33:00', 'ry', '2018-03-16 11:33:00', '定时任务菜单');
INSERT INTO `sys_menu` VALUES ('111', '数据监控', '2', '3', 'druid', 'monitor/druid/index', '1', 'C', '0', '0', 'monitor:druid:list', 'druid', 'admin', '2018-03-16 11:33:00', 'ry', '2018-03-16 11:33:00', '数据监控菜单');
INSERT INTO `sys_menu` VALUES ('112', '服务监控', '2', '4', 'server', 'monitor/server/index', '1', 'C', '0', '0', 'monitor:server:list', 'server', 'admin', '2018-03-16 11:33:00', 'ry', '2018-03-16 11:33:00', '服务监控菜单');
INSERT INTO `sys_menu` VALUES ('113', '表单构建', '3', '1', 'build', 'tool/build/index', '1', 'C', '0', '0', 'tool:build:list', 'build', 'admin', '2018-03-16 11:33:00', 'ry', '2018-03-16 11:33:00', '表单构建菜单');
INSERT INTO `sys_menu` VALUES ('114', '代码生成', '3', '2', 'gen', 'tool/gen/index', '1', 'C', '0', '0', 'tool:gen:list', 'code', 'admin', '2018-03-16 11:33:00', 'ry', '2018-03-16 11:33:00', '代码生成菜单');
INSERT INTO `sys_menu` VALUES ('115', '系统接口', '3', '3', 'swagger', 'tool/swagger/index', '1', 'C', '0', '0', 'tool:swagger:list', 'swagger', 'admin', '2018-03-16 11:33:00', 'ry', '2018-03-16 11:33:00', '系统接口菜单');
INSERT INTO `sys_menu` VALUES ('500', '操作日志', '108', '1', 'operlog', 'monitor/operlog/index', '1', 'C', '0', '0', 'monitor:operlog:list', 'form', 'admin', '2018-03-16 11:33:00', 'ry', '2018-03-16 11:33:00', '操作日志菜单');
INSERT INTO `sys_menu` VALUES ('501', '登录日志', '108', '2', 'logininfor', 'monitor/logininfor/index', '1', 'C', '0', '0', 'monitor:logininfor:list', 'logininfor', 'admin', '2018-03-16 11:33:00', 'ry', '2018-03-16 11:33:00', '登录日志菜单');
INSERT INTO `sys_menu` VALUES ('1001', '用户查询', '100', '1', '', '', '1', 'F', '0', '0', 'system:user:query', '#', 'admin', '2018-03-16 11:33:00', 'ry', '2018-03-16 11:33:00', '');
INSERT INTO `sys_menu` VALUES ('1002', '用户新增', '100', '2', '', '', '1', 'F', '0', '0', 'system:user:add', '#', 'admin', '2018-03-16 11:33:00', 'ry', '2018-03-16 11:33:00', '');
INSERT INTO `sys_menu` VALUES ('1003', '用户修改', '100', '3', '', '', '1', 'F', '0', '0', 'system:user:edit', '#', 'admin', '2018-03-16 11:33:00', 'ry', '2018-03-16 11:33:00', '');
INSERT INTO `sys_menu` VALUES ('1004', '用户删除', '100', '4', '', '', '1', 'F', '0', '0', 'system:user:remove', '#', 'admin', '2018-03-16 11:33:00', 'ry', '2018-03-16 11:33:00', '');
INSERT INTO `sys_menu` VALUES ('1005', '用户导出', '100', '5', '', '', '1', 'F', '0', '0', 'system:user:export', '#', 'admin', '2018-03-16 11:33:00', 'ry', '2018-03-16 11:33:00', '');
INSERT INTO `sys_menu` VALUES ('1006', '用户导入', '100', '6', '', '', '1', 'F', '0', '0', 'system:user:import', '#', 'admin', '2018-03-16 11:33:00', 'ry', '2018-03-16 11:33:00', '');
INSERT INTO `sys_menu` VALUES ('1007', '重置密码', '100', '7', '', '', '1', 'F', '0', '0', 'system:user:resetPwd', '#', 'admin', '2018-03-16 11:33:00', 'ry', '2018-03-16 11:33:00', '');
INSERT INTO `sys_menu` VALUES ('1008', '角色查询', '101', '1', '', '', '1', 'F', '0', '0', 'system:role:query', '#', 'admin', '2018-03-16 11:33:00', 'ry', '2018-03-16 11:33:00', '');
INSERT INTO `sys_menu` VALUES ('1009', '角色新增', '101', '2', '', '', '1', 'F', '0', '0', 'system:role:add', '#', 'admin', '2018-03-16 11:33:00', 'ry', '2018-03-16 11:33:00', '');
INSERT INTO `sys_menu` VALUES ('1010', '角色修改', '101', '3', '', '', '1', 'F', '0', '0', 'system:role:edit', '#', 'admin', '2018-03-16 11:33:00', 'ry', '2018-03-16 11:33:00', '');
INSERT INTO `sys_menu` VALUES ('1011', '角色删除', '101', '4', '', '', '1', 'F', '0', '0', 'system:role:remove', '#', 'admin', '2018-03-16 11:33:00', 'ry', '2018-03-16 11:33:00', '');
INSERT INTO `sys_menu` VALUES ('1012', '角色导出', '101', '5', '', '', '1', 'F', '0', '0', 'system:role:export', '#', 'admin', '2018-03-16 11:33:00', 'ry', '2018-03-16 11:33:00', '');
INSERT INTO `sys_menu` VALUES ('1013', '菜单查询', '102', '1', '', '', '1', 'F', '0', '0', 'system:menu:query', '#', 'admin', '2018-03-16 11:33:00', 'ry', '2018-03-16 11:33:00', '');
INSERT INTO `sys_menu` VALUES ('1014', '菜单新增', '102', '2', '', '', '1', 'F', '0', '0', 'system:menu:add', '#', 'admin', '2018-03-16 11:33:00', 'ry', '2018-03-16 11:33:00', '');
INSERT INTO `sys_menu` VALUES ('1015', '菜单修改', '102', '3', '', '', '1', 'F', '0', '0', 'system:menu:edit', '#', 'admin', '2018-03-16 11:33:00', 'ry', '2018-03-16 11:33:00', '');
INSERT INTO `sys_menu` VALUES ('1016', '菜单删除', '102', '4', '', '', '1', 'F', '0', '0', 'system:menu:remove', '#', 'admin', '2018-03-16 11:33:00', 'ry', '2018-03-16 11:33:00', '');
INSERT INTO `sys_menu` VALUES ('1017', '部门查询', '103', '1', '', '', '1', 'F', '0', '0', 'system:dept:query', '#', 'admin', '2018-03-16 11:33:00', 'ry', '2018-03-16 11:33:00', '');
INSERT INTO `sys_menu` VALUES ('1018', '部门新增', '103', '2', '', '', '1', 'F', '0', '0', 'system:dept:add', '#', 'admin', '2018-03-16 11:33:00', 'ry', '2018-03-16 11:33:00', '');
INSERT INTO `sys_menu` VALUES ('1019', '部门修改', '103', '3', '', '', '1', 'F', '0', '0', 'system:dept:edit', '#', 'admin', '2018-03-16 11:33:00', 'ry', '2018-03-16 11:33:00', '');
INSERT INTO `sys_menu` VALUES ('1020', '部门删除', '103', '4', '', '', '1', 'F', '0', '0', 'system:dept:remove', '#', 'admin', '2018-03-16 11:33:00', 'ry', '2018-03-16 11:33:00', '');
INSERT INTO `sys_menu` VALUES ('1021', '岗位查询', '104', '1', '', '', '1', 'F', '0', '0', 'system:post:query', '#', 'admin', '2018-03-16 11:33:00', 'ry', '2018-03-16 11:33:00', '');
INSERT INTO `sys_menu` VALUES ('1022', '岗位新增', '104', '2', '', '', '1', 'F', '0', '0', 'system:post:add', '#', 'admin', '2018-03-16 11:33:00', 'ry', '2018-03-16 11:33:00', '');
INSERT INTO `sys_menu` VALUES ('1023', '岗位修改', '104', '3', '', '', '1', 'F', '0', '0', 'system:post:edit', '#', 'admin', '2018-03-16 11:33:00', 'ry', '2018-03-16 11:33:00', '');
INSERT INTO `sys_menu` VALUES ('1024', '岗位删除', '104', '4', '', '', '1', 'F', '0', '0', 'system:post:remove', '#', 'admin', '2018-03-16 11:33:00', 'ry', '2018-03-16 11:33:00', '');
INSERT INTO `sys_menu` VALUES ('1025', '岗位导出', '104', '5', '', '', '1', 'F', '0', '0', 'system:post:export', '#', 'admin', '2018-03-16 11:33:00', 'ry', '2018-03-16 11:33:00', '');
INSERT INTO `sys_menu` VALUES ('1026', '字典查询', '105', '1', '#', '', '1', 'F', '0', '0', 'system:dict:query', '#', 'admin', '2018-03-16 11:33:00', 'ry', '2018-03-16 11:33:00', '');
INSERT INTO `sys_menu` VALUES ('1027', '字典新增', '105', '2', '#', '', '1', 'F', '0', '0', 'system:dict:add', '#', 'admin', '2018-03-16 11:33:00', 'ry', '2018-03-16 11:33:00', '');
INSERT INTO `sys_menu` VALUES ('1028', '字典修改', '105', '3', '#', '', '1', 'F', '0', '0', 'system:dict:edit', '#', 'admin', '2018-03-16 11:33:00', 'ry', '2018-03-16 11:33:00', '');
INSERT INTO `sys_menu` VALUES ('1029', '字典删除', '105', '4', '#', '', '1', 'F', '0', '0', 'system:dict:remove', '#', 'admin', '2018-03-16 11:33:00', 'ry', '2018-03-16 11:33:00', '');
INSERT INTO `sys_menu` VALUES ('1030', '字典导出', '105', '5', '#', '', '1', 'F', '0', '0', 'system:dict:export', '#', 'admin', '2018-03-16 11:33:00', 'ry', '2018-03-16 11:33:00', '');
INSERT INTO `sys_menu` VALUES ('1031', '参数查询', '106', '1', '#', '', '1', 'F', '0', '0', 'system:config:query', '#', 'admin', '2018-03-16 11:33:00', 'ry', '2018-03-16 11:33:00', '');
INSERT INTO `sys_menu` VALUES ('1032', '参数新增', '106', '2', '#', '', '1', 'F', '0', '0', 'system:config:add', '#', 'admin', '2018-03-16 11:33:00', 'ry', '2018-03-16 11:33:00', '');
INSERT INTO `sys_menu` VALUES ('1033', '参数修改', '106', '3', '#', '', '1', 'F', '0', '0', 'system:config:edit', '#', 'admin', '2018-03-16 11:33:00', 'ry', '2018-03-16 11:33:00', '');
INSERT INTO `sys_menu` VALUES ('1034', '参数删除', '106', '4', '#', '', '1', 'F', '0', '0', 'system:config:remove', '#', 'admin', '2018-03-16 11:33:00', 'ry', '2018-03-16 11:33:00', '');
INSERT INTO `sys_menu` VALUES ('1035', '参数导出', '106', '5', '#', '', '1', 'F', '0', '0', 'system:config:export', '#', 'admin', '2018-03-16 11:33:00', 'ry', '2018-03-16 11:33:00', '');
INSERT INTO `sys_menu` VALUES ('1036', '公告查询', '107', '1', '#', '', '1', 'F', '0', '0', 'system:notice:query', '#', 'admin', '2018-03-16 11:33:00', 'ry', '2018-03-16 11:33:00', '');
INSERT INTO `sys_menu` VALUES ('1037', '公告新增', '107', '2', '#', '', '1', 'F', '0', '0', 'system:notice:add', '#', 'admin', '2018-03-16 11:33:00', 'ry', '2018-03-16 11:33:00', '');
INSERT INTO `sys_menu` VALUES ('1038', '公告修改', '107', '3', '#', '', '1', 'F', '0', '0', 'system:notice:edit', '#', 'admin', '2018-03-16 11:33:00', 'ry', '2018-03-16 11:33:00', '');
INSERT INTO `sys_menu` VALUES ('1039', '公告删除', '107', '4', '#', '', '1', 'F', '0', '0', 'system:notice:remove', '#', 'admin', '2018-03-16 11:33:00', 'ry', '2018-03-16 11:33:00', '');
INSERT INTO `sys_menu` VALUES ('1040', '操作查询', '500', '1', '#', '', '1', 'F', '0', '0', 'monitor:operlog:query', '#', 'admin', '2018-03-16 11:33:00', 'ry', '2018-03-16 11:33:00', '');
INSERT INTO `sys_menu` VALUES ('1041', '操作删除', '500', '2', '#', '', '1', 'F', '0', '0', 'monitor:operlog:remove', '#', 'admin', '2018-03-16 11:33:00', 'ry', '2018-03-16 11:33:00', '');
INSERT INTO `sys_menu` VALUES ('1042', '日志导出', '500', '4', '#', '', '1', 'F', '0', '0', 'monitor:operlog:export', '#', 'admin', '2018-03-16 11:33:00', 'ry', '2018-03-16 11:33:00', '');
INSERT INTO `sys_menu` VALUES ('1043', '登录查询', '501', '1', '#', '', '1', 'F', '0', '0', 'monitor:logininfor:query', '#', 'admin', '2018-03-16 11:33:00', 'ry', '2018-03-16 11:33:00', '');
INSERT INTO `sys_menu` VALUES ('1044', '登录删除', '501', '2', '#', '', '1', 'F', '0', '0', 'monitor:logininfor:remove', '#', 'admin', '2018-03-16 11:33:00', 'ry', '2018-03-16 11:33:00', '');
INSERT INTO `sys_menu` VALUES ('1045', '日志导出', '501', '3', '#', '', '1', 'F', '0', '0', 'monitor:logininfor:export', '#', 'admin', '2018-03-16 11:33:00', 'ry', '2018-03-16 11:33:00', '');
INSERT INTO `sys_menu` VALUES ('1046', '在线查询', '109', '1', '#', '', '1', 'F', '0', '0', 'monitor:online:query', '#', 'admin', '2018-03-16 11:33:00', 'ry', '2018-03-16 11:33:00', '');
INSERT INTO `sys_menu` VALUES ('1047', '批量强退', '109', '2', '#', '', '1', 'F', '0', '0', 'monitor:online:batchLogout', '#', 'admin', '2018-03-16 11:33:00', 'ry', '2018-03-16 11:33:00', '');
INSERT INTO `sys_menu` VALUES ('1048', '单条强退', '109', '3', '#', '', '1', 'F', '0', '0', 'monitor:online:forceLogout', '#', 'admin', '2018-03-16 11:33:00', 'ry', '2018-03-16 11:33:00', '');
INSERT INTO `sys_menu` VALUES ('1049', '任务查询', '110', '1', '#', '', '1', 'F', '0', '0', 'monitor:job:query', '#', 'admin', '2018-03-16 11:33:00', 'ry', '2018-03-16 11:33:00', '');
INSERT INTO `sys_menu` VALUES ('1050', '任务新增', '110', '2', '#', '', '1', 'F', '0', '0', 'monitor:job:add', '#', 'admin', '2018-03-16 11:33:00', 'ry', '2018-03-16 11:33:00', '');
INSERT INTO `sys_menu` VALUES ('1051', '任务修改', '110', '3', '#', '', '1', 'F', '0', '0', 'monitor:job:edit', '#', 'admin', '2018-03-16 11:33:00', 'ry', '2018-03-16 11:33:00', '');
INSERT INTO `sys_menu` VALUES ('1052', '任务删除', '110', '4', '#', '', '1', 'F', '0', '0', 'monitor:job:remove', '#', 'admin', '2018-03-16 11:33:00', 'ry', '2018-03-16 11:33:00', '');
INSERT INTO `sys_menu` VALUES ('1053', '状态修改', '110', '5', '#', '', '1', 'F', '0', '0', 'monitor:job:changeStatus', '#', 'admin', '2018-03-16 11:33:00', 'ry', '2018-03-16 11:33:00', '');
INSERT INTO `sys_menu` VALUES ('1054', '任务导出', '110', '7', '#', '', '1', 'F', '0', '0', 'monitor:job:export', '#', 'admin', '2018-03-16 11:33:00', 'ry', '2018-03-16 11:33:00', '');
INSERT INTO `sys_menu` VALUES ('1055', '生成查询', '114', '1', '#', '', '1', 'F', '0', '0', 'tool:gen:query', '#', 'admin', '2018-03-16 11:33:00', 'ry', '2018-03-16 11:33:00', '');
INSERT INTO `sys_menu` VALUES ('1056', '生成修改', '114', '2', '#', '', '1', 'F', '0', '0', 'tool:gen:edit', '#', 'admin', '2018-03-16 11:33:00', 'ry', '2018-03-16 11:33:00', '');
INSERT INTO `sys_menu` VALUES ('1057', '生成删除', '114', '3', '#', '', '1', 'F', '0', '0', 'tool:gen:remove', '#', 'admin', '2018-03-16 11:33:00', 'ry', '2018-03-16 11:33:00', '');
INSERT INTO `sys_menu` VALUES ('1058', '导入代码', '114', '2', '#', '', '1', 'F', '0', '0', 'tool:gen:import', '#', 'admin', '2018-03-16 11:33:00', 'ry', '2018-03-16 11:33:00', '');
INSERT INTO `sys_menu` VALUES ('1059', '预览代码', '114', '4', '#', '', '1', 'F', '0', '0', 'tool:gen:preview', '#', 'admin', '2018-03-16 11:33:00', 'ry', '2018-03-16 11:33:00', '');
INSERT INTO `sys_menu` VALUES ('1060', '生成代码', '114', '5', '#', '', '1', 'F', '0', '0', 'tool:gen:code', '#', 'admin', '2018-03-16 11:33:00', 'ry', '2018-03-16 11:33:00', '');

-- ----------------------------
-- Table structure for sys_notice
-- ----------------------------
DROP TABLE IF EXISTS `sys_notice`;
CREATE TABLE `sys_notice` (
  `notice_id` int NOT NULL AUTO_INCREMENT COMMENT '公告ID',
  `notice_title` varchar(50) NOT NULL COMMENT '公告标题',
  `notice_type` char(1) NOT NULL COMMENT '公告类型（1通知 2公告）',
  `notice_content` varchar(2000) DEFAULT NULL COMMENT '公告内容',
  `status` char(1) DEFAULT '0' COMMENT '公告状态（0正常 1关闭）',
  `create_by` varchar(64) DEFAULT '' COMMENT '创建者',
  `create_time` datetime DEFAULT NULL COMMENT '创建时间',
  `update_by` varchar(64) DEFAULT '' COMMENT '更新者',
  `update_time` datetime DEFAULT NULL COMMENT '更新时间',
  `remark` varchar(255) DEFAULT NULL COMMENT '备注',
  PRIMARY KEY (`notice_id`)
) ENGINE=InnoDB AUTO_INCREMENT=10 DEFAULT CHARSET=utf8mb4 COLLATE=utf8mb4_0900_ai_ci COMMENT='通知公告表';

-- ----------------------------
-- Records of sys_notice
-- ----------------------------
INSERT INTO `sys_notice` VALUES ('1', '温馨提醒：2018-07-01 若依新版本发布啦', '2', '新版本内容', '0', 'admin', '2018-03-16 11:33:00', 'ry', '2018-03-16 11:33:00', '管理员');
INSERT INTO `sys_notice` VALUES ('2', '维护通知：2018-07-01 若依系统凌晨维护', '1', '维护内容', '0', 'admin', '2018-03-16 11:33:00', 'ry', '2018-03-16 11:33:00', '管理员');

-- ----------------------------
-- Table structure for sys_oper_log
-- ----------------------------
DROP TABLE IF EXISTS `sys_oper_log`;
CREATE TABLE `sys_oper_log` (
  `oper_id` bigint NOT NULL AUTO_INCREMENT COMMENT '日志主键',
  `title` varchar(50) DEFAULT '' COMMENT '模块标题',
  `business_type` int DEFAULT '0' COMMENT '业务类型（0其它 1新增 2修改 3删除）',
  `method` varchar(100) DEFAULT '' COMMENT '方法名称',
  `request_method` varchar(10) DEFAULT '' COMMENT '请求方式',
  `operator_type` int DEFAULT '0' COMMENT '操作类别（0其它 1后台用户 2手机端用户）',
  `oper_name` varchar(50) DEFAULT '' COMMENT '操作人员',
  `dept_name` varchar(50) DEFAULT '' COMMENT '部门名称',
  `oper_url` varchar(255) DEFAULT '' COMMENT '请求URL',
  `oper_ip` varchar(50) DEFAULT '' COMMENT '主机地址',
  `oper_location` varchar(255) DEFAULT '' COMMENT '操作地点',
  `oper_param` varchar(2000) DEFAULT '' COMMENT '请求参数',
  `json_result` varchar(2000) DEFAULT '' COMMENT '返回参数',
  `status` int DEFAULT '0' COMMENT '操作状态（0正常 1异常）',
  `error_msg` varchar(2000) DEFAULT '' COMMENT '错误消息',
  `oper_time` datetime DEFAULT NULL COMMENT '操作时间',
  PRIMARY KEY (`oper_id`)
) ENGINE=InnoDB AUTO_INCREMENT=547 DEFAULT CHARSET=utf8mb4 COLLATE=utf8mb4_0900_ai_ci COMMENT='操作日志记录';

-- ----------------------------
-- Records of sys_oper_log
-- ----------------------------
INSERT INTO `sys_oper_log` VALUES ('100', '代码生成', '6', 'com.ruoyi.generator.controller.GenController.importTableSave()', 'POST', '1', 'admin', null, '/tool/gen/importTable', '127.0.0.1', '内网IP', 'wx_corp_account', '{\"msg\":\"操作成功\",\"code\":200}', '0', null, '2020-08-24 22:51:50');
INSERT INTO `sys_oper_log` VALUES ('101', '代码生成', '8', 'com.ruoyi.generator.controller.GenController.batchGenCode()', 'GET', '1', 'admin', null, '/tool/gen/batchGenCode', '127.0.0.1', '内网IP', '{}', 'null', '0', null, '2020-08-24 22:52:04');
INSERT INTO `sys_oper_log` VALUES ('102', '代码生成', '2', 'com.ruoyi.generator.controller.GenController.editSave()', 'PUT', '1', 'admin', null, '/tool/gen', '127.0.0.1', '内网IP', '{\"functionAuthor\":\"ruoyi\",\"columns\":[{\"usableColumn\":false,\"columnId\":1,\"isIncrement\":\"1\",\"increment\":true,\"insert\":true,\"dictType\":\"\",\"required\":false,\"superColumn\":false,\"updateBy\":\"\",\"isInsert\":\"1\",\"javaField\":\"id\",\"htmlType\":\"input\",\"edit\":false,\"query\":false,\"sort\":1,\"list\":false,\"params\":{},\"javaType\":\"Long\",\"queryType\":\"EQ\",\"columnType\":\"int\",\"createBy\":\"admin\",\"isPk\":\"1\",\"createTime\":1598280710000,\"tableId\":1,\"pk\":true,\"columnName\":\"id\"},{\"usableColumn\":false,\"columnId\":2,\"isIncrement\":\"0\",\"increment\":false,\"insert\":true,\"isList\":\"1\",\"dictType\":\"\",\"required\":false,\"superColumn\":false,\"updateBy\":\"\",\"isInsert\":\"1\",\"javaField\":\"companyName\",\"htmlType\":\"input\",\"edit\":true,\"query\":true,\"columnComment\":\"企业名称\",\"isQuery\":\"1\",\"sort\":2,\"list\":true,\"params\":{},\"javaType\":\"String\",\"queryType\":\"LIKE\",\"columnType\":\"varchar(100)\",\"createBy\":\"admin\",\"isPk\":\"0\",\"createTime\":1598280710000,\"isEdit\":\"1\",\"tableId\":1,\"pk\":false,\"columnName\":\"company_name\"},{\"usableColumn\":false,\"columnId\":3,\"isIncrement\":\"0\",\"increment\":false,\"insert\":true,\"isList\":\"1\",\"dictType\":\"\",\"required\":false,\"superColumn\":false,\"updateBy\":\"\",\"isInsert\":\"1\",\"javaField\":\"corpId\",\"htmlType\":\"input\",\"edit\":true,\"query\":true,\"columnComment\":\"企业ID\",\"isQuery\":\"1\",\"sort\":3,\"list\":true,\"params\":{},\"javaType\":\"String\",\"queryType\":\"EQ\",\"columnType\":\"varchar(64)\",\"createBy\":\"admin\",\"isPk\":\"0\",\"createTime\":1598280710000,\"isEdit\":\"1\",\"tableId\":1,\"pk\":false,\"columnName\":\"corp_id\"},{\"usableColumn\":false,\"columnId\":4,\"isIncrement\":\"0\",\"increment\":false,\"insert\":true,\"isList\":\"1\",\"dictType\":\"\",\"required\":false,\"superColumn\":false,\"updateBy\":\"\",\"isInsert\":\"1\",\"javaField\":\"corpSecret\",\"htmlType\":\"input\",\"edit\":true,\"query\":true,\"columnComment\":\"应用的密钥凭证\",\"isQuery\":\"1\",\"sort\":4,\"list\":true,\"params\":{},\"javaType\":\"String\",\"queryType\":\"EQ\",\"columnType\":\"varchar(64)\",\"createBy\":\"admin\",\"isPk\":\"0\",\"createTime\":1598280710000,\"isEdit\":\"1\",\"tableId\":1,\"pk\":false,\"columnName\":\"corp_secret\"},{\"usableColumn\":false,\"columnId\":5,\"isIncrem', '{\"msg\":\"操作成功\",\"code\":200}', '0', null, '2020-08-24 22:54:26');
INSERT INTO `sys_oper_log` VALUES ('103', '代码生成', '8', 'com.ruoyi.generator.controller.GenController.batchGenCode()', 'GET', '1', 'admin', null, '/tool/gen/batchGenCode', '127.0.0.1', '内网IP', '{}', 'null', '0', null, '2020-08-24 22:54:31');
INSERT INTO `sys_oper_log` VALUES ('104', '代码生成', '6', 'com.linkwechat.generator.controller.GenController.importTableSave()', 'POST', '1', 'admin', null, '/tool/gen/importTable', '127.0.0.1', '内网IP', 'we_user', '{\"msg\":\"操作成功\",\"code\":200}', '0', null, '2020-08-31 23:18:33');
INSERT INTO `sys_oper_log` VALUES ('105', '代码生成', '8', 'com.linkwechat.generator.controller.GenController.batchGenCode()', 'GET', '1', 'admin', null, '/tool/gen/batchGenCode', '127.0.0.1', '内网IP', '{}', 'null', '0', null, '2020-08-31 23:18:39');
INSERT INTO `sys_oper_log` VALUES ('106', '代码生成', '8', 'com.linkwechat.generator.controller.GenController.batchGenCode()', 'GET', '1', 'admin', null, '/tool/gen/batchGenCode', '127.0.0.1', '内网IP', '{}', 'null', '0', null, '2020-08-31 23:20:16');
INSERT INTO `sys_oper_log` VALUES ('107', '代码生成', '2', 'com.linkwechat.generator.controller.GenController.editSave()', 'PUT', '1', 'admin', null, '/tool/gen', '127.0.0.1', '内网IP', '{\"functionAuthor\":\"ruoyi\",\"columns\":[{\"usableColumn\":false,\"columnId\":11,\"isIncrement\":\"0\",\"increment\":false,\"insert\":true,\"dictType\":\"\",\"required\":false,\"superColumn\":false,\"updateBy\":\"\",\"isInsert\":\"1\",\"javaField\":\"id\",\"htmlType\":\"input\",\"edit\":false,\"query\":false,\"sort\":1,\"list\":false,\"params\":{},\"javaType\":\"Long\",\"queryType\":\"EQ\",\"columnType\":\"bigint\",\"createBy\":\"admin\",\"isPk\":\"1\",\"createTime\":1598887112000,\"tableId\":2,\"pk\":true,\"columnName\":\"id\"},{\"usableColumn\":false,\"columnId\":12,\"isIncrement\":\"0\",\"increment\":false,\"insert\":true,\"isList\":\"1\",\"dictType\":\"\",\"required\":false,\"superColumn\":false,\"updateBy\":\"\",\"isInsert\":\"1\",\"javaField\":\"headImageUrl\",\"htmlType\":\"input\",\"edit\":true,\"query\":true,\"columnComment\":\"头像地址\",\"isQuery\":\"1\",\"sort\":2,\"list\":true,\"params\":{},\"javaType\":\"String\",\"queryType\":\"EQ\",\"columnType\":\"varchar(255)\",\"createBy\":\"admin\",\"isPk\":\"0\",\"createTime\":1598887112000,\"isEdit\":\"1\",\"tableId\":2,\"pk\":false,\"columnName\":\"head_image_url\"},{\"usableColumn\":false,\"columnId\":13,\"isIncrement\":\"0\",\"increment\":false,\"insert\":true,\"isList\":\"1\",\"dictType\":\"\",\"required\":false,\"superColumn\":false,\"updateBy\":\"\",\"isInsert\":\"1\",\"javaField\":\"userName\",\"htmlType\":\"input\",\"edit\":true,\"query\":true,\"columnComment\":\"用户名称\",\"isQuery\":\"1\",\"sort\":3,\"list\":true,\"params\":{},\"javaType\":\"String\",\"queryType\":\"LIKE\",\"columnType\":\"varchar(200)\",\"createBy\":\"admin\",\"isPk\":\"0\",\"createTime\":1598887112000,\"isEdit\":\"1\",\"tableId\":2,\"pk\":false,\"columnName\":\"user_name\"},{\"usableColumn\":false,\"columnId\":14,\"isIncrement\":\"0\",\"increment\":false,\"insert\":true,\"isList\":\"1\",\"dictType\":\"\",\"required\":false,\"superColumn\":false,\"updateBy\":\"\",\"isInsert\":\"1\",\"javaField\":\"alias\",\"htmlType\":\"input\",\"edit\":true,\"query\":true,\"columnComment\":\"用户昵称\",\"isQuery\":\"1\",\"sort\":4,\"list\":true,\"params\":{},\"javaType\":\"String\",\"queryType\":\"EQ\",\"columnType\":\"varchar(100)\",\"createBy\":\"admin\",\"isPk\":\"0\",\"createTime\":1598887112000,\"isEdit\":\"1\",\"tableId\":2,\"pk\":false,\"columnName\":\"alias\"},{\"usableColumn\":false,\"columnId\":15,\"isIn', '{\"msg\":\"操作成功\",\"code\":200}', '0', null, '2020-08-31 23:21:14');
INSERT INTO `sys_oper_log` VALUES ('108', '代码生成', '8', 'com.linkwechat.generator.controller.GenController.batchGenCode()', 'GET', '1', 'admin', null, '/tool/gen/batchGenCode', '127.0.0.1', '内网IP', '{}', 'null', '0', null, '2020-08-31 23:21:18');
INSERT INTO `sys_oper_log` VALUES ('109', '代码生成', '6', 'com.linkwechat.generator.controller.GenController.importTableSave()', 'POST', '1', 'admin', null, '/tool/gen/importTable', '127.0.0.1', '内网IP', 'we_department', '{\"msg\":\"操作成功\",\"code\":200}', '0', null, '2020-08-31 23:59:43');
INSERT INTO `sys_oper_log` VALUES ('110', '代码生成', '2', 'com.linkwechat.generator.controller.GenController.editSave()', 'PUT', '1', 'admin', null, '/tool/gen', '127.0.0.1', '内网IP', '{\"functionAuthor\":\"ruoyi\",\"columns\":[{\"usableColumn\":false,\"columnId\":32,\"isIncrement\":\"0\",\"increment\":false,\"insert\":true,\"dictType\":\"\",\"required\":false,\"superColumn\":false,\"updateBy\":\"\",\"isInsert\":\"1\",\"javaField\":\"id\",\"htmlType\":\"input\",\"edit\":false,\"query\":false,\"sort\":1,\"list\":false,\"params\":{},\"javaType\":\"Long\",\"queryType\":\"EQ\",\"columnType\":\"bigint\",\"createBy\":\"admin\",\"isPk\":\"1\",\"createTime\":1598889583000,\"tableId\":3,\"pk\":true,\"columnName\":\"id\"},{\"usableColumn\":false,\"columnId\":33,\"isIncrement\":\"0\",\"increment\":false,\"insert\":true,\"isList\":\"1\",\"dictType\":\"\",\"required\":true,\"superColumn\":false,\"updateBy\":\"\",\"isInsert\":\"1\",\"isRequired\":\"1\",\"javaField\":\"name\",\"htmlType\":\"input\",\"edit\":true,\"query\":true,\"columnComment\":\"部门名称\",\"isQuery\":\"1\",\"sort\":2,\"list\":true,\"params\":{},\"javaType\":\"String\",\"queryType\":\"LIKE\",\"columnType\":\"varchar(64)\",\"createBy\":\"admin\",\"isPk\":\"0\",\"createTime\":1598889583000,\"isEdit\":\"1\",\"tableId\":3,\"pk\":false,\"columnName\":\"name\"},{\"usableColumn\":false,\"columnId\":34,\"isIncrement\":\"0\",\"increment\":false,\"insert\":true,\"isList\":\"1\",\"dictType\":\"\",\"required\":false,\"superColumn\":false,\"updateBy\":\"\",\"isInsert\":\"1\",\"javaField\":\"nameEn\",\"htmlType\":\"input\",\"edit\":true,\"query\":true,\"columnComment\":\"部门英文名称\",\"isQuery\":\"1\",\"sort\":3,\"list\":true,\"params\":{},\"javaType\":\"String\",\"queryType\":\"EQ\",\"columnType\":\"varchar(32)\",\"createBy\":\"admin\",\"isPk\":\"0\",\"createTime\":1598889583000,\"isEdit\":\"1\",\"tableId\":3,\"pk\":false,\"columnName\":\"name_en\"},{\"usableColumn\":true,\"columnId\":35,\"isIncrement\":\"0\",\"increment\":false,\"insert\":true,\"isList\":\"1\",\"dictType\":\"\",\"required\":true,\"superColumn\":true,\"updateBy\":\"\",\"isInsert\":\"1\",\"isRequired\":\"1\",\"javaField\":\"parentId\",\"htmlType\":\"input\",\"edit\":true,\"query\":true,\"isQuery\":\"1\",\"sort\":4,\"list\":true,\"params\":{},\"javaType\":\"Long\",\"queryType\":\"EQ\",\"columnType\":\"bigint\",\"createBy\":\"admin\",\"isPk\":\"0\",\"createTime\":1598889583000,\"isEdit\":\"1\",\"tableId\":3,\"pk\":false,\"columnName\":\"parent_id\"},{\"usableColumn\":false,\"columnId\":36,\"isIncrement\":\"0\",\"in', '{\"msg\":\"操作成功\",\"code\":200}', '0', null, '2020-09-01 00:00:45');
INSERT INTO `sys_oper_log` VALUES ('111', '代码生成', '8', 'com.linkwechat.generator.controller.GenController.batchGenCode()', 'GET', '1', 'admin', null, '/tool/gen/batchGenCode', '127.0.0.1', '内网IP', '{}', 'null', '0', null, '2020-09-01 00:00:49');
INSERT INTO `sys_oper_log` VALUES ('112', '代码生成', '8', 'com.linkwechat.generator.controller.GenController.batchGenCode()', 'GET', '1', 'admin', null, '/tool/gen/batchGenCode', '127.0.0.1', '内网IP', '{}', 'null', '0', null, '2020-09-01 00:01:08');
INSERT INTO `sys_oper_log` VALUES ('113', '代码生成', '8', 'com.linkwechat.generator.controller.GenController.batchGenCode()', 'GET', '1', 'admin', null, '/tool/gen/batchGenCode', '127.0.0.1', '内网IP', '{}', 'null', '0', null, '2020-09-01 00:01:19');
INSERT INTO `sys_oper_log` VALUES ('114', '企业id相关配置', '1', 'com.linkwechat.web.controller.wecom.WeCorpAccountController.add()', 'POST', '1', 'admin', null, '/wecom/corp', '127.0.0.1', '内网IP', '{\"corpId\":\"ww6f68f9d2125b5c84\",\"companyName\":\"合肥猿典工业设计有限公司\",\"corpSecret\":\"c7gvKGVC3v2Cj-FA15BTvV7U4103EdVqZ8VL6DRShSs\",\"params\":{},\"createTime\":1599370013457,\"id\":1}', '{\"msg\":\"操作成功\",\"code\":200}', '0', null, '2020-09-06 13:26:45');
INSERT INTO `sys_oper_log` VALUES ('115', '企业id相关配置', '1', 'com.linkwechat.web.controller.wecom.WeCorpAccountController.add()', 'POST', '1', 'admin', null, '/wecom/corp', '127.0.0.1', '内网IP', '{\"corpId\":\"ww6f68f9d2125b5c84\",\"companyName\":\"合肥猿典工业设计有限公司\",\"corpSecret\":\"c7gvKGVC3v2Cj-FA15BTvV7U4103EdVqZ8VL6DRShSs\",\"params\":{},\"createTime\":1599370098252,\"id\":2}', '{\"msg\":\"操作成功\",\"code\":200}', '0', null, '2020-09-06 13:28:10');
INSERT INTO `sys_oper_log` VALUES ('116', '企业id相关配置', '2', 'com.linkwechat.web.controller.wecom.WeCorpAccountController.edit()', 'PUT', '1', 'admin', null, '/wecom/corp', '127.0.0.1', '内网IP', '{\"corpId\":\"ww6f68f9d2125b5c84\",\"companyName\":\"合肥猿典工业设计有限公司1\",\"corpSecret\":\"c7gvKGVC3v2Cj-FA15BTvV7U4103EdVqZ8VL6DRShSs\",\"updateTime\":1599377530767,\"delFlag\":\"0\",\"params\":{},\"createTime\":1599370013000,\"id\":1,\"status\":\"1\"}', '{\"msg\":\"操作成功\",\"code\":200}', '0', null, '2020-09-06 15:32:03');
INSERT INTO `sys_oper_log` VALUES ('117', '企业id相关配置', '2', 'com.linkwechat.web.controller.wecom.WeCorpAccountController.edit()', 'PUT', '1', 'admin', null, '/wecom/corp', '127.0.0.1', '内网IP', '{\"corpId\":\"ww6f68f9d2125b5c84\",\"companyName\":\"合肥猿典工业设计有限公司\",\"corpSecret\":\"c7gvKGVC3v2Cj-FA15BTvV7U4103EdVqZ8VL6DRShSs\",\"updateTime\":1599377551257,\"delFlag\":\"0\",\"params\":{},\"createTime\":1599370013000,\"id\":1,\"status\":\"1\"}', '{\"msg\":\"操作成功\",\"code\":200}', '0', null, '2020-09-06 15:32:23');
INSERT INTO `sys_oper_log` VALUES ('118', '企业微信组织架构相关', '1', 'com.linkwechat.web.controller.wecom.WeDepartmentController.add()', 'POST', '1', 'admin', null, '/wecom/department', '127.0.0.1', '内网IP', '{\"params\":{},\"parentId\":0}', '{\"msg\":\"操作成功\",\"code\":200}', '0', null, '2020-09-06 19:11:46');
INSERT INTO `sys_oper_log` VALUES ('119', '企业微信组织架构相关', '1', 'com.linkwechat.web.controller.wecom.WeDepartmentController.add()', 'POST', '1', 'admin', null, '/wecom/department', '127.0.0.1', '内网IP', '{\"name\":\"string\",\"params\":{},\"parentId\":0}', '{\"msg\":\"操作成功\",\"code\":200}', '0', null, '2020-09-06 19:15:53');
INSERT INTO `sys_oper_log` VALUES ('120', '企业微信组织架构相关', '1', 'com.linkwechat.web.controller.wecom.WeDepartmentController.add()', 'POST', '1', 'admin', null, '/wecom/department', '127.0.0.1', '内网IP', '{\"name\":\"string\",\"params\":{},\"parentId\":22222}', '{\"msg\":\"操作成功\",\"code\":200}', '0', null, '2020-09-06 19:16:39');
INSERT INTO `sys_oper_log` VALUES ('121', '企业微信组织架构相关', '1', 'com.linkwechat.web.controller.wecom.WeDepartmentController.add()', 'POST', '1', 'admin', null, '/wecom/department', '127.0.0.1', '内网IP', '{\"params\":{}}', '{\"msg\":\"操作成功\",\"code\":200}', '0', null, '2020-09-06 19:17:47');
INSERT INTO `sys_oper_log` VALUES ('122', '企业微信组织架构相关', '1', 'com.linkwechat.web.controller.wecom.WeDepartmentController.add()', 'POST', '1', 'admin', null, '/wecom/department', '127.0.0.1', '内网IP', '{\"name\":\"string\",\"params\":{},\"parentId\":22222}', '{\"msg\":\"操作成功\",\"code\":200}', '0', null, '2020-09-06 19:19:17');
INSERT INTO `sys_oper_log` VALUES ('123', '企业微信组织架构相关', '1', 'com.linkwechat.web.controller.wecom.WeDepartmentController.add()', 'POST', '1', 'admin', null, '/wecom/department', '127.0.0.1', '内网IP', '{\"name\":\"string\",\"params\":{},\"parentId\":22222}', '{\"msg\":\"操作成功\",\"code\":200}', '0', null, '2020-09-06 19:48:16');
INSERT INTO `sys_oper_log` VALUES ('124', '企业微信组织架构相关', '1', 'com.linkwechat.web.controller.wecom.WeDepartmentController.add()', 'POST', '1', 'admin', null, '/wecom/department', '127.0.0.1', '内网IP', '{\"name\":\"销售部\",\"params\":{},\"parentId\":1}', 'null', '1', '', '2020-09-06 19:55:41');
INSERT INTO `sys_oper_log` VALUES ('125', '企业微信组织架构相关', '1', 'com.linkwechat.web.controller.wecom.WeDepartmentController.add()', 'POST', '1', 'admin', null, '/wecom/department', '127.0.0.1', '内网IP', '{\"name\":\"销售部\",\"params\":{},\"parentId\":1}', 'null', '1', '', '2020-09-06 19:56:29');
INSERT INTO `sys_oper_log` VALUES ('126', '企业微信组织架构相关', '1', 'com.linkwechat.web.controller.wecom.WeDepartmentController.add()', 'POST', '1', 'admin', null, '/wecom/department', '127.0.0.1', '内网IP', '{\"name\":\"销售部\",\"params\":{},\"parentId\":1}', 'null', '1', 'HTTP 404 Error: ', '2020-09-06 20:02:04');
INSERT INTO `sys_oper_log` VALUES ('127', '企业微信组织架构相关', '1', 'com.linkwechat.web.controller.wecom.WeDepartmentController.add()', 'POST', '1', 'admin', null, '/wecom/department', '127.0.0.1', '内网IP', '{\"name\":\"销售部\",\"params\":{},\"parentId\":1}', 'null', '1', 'HTTP 404 Error: ', '2020-09-06 20:03:32');
INSERT INTO `sys_oper_log` VALUES ('128', '企业微信组织架构相关', '1', 'com.linkwechat.web.controller.wecom.WeDepartmentController.add()', 'POST', '1', 'admin', null, '/wecom/department', '127.0.0.1', '内网IP', '{\"name\":\"销售部\",\"params\":{},\"parentId\":1}', 'null', '1', 'HTTP 404 Error: ', '2020-09-06 20:05:00');
INSERT INTO `sys_oper_log` VALUES ('129', '企业微信组织架构相关', '1', 'com.linkwechat.web.controller.wecom.WeDepartmentController.add()', 'POST', '1', 'admin', null, '/wecom/department', '127.0.0.1', '内网IP', '{\"name\":\"销售部\",\"params\":{},\"parentId\":1}', 'null', '1', 'HTTP 404 Error: ', '2020-09-06 20:06:39');
INSERT INTO `sys_oper_log` VALUES ('130', '企业微信组织架构相关', '1', 'com.linkwechat.web.controller.wecom.WeDepartmentController.add()', 'POST', '1', 'admin', null, '/wecom/department', '127.0.0.1', '内网IP', '{\"name\":\"销售部\",\"params\":{},\"parentId\":1}', '{\"msg\":\"操作成功\",\"code\":200}', '0', null, '2020-09-06 20:14:43');
INSERT INTO `sys_oper_log` VALUES ('131', '企业微信组织架构相关', '1', 'com.linkwechat.web.controller.wecom.WeDepartmentController.add()', 'POST', '1', 'admin', null, '/wecom/department', '127.0.0.1', '内网IP', '{\"name\":\"销售部\",\"params\":{},\"parentId\":1}', '{\"msg\":\"操作成功\",\"code\":200}', '0', null, '2020-09-06 20:15:45');
INSERT INTO `sys_oper_log` VALUES ('132', '企业微信组织架构相关', '1', 'com.linkwechat.web.controller.wecom.WeDepartmentController.add()', 'POST', '1', 'admin', null, '/wecom/department', '127.0.0.1', '内网IP', '{\"name\":\"销售部\",\"params\":{},\"parentId\":1}', '{\"msg\":\"操作失败\",\"code\":500}', '0', null, '2020-09-06 20:19:39');
INSERT INTO `sys_oper_log` VALUES ('133', '企业微信组织架构相关', '1', 'com.linkwechat.web.controller.wecom.WeDepartmentController.add()', 'POST', '1', 'admin', null, '/wecom/department', '127.0.0.1', '内网IP', '{\"name\":\"销售部\",\"params\":{},\"parentId\":1}', 'null', '1', 'Warning: wrong json format. api forbidden, hint: [1599395302_56_5a236966d86cbbc330edb71dab2c31c1], from ip: 183.160.225.128, more info at https://open.work.weixin.qq.com/devtool/query?e=48002', '2020-09-06 20:28:22');
INSERT INTO `sys_oper_log` VALUES ('134', '企业微信组织架构相关', '1', 'com.linkwechat.web.controller.wecom.WeDepartmentController.add()', 'POST', '1', 'admin', null, '/wecom/department', '127.0.0.1', '内网IP', '{\"name\":\"销售部\",\"params\":{},\"parentId\":1}', 'null', '1', 'Warning: wrong json format. department invalid length, hint: [1599398034_56_daafdb2a81322c8c2ad9e38053360286], from ip: 183.160.225.128, more info at https://open.work.weixin.qq.com/devtool/query?e=60001', '2020-09-06 21:13:54');
INSERT INTO `sys_oper_log` VALUES ('135', '企业微信组织架构相关', '1', 'com.linkwechat.web.controller.wecom.WeDepartmentController.add()', 'POST', '1', 'admin', null, '/wecom/department', '127.0.0.1', '内网IP', '{\"name\":\"销售部\",\"params\":{},\"parentId\":1}', 'null', '1', 'department invalid length, hint: [1599398177_54_8d5ebd6bf93e9e06dd4bf2c44453457a], from ip: 183.160.225.128, more info at https://open.work.weixin.qq.com/devtool/query?e=60001', '2020-09-06 21:16:17');
INSERT INTO `sys_oper_log` VALUES ('136', '企业微信组织架构相关', '1', 'com.linkwechat.web.controller.wecom.WeDepartmentController.add()', 'POST', '1', 'admin', null, '/wecom/department', '127.0.0.1', '内网IP', '{\"name\":\"开发部\",\"params\":{},\"parentId\":1}', 'null', '1', 'department invalid length, hint: [1599398389_56_4cb0cded8255ba6187976ded0a9cb9e3], from ip: 183.160.225.128, more info at https://open.work.weixin.qq.com/devtool/query?e=60001', '2020-09-06 21:19:49');
INSERT INTO `sys_oper_log` VALUES ('137', '企业微信组织架构相关', '1', 'com.linkwechat.web.controller.wecom.WeDepartmentController.add()', 'POST', '1', 'admin', null, '/wecom/department', '127.0.0.1', '内网IP', '{\"name\":\"开发部\",\"params\":{},\"parentId\":1}', 'null', '1', 'department invalid length, hint: [1599398461_52_5ed7a495b3ab30d09dfb0be0629034fb], from ip: 183.160.225.128, more info at https://open.work.weixin.qq.com/devtool/query?e=60001', '2020-09-06 21:21:29');
INSERT INTO `sys_oper_log` VALUES ('138', '企业微信组织架构相关', '1', 'com.linkwechat.web.controller.wecom.WeDepartmentController.add()', 'POST', '1', 'admin', null, '/wecom/department', '127.0.0.1', '内网IP', '{\"name\":\"开发部\",\"params\":{},\"parentId\":1}', 'null', '1', 'nested exception is org.apache.ibatis.reflection.ReflectionException: There is no getter for property named \'nameEn\' in \'class com.linkwechat.wecom.domain.WeDepartment\'', '2020-09-06 21:24:11');
INSERT INTO `sys_oper_log` VALUES ('139', '企业微信组织架构相关', '1', 'com.linkwechat.web.controller.wecom.WeDepartmentController.add()', 'POST', '1', 'admin', null, '/wecom/department', '127.0.0.1', '内网IP', '{\"name\":\"开发部\",\"params\":{},\"parentId\":1}', 'null', '1', '\r\n### Error updating database.  Cause: java.sql.SQLException: Field \'id\' doesn\'t have a default value\r\n### The error may involve com.linkwechat.wecom.mapper.WeDepartmentMapper.insertWeDepartment-Inline\r\n### The error occurred while setting parameters\r\n### SQL: insert into we_department          ( name,             parent_id )           values ( ?,             ? )\r\n### Cause: java.sql.SQLException: Field \'id\' doesn\'t have a default value\n; Field \'id\' doesn\'t have a default value; nested exception is java.sql.SQLException: Field \'id\' doesn\'t have a default value', '2020-09-06 21:26:26');
INSERT INTO `sys_oper_log` VALUES ('140', '企业微信组织架构相关', '1', 'com.linkwechat.web.controller.wecom.WeDepartmentController.add()', 'POST', '1', 'admin', null, '/wecom/department', '127.0.0.1', '内网IP', '{\"name\":\"开发部\",\"params\":{},\"parentId\":1}', 'null', '1', '\r\n### Error updating database.  Cause: java.sql.SQLException: Field \'id\' doesn\'t have a default value\r\n### The error may involve com.linkwechat.wecom.mapper.WeDepartmentMapper.insertWeDepartment-Inline\r\n### The error occurred while setting parameters\r\n### SQL: insert into we_department          ( name,             parent_id )           values ( ?,             ? )\r\n### Cause: java.sql.SQLException: Field \'id\' doesn\'t have a default value\n; Field \'id\' doesn\'t have a default value; nested exception is java.sql.SQLException: Field \'id\' doesn\'t have a default value', '2020-09-06 21:31:23');
INSERT INTO `sys_oper_log` VALUES ('141', '企业微信组织架构相关', '1', 'com.linkwechat.web.controller.wecom.WeDepartmentController.add()', 'POST', '1', 'admin', null, '/wecom/department', '127.0.0.1', '内网IP', '{\"name\":\"开发部\",\"id\":2,\"params\":{},\"parentId\":1}', '{\"msg\":\"操作成功\",\"code\":200}', '0', null, '2020-09-06 21:32:09');
INSERT INTO `sys_oper_log` VALUES ('142', '企业微信组织架构相关', '1', 'com.linkwechat.web.controller.wecom.WeDepartmentController.add()', 'POST', '1', 'admin', null, '/wecom/department', '127.0.0.1', '内网IP', '{\"name\":\"开发部\",\"params\":{},\"parentId\":1}', 'null', '1', '\r\n### Error updating database.  Cause: java.sql.SQLException: Field \'id\' doesn\'t have a default value\r\n### The error may involve com.linkwechat.wecom.mapper.WeDepartmentMapper.insertWeDepartment-Inline\r\n### The error occurred while setting parameters\r\n### SQL: insert into we_department          ( name,             parent_id )           values ( ?,             ? )\r\n### Cause: java.sql.SQLException: Field \'id\' doesn\'t have a default value\n; Field \'id\' doesn\'t have a default value; nested exception is java.sql.SQLException: Field \'id\' doesn\'t have a default value', '2020-09-06 21:37:18');
INSERT INTO `sys_oper_log` VALUES ('143', '企业微信组织架构相关', '1', 'com.linkwechat.web.controller.wecom.WeDepartmentController.add()', 'POST', '1', 'admin', null, '/wecom/department', '127.0.0.1', '内网IP', '{\"name\":\"开发部\",\"id\":1302603859704811520,\"params\":{},\"parentId\":1}', '{\"msg\":\"操作成功\",\"code\":200}', '0', null, '2020-09-06 21:45:29');
INSERT INTO `sys_oper_log` VALUES ('144', '企业微信组织架构相关', '2', 'com.linkwechat.web.controller.wecom.WeDepartmentController.edit()', 'PUT', '1', 'admin', null, '/wecom/department', '127.0.0.1', '内网IP', '{\"name\":\"销售部\",\"id\":1302603859704811520,\"params\":{},\"parentId\":1}', 'null', '1', 'nested exception is org.apache.ibatis.reflection.ReflectionException: There is no getter for property named \'nameEn\' in \'class com.linkwechat.wecom.domain.WeDepartment\'', '2020-09-06 21:55:59');
INSERT INTO `sys_oper_log` VALUES ('145', '企业微信组织架构相关', '2', 'com.linkwechat.web.controller.wecom.WeDepartmentController.edit()', 'PUT', '1', 'admin', null, '/wecom/department', '127.0.0.1', '内网IP', '{\"name\":\"销售部\",\"id\":1302603859704811520,\"params\":{},\"parentId\":1}', '{\"msg\":\"操作成功\",\"code\":200}', '0', null, '2020-09-06 21:57:18');
INSERT INTO `sys_oper_log` VALUES ('146', '企业微信组织架构相关', '2', 'com.linkwechat.web.controller.wecom.WeDepartmentController.edit()', 'PUT', '1', 'admin', null, '/wecom/department', '127.0.0.1', '内网IP', '{\"name\":\"技术部\",\"id\":1302603859704811520,\"params\":{},\"parentId\":1}', '{\"msg\":\"操作成功\",\"code\":200}', '0', null, '2020-09-06 21:57:56');
INSERT INTO `sys_oper_log` VALUES ('147', '企业微信组织架构相关', '1', 'com.linkwechat.web.controller.wecom.WeDepartmentController.add()', 'POST', '1', 'admin', null, '/wecom/department', '127.0.0.1', '内网IP', '{\"name\":\"设计部\",\"id\":1302962385031663616,\"params\":{},\"parentId\":0}', 'null', '1', 'java.io.IOException: unexpected end of stream on https://qyapi.weixin.qq.com/...', '2020-09-07 21:33:07');
INSERT INTO `sys_oper_log` VALUES ('148', '企业微信组织架构相关', '1', 'com.linkwechat.web.controller.wecom.WeDepartmentController.add()', 'POST', '1', 'admin', null, '/wecom/department', '127.0.0.1', '内网IP', '{\"name\":\"销售部\",\"id\":1302963369036353536,\"params\":{},\"parentId\":0}', 'null', '1', 'java.io.IOException: unexpected end of stream on https://qyapi.weixin.qq.com/...', '2020-09-07 21:38:09');
INSERT INTO `sys_oper_log` VALUES ('149', '企业微信组织架构相关', '1', 'com.linkwechat.web.controller.wecom.WeDepartmentController.add()', 'POST', '1', 'admin', null, '/wecom/department', '127.0.0.1', '内网IP', '{\"name\":\"销售部\",\"id\":1302964651742597120,\"params\":{},\"parentId\":0}', 'null', '1', 'java.io.IOException: unexpected end of stream on https://qyapi.weixin.qq.com/...', '2020-09-07 21:42:08');
INSERT INTO `sys_oper_log` VALUES ('150', '代码生成', '6', 'com.linkwechat.generator.controller.GenController.importTableSave()', 'POST', '1', 'admin', null, '/tool/gen/importTable', '127.0.0.1', '内网IP', 'we_tag,we_tag_group', '{\"msg\":\"操作成功\",\"code\":200}', '0', null, '2020-09-07 23:54:41');
INSERT INTO `sys_oper_log` VALUES ('151', '代码生成', '2', 'com.linkwechat.generator.controller.GenController.editSave()', 'PUT', '1', 'admin', null, '/tool/gen', '127.0.0.1', '内网IP', '{\"functionAuthor\":\"ruoyi\",\"columns\":[{\"usableColumn\":false,\"columnId\":38,\"isIncrement\":\"0\",\"increment\":false,\"insert\":true,\"dictType\":\"\",\"required\":false,\"superColumn\":false,\"updateBy\":\"\",\"isInsert\":\"1\",\"javaField\":\"id\",\"htmlType\":\"input\",\"edit\":false,\"query\":false,\"sort\":1,\"list\":false,\"params\":{},\"javaType\":\"Long\",\"queryType\":\"EQ\",\"columnType\":\"bigint\",\"createBy\":\"admin\",\"isPk\":\"1\",\"createTime\":1599494080000,\"tableId\":4,\"pk\":true,\"columnName\":\"id\"},{\"usableColumn\":false,\"columnId\":39,\"isIncrement\":\"0\",\"increment\":false,\"insert\":true,\"isList\":\"1\",\"dictType\":\"\",\"required\":true,\"superColumn\":false,\"updateBy\":\"\",\"isInsert\":\"1\",\"isRequired\":\"1\",\"javaField\":\"groupId\",\"htmlType\":\"input\",\"edit\":true,\"query\":true,\"columnComment\":\"标签组id\",\"isQuery\":\"1\",\"sort\":2,\"list\":true,\"params\":{},\"javaType\":\"Long\",\"queryType\":\"EQ\",\"columnType\":\"bigint\",\"createBy\":\"admin\",\"isPk\":\"0\",\"createTime\":1599494080000,\"isEdit\":\"1\",\"tableId\":4,\"pk\":false,\"columnName\":\"group_id\"},{\"usableColumn\":false,\"columnId\":40,\"isIncrement\":\"0\",\"increment\":false,\"insert\":true,\"isList\":\"1\",\"dictType\":\"\",\"required\":false,\"superColumn\":false,\"updateBy\":\"\",\"isInsert\":\"1\",\"javaField\":\"name\",\"htmlType\":\"input\",\"edit\":true,\"query\":true,\"columnComment\":\"标签名\",\"isQuery\":\"1\",\"sort\":3,\"list\":true,\"params\":{},\"javaType\":\"String\",\"queryType\":\"LIKE\",\"columnType\":\"varchar(50)\",\"createBy\":\"admin\",\"isPk\":\"0\",\"createTime\":1599494080000,\"isEdit\":\"1\",\"tableId\":4,\"pk\":false,\"columnName\":\"name\"},{\"usableColumn\":false,\"columnId\":41,\"isIncrement\":\"0\",\"increment\":false,\"insert\":true,\"dictType\":\"\",\"required\":false,\"superColumn\":true,\"updateBy\":\"\",\"isInsert\":\"1\",\"javaField\":\"createTime\",\"htmlType\":\"datetime\",\"edit\":false,\"query\":false,\"sort\":4,\"list\":false,\"params\":{},\"javaType\":\"Date\",\"queryType\":\"EQ\",\"columnType\":\"datetime\",\"createBy\":\"admin\",\"isPk\":\"0\",\"createTime\":1599494080000,\"tableId\":4,\"pk\":false,\"columnName\":\"create_time\"},{\"usableColumn\":false,\"columnId\":42,\"isIncrement\":\"0\",\"increment\":false,\"insert\":true,\"isList\":\"1\",\"dictTyp', '{\"msg\":\"操作成功\",\"code\":200}', '0', null, '2020-09-07 23:55:36');
INSERT INTO `sys_oper_log` VALUES ('152', '代码生成', '2', 'com.linkwechat.generator.controller.GenController.editSave()', 'PUT', '1', 'admin', null, '/tool/gen', '127.0.0.1', '内网IP', '{\"functionAuthor\":\"ruoyi\",\"columns\":[{\"usableColumn\":false,\"columnId\":43,\"isIncrement\":\"0\",\"increment\":false,\"insert\":true,\"dictType\":\"\",\"required\":false,\"superColumn\":false,\"updateBy\":\"\",\"isInsert\":\"1\",\"javaField\":\"id\",\"htmlType\":\"input\",\"edit\":false,\"query\":false,\"columnComment\":\"标签组id\",\"sort\":1,\"list\":false,\"params\":{},\"javaType\":\"Long\",\"queryType\":\"EQ\",\"columnType\":\"bigint\",\"createBy\":\"admin\",\"isPk\":\"1\",\"createTime\":1599494080000,\"tableId\":5,\"pk\":true,\"columnName\":\"id\"},{\"usableColumn\":false,\"columnId\":44,\"isIncrement\":\"0\",\"increment\":false,\"insert\":true,\"isList\":\"1\",\"dictType\":\"\",\"required\":false,\"superColumn\":false,\"updateBy\":\"\",\"isInsert\":\"1\",\"javaField\":\"gourpName\",\"htmlType\":\"input\",\"edit\":true,\"query\":true,\"isQuery\":\"1\",\"sort\":2,\"list\":true,\"params\":{},\"javaType\":\"String\",\"queryType\":\"LIKE\",\"columnType\":\"varchar(50)\",\"createBy\":\"admin\",\"isPk\":\"0\",\"createTime\":1599494080000,\"isEdit\":\"1\",\"tableId\":5,\"pk\":false,\"columnName\":\"gourp_name\"},{\"usableColumn\":false,\"columnId\":45,\"isIncrement\":\"0\",\"increment\":false,\"insert\":true,\"dictType\":\"\",\"required\":false,\"superColumn\":true,\"updateBy\":\"\",\"isInsert\":\"1\",\"javaField\":\"createTime\",\"htmlType\":\"datetime\",\"edit\":false,\"query\":false,\"sort\":3,\"list\":false,\"params\":{},\"javaType\":\"Date\",\"queryType\":\"EQ\",\"columnType\":\"datetime\",\"createBy\":\"admin\",\"isPk\":\"0\",\"createTime\":1599494080000,\"tableId\":5,\"pk\":false,\"columnName\":\"create_time\"},{\"usableColumn\":false,\"columnId\":46,\"isIncrement\":\"0\",\"increment\":false,\"insert\":true,\"isList\":\"1\",\"dictType\":\"\",\"required\":false,\"superColumn\":false,\"updateBy\":\"\",\"isInsert\":\"1\",\"javaField\":\"order\",\"htmlType\":\"input\",\"edit\":true,\"query\":true,\"columnComment\":\"标签组排序的次序值，order值大的排序靠前\",\"isQuery\":\"1\",\"sort\":4,\"list\":true,\"params\":{},\"javaType\":\"Long\",\"queryType\":\"EQ\",\"columnType\":\"int\",\"createBy\":\"admin\",\"isPk\":\"0\",\"createTime\":1599494080000,\"isEdit\":\"1\",\"tableId\":5,\"pk\":false,\"columnName\":\"order\"}],\"businessName\":\"group\",\"moduleName\":\"wecom\",\"className\":\"WeTagGroup\",\"tableName\":\"we_tag_group\",\"cru', '{\"msg\":\"操作成功\",\"code\":200}', '0', null, '2020-09-07 23:56:18');
INSERT INTO `sys_oper_log` VALUES ('153', '代码生成', '8', 'com.linkwechat.generator.controller.GenController.batchGenCode()', 'GET', '1', 'admin', null, '/tool/gen/batchGenCode', '127.0.0.1', '内网IP', '{}', 'null', '0', null, '2020-09-07 23:56:28');
INSERT INTO `sys_oper_log` VALUES ('154', '代码生成', '8', 'com.linkwechat.generator.controller.GenController.batchGenCode()', 'GET', '1', 'admin', null, '/tool/gen/batchGenCode', '127.0.0.1', '内网IP', '{}', 'null', '0', null, '2020-09-07 23:56:33');
INSERT INTO `sys_oper_log` VALUES ('155', '通讯录相关客户', '1', 'com.linkwechat.web.controller.wecom.WeUserController.add()', 'POST', '1', 'admin', null, '/wecom/user', '127.0.0.1', '内网IP', '{\"birthday\":795715200000,\"gender\":0,\"idCard\":\"340123199503212590\",\"qqAccount\":\"1539136324\",\"isLeaderInDept\":0,\"remark\":\"测试\",\"enable\":0,\"alias\":\"三狗子\",\"department\":\"[1,2]\",\"email\":\"1539136324@qq.com\",\"address\":\"安徽省合肥市肥东县\",\"wxAccount\":\"ZhangSan\",\"joinTime\":1599494400000,\"mobile\":\"13003003657\",\"telephone\":\"0551-67654683\",\"params\":{},\"userName\":\"张三\",\"userId\":\"13003003657\",\"position\":\"首席执行官\"}', 'null', '1', '\r\n### Error updating database.  Cause: java.sql.SQLException: Field \'id\' doesn\'t have a default value\r\n### The error may involve com.linkwechat.wecom.mapper.WeUserMapper.insertWeUser-Inline\r\n### The error occurred while setting parameters\r\n### SQL: insert into we_user          ( user_name,             alias,             user_id,             gender,             mobile,             email,             wx_account,             department,             position,             is_leader_in_dept,             join_time,             enable,             id_card,             qq_account,             telephone,             address,             birthday,             remark )           values ( ?,             ?,             ?,             ?,             ?,             ?,             ?,             ?,             ?,             ?,             ?,             ?,             ?,             ?,             ?,             ?,             ?,             ? )\r\n### Cause: java.sql.SQLException: Field \'id\' doesn\'t have a default value\n; Field \'id\' doesn\'t have a default value; nested exception is java.sql.SQLException: Field \'id\' doesn\'t have a default value', '2020-09-08 17:03:09');
INSERT INTO `sys_oper_log` VALUES ('156', '通讯录相关客户', '1', 'com.linkwechat.web.controller.wecom.WeUserController.add()', 'POST', '1', 'admin', null, '/wecom/user', '127.0.0.1', '内网IP', '{\"birthday\":795715200000,\"gender\":0,\"idCard\":\"340123199503212590\",\"qqAccount\":\"1539136324\",\"isLeaderInDept\":0,\"remark\":\"测试\",\"enable\":0,\"alias\":\"三狗子\",\"department\":\"[1,2]\",\"email\":\"1539136324@qq.com\",\"address\":\"安徽省合肥市肥东县\",\"wxAccount\":\"ZhangSan\",\"joinTime\":1599494400000,\"mobile\":\"13003003657\",\"telephone\":\"0551-67654683\",\"params\":{},\"userName\":\"张三\",\"userId\":\"13003003657\",\"position\":\"首席执行官\"}', 'null', '1', 'Can not set java.lang.String field com.linkwechat.wecom.domain.dto.WeUserDto.gender to java.lang.Integer', '2020-09-08 17:04:53');
INSERT INTO `sys_oper_log` VALUES ('157', '通讯录相关客户', '1', 'com.linkwechat.web.controller.wecom.WeUserController.add()', 'POST', '1', 'admin', null, '/wecom/user', '127.0.0.1', '内网IP', '{\"birthday\":795715200000,\"gender\":0,\"idCard\":\"340123199503212590\",\"qqAccount\":\"1539136324\",\"isLeaderInDept\":0,\"remark\":\"测试\",\"enable\":0,\"alias\":\"三狗子\",\"department\":\"[1,2]\",\"email\":\"1539136324@qq.com\",\"address\":\"安徽省合肥市肥东县\",\"wxAccount\":\"ZhangSan\",\"joinTime\":1599494400000,\"mobile\":\"13003003657\",\"telephone\":\"0551-67654683\",\"params\":{},\"userName\":\"张三\",\"userId\":\"13003003657\",\"position\":\"首席执行官\"}', 'null', '1', 'Can not set [Ljava.lang.Long; field com.linkwechat.wecom.domain.dto.WeUserDto.is_leader_in_dept to java.lang.Long', '2020-09-08 17:07:02');
INSERT INTO `sys_oper_log` VALUES ('158', '通讯录相关客户', '1', 'com.linkwechat.web.controller.wecom.WeUserController.add()', 'POST', '1', 'admin', null, '/wecom/user', '127.0.0.1', '内网IP', '{\"birthday\":795715200000,\"gender\":0,\"idCard\":\"340123199503212590\",\"qqAccount\":\"1539136324\",\"isLeaderInDept\":\"[1,2]\",\"remark\":\"测试\",\"enable\":0,\"alias\":\"三狗子\",\"department\":\"[1,2]\",\"email\":\"1539136324@qq.com\",\"address\":\"安徽省合肥市肥东县\",\"wxAccount\":\"ZhangSan\",\"joinTime\":1599494400000,\"mobile\":\"13003003657\",\"telephone\":\"0551-67654683\",\"params\":{},\"userName\":\"张三\",\"userId\":\"13003003657\",\"position\":\"首席执行官\"}', 'null', '1', 'Can not set [Ljava.lang.Long; field com.linkwechat.wecom.domain.dto.WeUserDto.is_leader_in_dept to java.lang.String', '2020-09-08 17:11:47');
INSERT INTO `sys_oper_log` VALUES ('159', '通讯录相关客户', '1', 'com.linkwechat.web.controller.wecom.WeUserController.add()', 'POST', '1', 'admin', null, '/wecom/user', '127.0.0.1', '内网IP', '{\"birthday\":795715200000,\"gender\":0,\"idCard\":\"340123199503212590\",\"qqAccount\":\"1539136324\",\"isLeaderInDept\":[1,2],\"remark\":\"测试\",\"enable\":0,\"alias\":\"三狗子\",\"department\":[1,2],\"email\":\"1539136324@qq.com\",\"address\":\"安徽省合肥市肥东县\",\"wxAccount\":\"ZhangSan\",\"joinTime\":1599494400000,\"mobile\":\"13003003657\",\"telephone\":\"0551-67654683\",\"params\":{},\"userName\":\"张三\",\"userId\":\"13003003657\",\"position\":\"首席执行官\"}', '{\"msg\":\"操作成功\",\"code\":200}', '0', null, '2020-09-08 17:24:38');
INSERT INTO `sys_oper_log` VALUES ('160', '通讯录相关客户', '1', 'com.linkwechat.web.controller.wecom.WeUserController.add()', 'POST', '1', 'admin', null, '/wecom/user', '127.0.0.1', '内网IP', '{\"birthday\":795715200000,\"gender\":0,\"idCard\":\"340123199503212590\",\"qqAccount\":\"1539136324\",\"isLeaderInDept\":[1,2],\"remark\":\"测试\",\"enable\":0,\"alias\":\"三狗子\",\"department\":[1,2],\"email\":\"1539136324@qq.com\",\"address\":\"安徽省合肥市肥东县\",\"wxAccount\":\"ZhangSan\",\"joinTime\":1599494400000,\"mobile\":\"13003003657\",\"telephone\":\"0551-67654683\",\"params\":{},\"userId\":\"13003003657\",\"position\":\"首席执行官\"}', '{\"msg\":\"操作成功\",\"code\":200}', '0', null, '2020-09-08 17:25:27');
INSERT INTO `sys_oper_log` VALUES ('161', '通讯录相关客户', '1', 'com.linkwechat.web.controller.wecom.WeUserController.add()', 'POST', '1', 'admin', null, '/wecom/user', '127.0.0.1', '内网IP', '{\"birthday\":795715200000,\"gender\":0,\"idCard\":\"340123199503212590\",\"qqAccount\":\"1539136324\",\"isLeaderInDept\":[1,2],\"remark\":\"测试\",\"enable\":0,\"alias\":\"三狗子\",\"department\":[1,2],\"email\":\"1539136324@qq.com\",\"address\":\"安徽省合肥市肥东县\",\"wxAccount\":\"ZhangSan\",\"joinTime\":1599494400000,\"mobile\":\"13003003657\",\"telephone\":\"0551-67654683\",\"params\":{},\"userId\":\"13003003657\",\"name\":\"张三\",\"position\":\"首席执行官\"}', '{\"msg\":\"操作成功\",\"code\":200}', '0', null, '2020-09-08 17:28:14');
INSERT INTO `sys_oper_log` VALUES ('162', '通讯录相关客户', '1', 'com.linkwechat.web.controller.wecom.WeUserController.add()', 'POST', '1', 'admin', null, '/wecom/user', '127.0.0.1', '内网IP', '{\"birthday\":795715200000,\"gender\":0,\"idCard\":\"340123199503212590\",\"qqAccount\":\"1539136324\",\"isLeaderInDept\":[1,2],\"remark\":\"测试\",\"avatarMediaid\":\"test_url\",\"enable\":0,\"alias\":\"三狗子\",\"id\":1303264267851665408,\"department\":[1,2],\"email\":\"1539136324@qq.com\",\"address\":\"安徽省合肥市肥东县\",\"wxAccount\":\"ZhangSan\",\"joinTime\":1599494400000,\"mobile\":\"13003003657\",\"telephone\":\"0551-67654683\",\"params\":{},\"userId\":\"13003003657\",\"name\":\"张三\",\"position\":\"首席执行官\",\"isActivate\":1}', '{\"msg\":\"操作成功\",\"code\":200}', '0', null, '2020-09-08 17:30:09');
INSERT INTO `sys_oper_log` VALUES ('163', '通讯录相关客户', '1', 'com.linkwechat.web.controller.wecom.WeUserController.add()', 'POST', '1', 'admin', null, '/wecom/user', '127.0.0.1', '内网IP', '{\"birthday\":795715200000,\"gender\":0,\"idCard\":\"340123199503212590\",\"qqAccount\":\"1539136324\",\"isLeaderInDept\":[1],\"remark\":\"开发测试账号\",\"avatarMediaid\":\"test_url\",\"enable\":0,\"alias\":\"HaoN\",\"id\":1303357076113854464,\"department\":[1],\"email\":\"1539136324@qq.com\",\"address\":\"安徽省合肥市肥东县\",\"wxAccount\":\"HaoNSheng\",\"joinTime\":1599494400000,\"mobile\":\"18158873850\",\"telephone\":\"0551-67654683\",\"params\":{},\"userId\":\"HaoN\",\"name\":\"盛浩南\",\"position\":\"JAVA开发工程师\",\"isActivate\":1}', 'null', '1', 'nested exception is org.apache.ibatis.exceptions.PersistenceException: \r\n### Error updating database.  Cause: java.lang.IllegalStateException: Type handler was null on parameter mapping for property \'department\'. It was either not specified and/or could not be found for the javaType ([Ljava.lang.Long;) : jdbcType (null) combination.\r\n### Cause: java.lang.IllegalStateException: Type handler was null on parameter mapping for property \'department\'. It was either not specified and/or could not be found for the javaType ([Ljava.lang.Long;) : jdbcType (null) combination.', '2020-09-08 23:38:27');
INSERT INTO `sys_oper_log` VALUES ('164', '通讯录相关客户', '1', 'com.linkwechat.web.controller.wecom.WeUserController.add()', 'POST', '1', 'admin', null, '/wecom/user', '127.0.0.1', '内网IP', '{\"birthday\":795715200000,\"gender\":0,\"idCard\":\"340123199503212590\",\"qqAccount\":\"1539136324\",\"isLeaderInDept\":[1],\"remark\":\"开发测试账号\",\"avatarMediaid\":\"test_url\",\"enable\":0,\"alias\":\"HaoN\",\"id\":1303357337519656960,\"department\":[1],\"email\":\"1539136324@qq.com\",\"address\":\"安徽省合肥市肥东县\",\"wxAccount\":\"HaoNSheng\",\"joinTime\":1599494400000,\"mobile\":\"18158873850\",\"telephone\":\"0551-67654683\",\"params\":{},\"userId\":\"HaoN\",\"name\":\"盛浩南\",\"position\":\"JAVA开发工程师\",\"isActivate\":1}', 'null', '1', 'nested exception is org.apache.ibatis.exceptions.PersistenceException: \r\n### Error updating database.  Cause: java.lang.IllegalStateException: Type handler was null on parameter mapping for property \'department\'. It was either not specified and/or could not be found for the javaType ([Ljava.lang.Long;) : jdbcType (null) combination.\r\n### Cause: java.lang.IllegalStateException: Type handler was null on parameter mapping for property \'department\'. It was either not specified and/or could not be found for the javaType ([Ljava.lang.Long;) : jdbcType (null) combination.', '2020-09-08 23:39:51');
INSERT INTO `sys_oper_log` VALUES ('165', '通讯录相关客户', '1', 'com.linkwechat.web.controller.wecom.WeUserController.add()', 'POST', '1', 'admin', null, '/wecom/user', '127.0.0.1', '内网IP', '{\"birthday\":795715200000,\"gender\":0,\"idCard\":\"340123199503212590\",\"qqAccount\":\"1539136324\",\"isLeaderInDept\":[1],\"remark\":\"开发测试账号\",\"avatarMediaid\":\"test_url\",\"enable\":0,\"alias\":\"HaoN\",\"id\":1303358036303286272,\"department\":[1],\"email\":\"1539136324@qq.com\",\"address\":\"安徽省合肥市肥东县\",\"wxAccount\":\"HaoNSheng\",\"joinTime\":1599494400000,\"mobile\":\"18158873850\",\"telephone\":\"0551-67654683\",\"params\":{},\"userId\":\"HaoN\",\"name\":\"盛浩南\",\"position\":\"JAVA开发工程师\",\"isActivate\":1}', 'null', '1', 'nested exception is org.apache.ibatis.exceptions.PersistenceException: \r\n### Error updating database.  Cause: java.lang.IllegalStateException: Type handler was null on parameter mapping for property \'department\'. It was either not specified and/or could not be found for the javaType ([Ljava.lang.Long;) : jdbcType (null) combination.\r\n### Cause: java.lang.IllegalStateException: Type handler was null on parameter mapping for property \'department\'. It was either not specified and/or could not be found for the javaType ([Ljava.lang.Long;) : jdbcType (null) combination.', '2020-09-08 23:42:20');
INSERT INTO `sys_oper_log` VALUES ('166', '通讯录相关客户', '1', 'com.linkwechat.web.controller.wecom.WeUserController.add()', 'POST', '1', 'admin', null, '/wecom/user', '127.0.0.1', '内网IP', '{\"birthday\":795715200000,\"gender\":0,\"idCard\":\"340123199503212590\",\"qqAccount\":\"1539136324\",\"isLeaderInDept\":[1],\"remark\":\"开发测试账号\",\"avatarMediaid\":\"test_url\",\"enable\":0,\"alias\":\"HaoN\",\"id\":1303358988888444928,\"department\":[1],\"email\":\"1539136324@qq.com\",\"address\":\"安徽省合肥市肥东县\",\"wxAccount\":\"HaoNSheng\",\"joinTime\":1599494400000,\"mobile\":\"18158873850\",\"telephone\":\"0551-67654683\",\"params\":{},\"userId\":\"HaoN\",\"name\":\"盛浩南\",\"position\":\"JAVA开发工程师\",\"isActivate\":1}', 'null', '1', 'nested exception is org.apache.ibatis.type.TypeException: Could not set parameters for mapping: ParameterMapping{property=\'department\', mode=IN, javaType=class [Ljava.lang.Long;, jdbcType=null, numericScale=null, resultMapId=\'null\', jdbcTypeName=\'null\', expression=\'null\'}. Cause: org.apache.ibatis.type.TypeException: Error setting non null for parameter #10 with JdbcType null . Try setting a different JdbcType for this parameter or a different configuration property. Cause: java.lang.ClassCastException: [Ljava.lang.Long; cannot be cast to [Ljava.lang.Integer;', '2020-09-08 23:46:09');
INSERT INTO `sys_oper_log` VALUES ('167', '通讯录相关客户', '1', 'com.linkwechat.web.controller.wecom.WeUserController.add()', 'POST', '1', 'admin', null, '/wecom/user', '127.0.0.1', '内网IP', '{\"birthday\":795715200000,\"gender\":0,\"idCard\":\"340123199503212590\",\"qqAccount\":\"1539136324\",\"isLeaderInDept\":[1],\"remark\":\"开发测试账号\",\"avatarMediaid\":\"test_url\",\"enable\":0,\"alias\":\"HaoN\",\"id\":1303360144024932352,\"department\":[1],\"email\":\"1539136324@qq.com\",\"address\":\"安徽省合肥市肥东县\",\"wxAccount\":\"HaoNSheng\",\"joinTime\":1599494400000,\"mobile\":\"18158873850\",\"telephone\":\"0551-67654683\",\"params\":{},\"userId\":\"HaoN\",\"name\":\"盛浩南\",\"position\":\"JAVA开发工程师\",\"isActivate\":1}', 'null', '1', 'nested exception is org.apache.ibatis.type.TypeException: Could not set parameters for mapping: ParameterMapping{property=\'department\', mode=IN, javaType=class [Ljava.lang.Long;, jdbcType=null, numericScale=null, resultMapId=\'null\', jdbcTypeName=\'null\', expression=\'null\'}. Cause: org.apache.ibatis.type.TypeException: Error setting non null for parameter #10 with JdbcType null . Try setting a different JdbcType for this parameter or a different configuration property. Cause: java.lang.ClassCastException: [Ljava.lang.Long; cannot be cast to [Ljava.lang.Integer;', '2020-09-08 23:50:45');
INSERT INTO `sys_oper_log` VALUES ('168', '通讯录相关客户', '1', 'com.linkwechat.web.controller.wecom.WeUserController.add()', 'POST', '1', 'admin', null, '/wecom/user', '127.0.0.1', '内网IP', '{\"birthday\":795715200000,\"gender\":0,\"idCard\":\"340123199503212590\",\"qqAccount\":\"1539136324\",\"isLeaderInDept\":[1],\"remark\":\"开发测试账号\",\"avatarMediaid\":\"test_url\",\"enable\":0,\"alias\":\"HaoN\",\"id\":1303360582589747200,\"department\":[1],\"email\":\"1539136324@qq.com\",\"address\":\"安徽省合肥市肥东县\",\"wxAccount\":\"HaoNSheng\",\"joinTime\":1599494400000,\"mobile\":\"18158873850\",\"telephone\":\"0551-67654683\",\"params\":{},\"userId\":\"HaoN\",\"name\":\"盛浩南\",\"position\":\"JAVA开发工程师\",\"isActivate\":1}', 'null', '1', 'nested exception is org.apache.ibatis.type.TypeException: Could not set parameters for mapping: ParameterMapping{property=\'department\', mode=IN, javaType=class [Ljava.lang.Long;, jdbcType=OTHER, numericScale=null, resultMapId=\'null\', jdbcTypeName=\'null\', expression=\'null\'}. Cause: org.apache.ibatis.type.TypeException: Error setting non null for parameter #10 with JdbcType OTHER . Try setting a different JdbcType for this parameter or a different configuration property. Cause: java.lang.ClassCastException: [Ljava.lang.Long; cannot be cast to [Ljava.lang.Integer;', '2020-09-08 23:52:31');
INSERT INTO `sys_oper_log` VALUES ('169', '通讯录相关客户', '1', 'com.linkwechat.web.controller.wecom.WeUserController.add()', 'POST', '1', 'admin', null, '/wecom/user', '127.0.0.1', '内网IP', '{\"birthday\":795715200000,\"gender\":0,\"idCard\":\"340123199503212590\",\"qqAccount\":\"1539136324\",\"isLeaderInDept\":[1],\"remark\":\"开发测试账号\",\"avatarMediaid\":\"test_url\",\"enable\":0,\"alias\":\"HaoN\",\"id\":1303361939522588672,\"department\":[1],\"email\":\"1539136324@qq.com\",\"address\":\"安徽省合肥市肥东县\",\"wxAccount\":\"HaoNSheng\",\"joinTime\":1599494400000,\"mobile\":\"18158873850\",\"telephone\":\"0551-67654683\",\"params\":{},\"userId\":\"HaoN\",\"name\":\"盛浩南\",\"position\":\"JAVA开发工程师\",\"isActivate\":1}', 'null', '1', 'avatar_mediaid invalid, hint: [1599580669_81_be0423a3b4f490342c6a7c48a1022c9d], from ip: 36.5.51.237, more info at https://open.work.weixin.qq.com/devtool/query?e=301015', '2020-09-08 23:57:49');
INSERT INTO `sys_oper_log` VALUES ('170', '通讯录相关客户', '1', 'com.linkwechat.web.controller.wecom.WeUserController.add()', 'POST', '1', 'admin', null, '/wecom/user', '127.0.0.1', '内网IP', '{\"birthday\":795715200000,\"gender\":0,\"idCard\":\"340123199503212590\",\"qqAccount\":\"1539136324\",\"isLeaderInDept\":[1],\"remark\":\"开发测试账号\",\"avatarMediaid\":\"test_url\",\"enable\":0,\"alias\":\"HaoN\",\"id\":1303362886005035008,\"department\":[1],\"email\":\"1539136324@qq.com\",\"address\":\"安徽省合肥市肥东县\",\"wxAccount\":\"HaoNSheng\",\"joinTime\":1599494400000,\"mobile\":\"18158873850\",\"telephone\":\"0551-67654683\",\"params\":{},\"userId\":\"HaoN\",\"name\":\"盛浩南\",\"position\":\"JAVA开发工程师\",\"isActivate\":1}', 'null', '1', 'avatar_mediaid invalid, hint: [1599580896_80_e17e8086600ac0ac3bf01a44dfc06fab], from ip: 36.5.51.237, more info at https://open.work.weixin.qq.com/devtool/query?e=301015', '2020-09-09 00:01:36');
INSERT INTO `sys_oper_log` VALUES ('171', '通讯录相关客户', '1', 'com.linkwechat.web.controller.wecom.WeUserController.add()', 'POST', '1', 'admin', null, '/wecom/user', '127.0.0.1', '内网IP', '{\"birthday\":795715200000,\"gender\":0,\"idCard\":\"340123199503212590\",\"qqAccount\":\"1539136324\",\"isLeaderInDept\":[1],\"remark\":\"开发测试账号\",\"avatarMediaid\":\"test_url\",\"enable\":0,\"alias\":\"HaoN\",\"id\":1303363031144730624,\"department\":[1],\"email\":\"1539136324@qq.com\",\"address\":\"安徽省合肥市肥东县\",\"wxAccount\":\"HaoNSheng\",\"joinTime\":1599494400000,\"mobile\":\"18158873850\",\"telephone\":\"0551-67654683\",\"params\":{},\"userId\":\"HaoN\",\"name\":\"盛浩南\",\"position\":\"JAVA开发工程师\",\"isActivate\":1}', 'null', '1', 'avatar_mediaid invalid, hint: [1599580927_81_0786281721ef841c3b2ef5e154c0ec8d], from ip: 36.5.51.237, more info at https://open.work.weixin.qq.com/devtool/query?e=301015', '2020-09-09 00:02:07');
INSERT INTO `sys_oper_log` VALUES ('172', '通讯录相关客户', '1', 'com.linkwechat.web.controller.wecom.WeUserController.add()', 'POST', '1', 'admin', null, '/wecom/user', '127.0.0.1', '内网IP', '{\"birthday\":795715200000,\"gender\":0,\"idCard\":\"340123199503212590\",\"qqAccount\":\"1539136324\",\"isLeaderInDept\":[1],\"remark\":\"开发测试账号\",\"avatarMediaid\":\"2-G6nrLmr5EC3MNb_-zL1dDdzkd0p7cNliYu9V5w7o8K0\",\"enable\":0,\"alias\":\"HaoN\",\"id\":1303363143325585408,\"department\":[1],\"email\":\"1539136324@qq.com\",\"address\":\"安徽省合肥市肥东县\",\"wxAccount\":\"HaoNSheng\",\"joinTime\":1599494400000,\"mobile\":\"18158873850\",\"telephone\":\"0551-67654683\",\"params\":{},\"userId\":\"HaoN\",\"name\":\"盛浩南\",\"position\":\"JAVA开发工程师\",\"isActivate\":1}', 'null', '1', 'avatar_mediaid invalid, hint: [1599580954_52_d4f132ea69418f3df8ec22ad6172e70d], from ip: 36.5.51.237, more info at https://open.work.weixin.qq.com/devtool/query?e=301015', '2020-09-09 00:02:34');
INSERT INTO `sys_oper_log` VALUES ('173', '通讯录相关客户', '1', 'com.linkwechat.web.controller.wecom.WeUserController.add()', 'POST', '1', 'admin', null, '/wecom/user', '127.0.0.1', '内网IP', '{\"birthday\":795715200000,\"gender\":0,\"idCard\":\"340123199503212590\",\"qqAccount\":\"1539136324\",\"isLeaderInDept\":[1],\"remark\":\"开发测试账号\",\"avatarMediaid\":\"2-G6nrLmr5EC3MNb_-zL1dDdzkd0p7cNliYu9V5w7o8K0\",\"enable\":0,\"alias\":\"HaoN\",\"id\":1303363250930454528,\"department\":[1],\"email\":\"1539136324@qq.com\",\"address\":\"安徽省合肥市肥东县\",\"wxAccount\":\"HaoNSheng\",\"joinTime\":1599494400000,\"mobile\":\"18158873850\",\"telephone\":\"0551-67654683\",\"params\":{},\"userId\":\"HaoN\",\"name\":\"盛浩南\",\"position\":\"JAVA开发工程师\",\"isActivate\":1}', 'null', '1', 'avatar_mediaid invalid, hint: [1599580999_81_e95bc17603d1b2d919ad9c78c70c1b31], from ip: 36.5.51.237, more info at https://open.work.weixin.qq.com/devtool/query?e=301015', '2020-09-09 00:03:19');
INSERT INTO `sys_oper_log` VALUES ('174', '通讯录相关客户', '1', 'com.linkwechat.web.controller.wecom.WeUserController.add()', 'POST', '1', 'admin', null, '/wecom/user', '127.0.0.1', '内网IP', '{\"birthday\":795715200000,\"gender\":0,\"idCard\":\"340123199503212590\",\"qqAccount\":\"1539136324\",\"isLeaderInDept\":[1],\"remark\":\"开发测试账号\",\"avatarMediaid\":\"\",\"enable\":0,\"alias\":\"HaoN\",\"id\":1303363402932031488,\"department\":[1],\"email\":\"1539136324@qq.com\",\"address\":\"安徽省合肥市肥东县\",\"wxAccount\":\"HaoNSheng\",\"joinTime\":1599494400000,\"mobile\":\"18158873850\",\"telephone\":\"0551-67654683\",\"params\":{},\"userId\":\"HaoN\",\"name\":\"盛浩南\",\"position\":\"JAVA开发工程师\",\"isActivate\":1}', '{\"msg\":\"操作成功\",\"code\":200}', '0', null, '2020-09-09 00:03:39');
INSERT INTO `sys_oper_log` VALUES ('175', '通讯录相关客户', '1', 'com.linkwechat.web.controller.wecom.WeUserController.add()', 'POST', '1', 'admin', null, '/wecom/user', '127.0.0.1', '内网IP', '{\"birthday\":795715200000,\"gender\":0,\"idCard\":\"340123199503212590\",\"qqAccount\":\"1539136324\",\"isLeaderInDept\":[1],\"remark\":\"开发测试账号\",\"avatarMediaid\":\"\",\"enable\":1,\"alias\":\"HaoN\",\"id\":1303364378069962752,\"department\":[1],\"email\":\"1539136324@qq.com\",\"address\":\"安徽省合肥市肥东县\",\"wxAccount\":\"HaoNSheng\",\"joinTime\":1599494400000,\"mobile\":\"18158873850\",\"telephone\":\"0551-67654683\",\"params\":{},\"userId\":\"HaoN\",\"name\":\"盛浩南\",\"position\":\"JAVA开发工程师\",\"isActivate\":1}', '{\"msg\":\"操作成功\",\"code\":200}', '0', null, '2020-09-09 00:07:32');
INSERT INTO `sys_oper_log` VALUES ('176', '更新通讯录客户', '2', 'com.linkwechat.web.controller.wecom.WeUserController.edit()', 'PUT', '1', 'admin', null, '/wecom/user', '127.0.0.1', '内网IP', '{\"birthday\":795715200000,\"gender\":0,\"idCard\":\"340123199503212590\",\"qqAccount\":\"1539136324\",\"isLeaderInDept\":[1],\"remark\":\"开发测试账号\",\"avatarMediaid\":\"\",\"enable\":1,\"alias\":\"HaoN\",\"id\":1303364378069962752,\"department\":[1],\"email\":\"1539136324@qq.com\",\"address\":\"安徽省合肥市肥东县\",\"wxAccount\":\"HaoNSheng\",\"joinTime\":1599494400000,\"mobile\":\"18158873850\",\"telephone\":\"0551-67654683\",\"params\":{},\"userId\":\"HaoN\",\"name\":\"盛锡勇\",\"position\":\"JAVA开发工程师\",\"isActivate\":1}', '{\"msg\":\"操作成功\",\"code\":200}', '0', null, '2020-09-09 00:12:31');
INSERT INTO `sys_oper_log` VALUES ('177', '启用禁用用户', '2', 'com.linkwechat.web.controller.wecom.WeUserController.startOrStop()', 'PUT', '1', 'admin', null, '/wecom/user/startOrStop', '127.0.0.1', '内网IP', '1303364378069962752 false', '{\"msg\":\"操作成功\",\"code\":200}', '0', null, '2020-09-09 00:20:40');
INSERT INTO `sys_oper_log` VALUES ('178', '启用禁用用户', '2', 'com.linkwechat.web.controller.wecom.WeUserController.startOrStop()', 'PUT', '1', 'admin', null, '/wecom/user/startOrStop', '127.0.0.1', '内网IP', '1303364378069962752 true', '{\"msg\":\"操作成功\",\"code\":200}', '0', null, '2020-09-09 00:21:01');
INSERT INTO `sys_oper_log` VALUES ('179', '企业id相关配置', '2', 'com.linkwechat.web.controller.wecom.WeCorpAccountController.edit()', 'PUT', '1', 'admin', null, '/wecom/corp', '127.0.0.1', '内网IP', '{\"corpId\":\"\",\"companyName\":\"\",\"corpSecret\":\"\",\"updateTime\":1599805394505,\"params\":{},\"id\":1}', '{\"msg\":\"操作成功\",\"code\":200}', '0', null, '2020-09-11 14:23:14');
INSERT INTO `sys_oper_log` VALUES ('180', '企业id相关配置', '2', 'com.linkwechat.web.controller.wecom.WeCorpAccountController.edit()', 'PUT', '1', 'admin', null, '/wecom/corp', '127.0.0.1', '内网IP', '{\"corpId\":\"ww24262ce93851488f\",\"companyName\":\"池州康有保网络科技有限公司\",\"corpSecret\":\"4_aGghgsQoxYzeF9V4chLtUiUVTDlYWpT8tXuFpZVjU\",\"updateTime\":1599805566524,\"params\":{},\"id\":1}', '{\"msg\":\"操作成功\",\"code\":200}', '0', null, '2020-09-11 14:26:06');
INSERT INTO `sys_oper_log` VALUES ('181', '企业id相关配置', '1', 'com.linkwechat.web.controller.wecom.WeCorpAccountController.add()', 'POST', '1', 'admin', null, '/wecom/corp', '127.0.0.1', '内网IP', '{\"corpId\":\"8424\",\"companyName\":\"阿里巴巴\",\"corpSecret\":\"8424\",\"params\":{},\"createTime\":1599806130917,\"id\":3}', '{\"msg\":\"操作成功\",\"code\":200}', '0', null, '2020-09-11 14:35:30');
INSERT INTO `sys_oper_log` VALUES ('182', '企业微信组织架构相关', '1', 'com.linkwechat.web.controller.wecom.WeDepartmentController.add()', 'POST', '1', 'admin', null, '/wecom/department', '127.0.0.1', '内网IP', '{\"name\":\"销售部\",\"id\":1304326602372550656,\"params\":{},\"parentId\":1}', '{\"msg\":\"操作成功\",\"code\":200}', '0', null, '2020-09-11 15:51:09');
INSERT INTO `sys_oper_log` VALUES ('183', '企业微信组织架构相关', '2', 'com.linkwechat.web.controller.wecom.WeDepartmentController.edit()', 'PUT', '1', 'admin', null, '/wecom/department', '127.0.0.1', '内网IP', '{\"name\":\"总经办\",\"id\":1304326602372550656,\"params\":{},\"parentId\":1}', '{\"msg\":\"操作成功\",\"code\":200}', '0', null, '2020-09-11 15:52:52');
INSERT INTO `sys_oper_log` VALUES ('184', '代码生成', '8', 'com.linkwechat.generator.controller.GenController.batchGenCode()', 'GET', '1', 'admin', null, '/tool/gen/batchGenCode', '58.243.250.184', 'XX XX', '{}', 'null', '0', null, '2020-09-12 11:49:21');
INSERT INTO `sys_oper_log` VALUES ('185', '企业id相关配置', '2', 'com.linkwechat.web.controller.wecom.WeCorpAccountController.edit()', 'PUT', '1', 'admin', null, '/wecom/corp', '127.0.0.1', '内网IP', '{\"corpId\":\"8424\",\"companyName\":\"阿里巴巴\",\"corpSecret\":\"84245\",\"updateTime\":1599888856002,\"delFlag\":\"0\",\"params\":{},\"createTime\":1599806131000,\"id\":3,\"status\":\"1\"}', '{\"msg\":\"操作成功\",\"code\":200}', '0', null, '2020-09-12 13:34:16');
INSERT INTO `sys_oper_log` VALUES ('186', '企业id相关配置', '1', 'com.linkwechat.web.controller.wecom.WeCorpAccountController.add()', 'POST', '1', 'admin', null, '/wecom/corp', '127.0.0.1', '内网IP', '{\"corpId\":\"sdgasega1683185\",\"companyName\":\"xinla\",\"corpSecret\":\"13485961aw5sef\",\"params\":{},\"createTime\":1599889732469,\"id\":4}', '{\"msg\":\"操作成功\",\"code\":200}', '0', null, '2020-09-12 13:48:52');
INSERT INTO `sys_oper_log` VALUES ('187', '企业微信组织架构相关', '2', 'com.linkwechat.web.controller.wecom.WeDepartmentController.edit()', 'PUT', '1', 'admin', null, '/wecom/department', '127.0.0.1', '内网IP', '{\"name\":\"总经办1\",\"id\":1304326602372550700,\"params\":{},\"parentId\":1}', '{\"msg\":\"操作失败\",\"code\":500}', '0', null, '2020-09-13 01:12:04');
INSERT INTO `sys_oper_log` VALUES ('188', '企业微信组织架构相关', '2', 'com.linkwechat.web.controller.wecom.WeDepartmentController.edit()', 'PUT', '1', 'admin', null, '/wecom/department', '127.0.0.1', '内网IP', '{\"name\":\"总经办1\",\"id\":1304326602372550700,\"params\":{},\"parentId\":1}', '{\"msg\":\"操作失败\",\"code\":500}', '0', null, '2020-09-13 01:14:01');
INSERT INTO `sys_oper_log` VALUES ('189', '企业微信组织架构相关', '2', 'com.linkwechat.web.controller.wecom.WeDepartmentController.edit()', 'PUT', '1', 'admin', null, '/wecom/department', '127.0.0.1', '内网IP', '{\"name\":\"总经办1\",\"id\":1304326602372550700,\"params\":{},\"parentId\":1}', '{\"msg\":\"操作失败\",\"code\":500}', '0', null, '2020-09-13 11:45:47');
INSERT INTO `sys_oper_log` VALUES ('190', '企业微信组织架构相关', '2', 'com.linkwechat.web.controller.wecom.WeDepartmentController.edit()', 'PUT', '1', 'admin', null, '/wecom/department', '127.0.0.1', '内网IP', '{\"name\":\"总经办1\",\"id\":1304326602372550700,\"params\":{},\"parentId\":1}', '{\"msg\":\"操作失败\",\"code\":500}', '0', null, '2020-09-13 11:45:58');
INSERT INTO `sys_oper_log` VALUES ('191', '菜单管理', '3', 'com.linkwechat.web.controller.system.SysMenuController.remove()', 'DELETE', '1', 'admin', null, '/system/menu/4', '127.0.0.1', '内网IP', '{menuId=4}', '{\"msg\":\"菜单已分配,不允许删除\",\"code\":500}', '0', null, '2020-09-13 11:59:41');
INSERT INTO `sys_oper_log` VALUES ('192', '菜单管理', '3', 'com.linkwechat.web.controller.system.SysMenuController.remove()', 'DELETE', '1', 'admin', null, '/system/menu/4', '127.0.0.1', '内网IP', '{menuId=4}', '{\"msg\":\"菜单已分配,不允许删除\",\"code\":500}', '0', null, '2020-09-13 11:59:49');
INSERT INTO `sys_oper_log` VALUES ('193', '菜单管理', '1', 'com.linkwechat.web.controller.system.SysMenuController.add()', 'POST', '1', 'admin', null, '/system/menu', '127.0.0.1', '内网IP', '{\"visible\":\"0\",\"icon\":\"app\",\"orderNum\":\"6\",\"menuName\":\"大范甘迪\",\"params\":{},\"parentId\":0,\"path\":\"sfgw\",\"createBy\":\"admin\",\"children\":[],\"isFrame\":\"1\",\"menuType\":\"M\",\"status\":\"0\"}', '{\"msg\":\"操作成功\",\"code\":200}', '0', null, '2020-09-13 12:00:32');
INSERT INTO `sys_oper_log` VALUES ('194', '菜单管理', '3', 'com.linkwechat.web.controller.system.SysMenuController.remove()', 'DELETE', '1', 'admin', null, '/system/menu/2000', '127.0.0.1', '内网IP', '{menuId=2000}', '{\"msg\":\"操作成功\",\"code\":200}', '0', null, '2020-09-13 12:00:38');
INSERT INTO `sys_oper_log` VALUES ('195', '菜单管理', '2', 'com.linkwechat.web.controller.system.SysMenuController.edit()', 'PUT', '1', 'admin', null, '/system/menu', '127.0.0.1', '内网IP', '{\"visible\":\"0\",\"icon\":\"guide\",\"orderNum\":\"4\",\"menuName\":\"塬微官网\",\"params\":{},\"parentId\":0,\"path\":\"http://test.org\",\"children\":[],\"createTime\":1521171180000,\"updateBy\":\"admin\",\"isFrame\":\"0\",\"menuId\":4,\"menuType\":\"M\",\"perms\":\"\",\"status\":\"0\"}', '{\"msg\":\"操作成功\",\"code\":200}', '0', null, '2020-09-13 12:03:25');
INSERT INTO `sys_oper_log` VALUES ('196', '用户管理', '2', 'com.linkwechat.web.controller.system.SysUserController.edit()', 'PUT', '1', 'admin', null, '/system/user', '127.0.0.1', '内网IP', '{\"roles\":[{\"flag\":false,\"roleId\":1,\"admin\":true,\"dataScope\":\"1\",\"params\":{},\"roleSort\":\"1\",\"roleKey\":\"admin\",\"roleName\":\"超级管理员\",\"status\":\"0\"}],\"phonenumber\":\"15888888888\",\"admin\":true,\"loginDate\":1521171180000,\"remark\":\"管理员\",\"delFlag\":\"0\",\"password\":\"\",\"postIds\":[1],\"loginIp\":\"127.0.0.1\",\"email\":\"yw@163.com\",\"nickName\":\"塬微\",\"sex\":\"1\",\"deptId\":103,\"avatar\":\"\",\"dept\":{\"deptName\":\"研发部门\",\"leader\":\"若依\",\"deptId\":103,\"orderNum\":\"1\",\"params\":{},\"parentId\":101,\"children\":[],\"status\":\"0\"},\"params\":{},\"userName\":\"admin\",\"userId\":1,\"createBy\":\"admin\",\"roleIds\":[1],\"createTime\":1521171180000,\"status\":\"0\"}', 'null', '1', '不允许操作超级管理员用户', '2020-09-13 15:35:14');
INSERT INTO `sys_oper_log` VALUES ('197', '用户管理', '2', 'com.linkwechat.web.controller.system.SysUserController.edit()', 'PUT', '1', 'admin', null, '/system/user', '127.0.0.1', '内网IP', '{\"roles\":[{\"flag\":false,\"roleId\":1,\"admin\":true,\"dataScope\":\"1\",\"params\":{},\"roleSort\":\"1\",\"roleKey\":\"admin\",\"roleName\":\"超级管理员\",\"status\":\"0\"}],\"phonenumber\":\"15888888888\",\"admin\":true,\"loginDate\":1521171180000,\"remark\":\"管理员\",\"delFlag\":\"0\",\"password\":\"\",\"postIds\":[1],\"loginIp\":\"127.0.0.1\",\"email\":\"yw@163.com\",\"nickName\":\"塬微\",\"sex\":\"1\",\"deptId\":103,\"avatar\":\"\",\"dept\":{\"deptName\":\"研发部门\",\"leader\":\"若依\",\"deptId\":103,\"orderNum\":\"1\",\"params\":{},\"parentId\":101,\"children\":[],\"status\":\"0\"},\"params\":{},\"userName\":\"admin\",\"userId\":1,\"createBy\":\"admin\",\"roleIds\":[2],\"createTime\":1521171180000,\"status\":\"0\"}', 'null', '1', '不允许操作超级管理员用户', '2020-09-13 15:35:30');
INSERT INTO `sys_oper_log` VALUES ('198', '用户管理', '2', 'com.linkwechat.web.controller.system.SysUserController.edit()', 'PUT', '1', 'admin', null, '/system/user', '127.0.0.1', '内网IP', '{\"roles\":[{\"flag\":false,\"roleId\":1,\"admin\":true,\"dataScope\":\"1\",\"params\":{},\"roleSort\":\"1\",\"roleKey\":\"admin\",\"roleName\":\"超级管理员\",\"status\":\"0\"}],\"phonenumber\":\"15888888888\",\"admin\":true,\"loginDate\":1521171180000,\"remark\":\"管理员\",\"delFlag\":\"0\",\"password\":\"\",\"postIds\":[1],\"loginIp\":\"127.0.0.1\",\"email\":\"yw@163.com\",\"nickName\":\"塬微\",\"sex\":\"1\",\"deptId\":103,\"avatar\":\"\",\"dept\":{\"deptName\":\"研发部门\",\"leader\":\"若依\",\"deptId\":103,\"orderNum\":\"1\",\"params\":{},\"parentId\":101,\"children\":[],\"status\":\"0\"},\"params\":{},\"userName\":\"admin\",\"userId\":1,\"createBy\":\"admin\",\"roleIds\":[2],\"createTime\":1521171180000,\"status\":\"0\"}', 'null', '1', '不允许操作超级管理员用户', '2020-09-13 15:35:30');
INSERT INTO `sys_oper_log` VALUES ('199', '用户管理', '2', 'com.linkwechat.web.controller.system.SysUserController.edit()', 'PUT', '1', 'admin', null, '/system/user', '127.0.0.1', '内网IP', '{\"roles\":[{\"flag\":false,\"roleId\":2,\"admin\":false,\"dataScope\":\"2\",\"params\":{},\"roleSort\":\"2\",\"roleKey\":\"common\",\"roleName\":\"普通角色\",\"status\":\"0\"}],\"phonenumber\":\"15666666666\",\"admin\":false,\"loginDate\":1521171180000,\"remark\":\"测试员\",\"delFlag\":\"0\",\"password\":\"\",\"updateBy\":\"admin\",\"postIds\":[2],\"loginIp\":\"127.0.0.1\",\"email\":\"yw@qq.com\",\"nickName\":\"塬微\",\"sex\":\"1\",\"deptId\":105,\"avatar\":\"\",\"dept\":{\"deptName\":\"测试部门\",\"leader\":\"若依\",\"deptId\":105,\"orderNum\":\"3\",\"params\":{},\"parentId\":101,\"children\":[],\"status\":\"0\"},\"params\":{},\"userName\":\"ry\",\"userId\":2,\"createBy\":\"admin\",\"roleIds\":[2],\"createTime\":1521171180000,\"status\":\"0\"}', '{\"msg\":\"操作成功\",\"code\":200}', '0', null, '2020-09-13 15:36:10');
INSERT INTO `sys_oper_log` VALUES ('200', '用户管理', '3', 'com.linkwechat.web.controller.system.SysUserController.remove()', 'DELETE', '1', 'admin', null, '/system/user/2', '127.0.0.1', '内网IP', '{userIds=2}', '{\"msg\":\"操作成功\",\"code\":200}', '0', null, '2020-09-13 15:36:50');
INSERT INTO `sys_oper_log` VALUES ('201', '用户管理', '2', 'com.linkwechat.web.controller.system.SysUserController.resetPwd()', 'PUT', '1', 'admin', null, '/system/user/resetPwd', '127.0.0.1', '内网IP', '{\"admin\":true,\"password\":\"admin\",\"params\":{},\"userId\":1}', 'null', '1', '不允许操作超级管理员用户', '2020-09-13 15:37:02');
INSERT INTO `sys_oper_log` VALUES ('202', '代码生成', '6', 'com.linkwechat.generator.controller.GenController.importTableSave()', 'POST', '1', 'admin', null, '/tool/gen/importTable', '127.0.0.1', '内网IP', '', '{\"msg\":\"操作成功\",\"code\":200}', '0', null, '2020-09-13 18:15:57');
INSERT INTO `sys_oper_log` VALUES ('203', '代码生成', '6', 'com.linkwechat.generator.controller.GenController.importTableSave()', 'POST', '1', 'admin', null, '/tool/gen/importTable', '127.0.0.1', '内网IP', 'we_customer,we_customer_tag_rel', '{\"msg\":\"操作成功\",\"code\":200}', '0', null, '2020-09-13 18:16:14');
INSERT INTO `sys_oper_log` VALUES ('204', '代码生成', '2', 'com.linkwechat.generator.controller.GenController.editSave()', 'PUT', '1', 'admin', null, '/tool/gen', '127.0.0.1', '内网IP', '{\"functionAuthor\":\"ruoyi\",\"columns\":[{\"usableColumn\":false,\"columnId\":47,\"isIncrement\":\"0\",\"increment\":false,\"insert\":true,\"dictType\":\"\",\"required\":false,\"superColumn\":false,\"updateBy\":\"\",\"isInsert\":\"1\",\"javaField\":\"id\",\"htmlType\":\"input\",\"edit\":false,\"query\":false,\"sort\":1,\"list\":false,\"params\":{},\"javaType\":\"Long\",\"queryType\":\"EQ\",\"columnType\":\"bigint\",\"createBy\":\"admin\",\"isPk\":\"1\",\"createTime\":1599992173000,\"tableId\":6,\"pk\":true,\"columnName\":\"id\"},{\"usableColumn\":false,\"columnId\":48,\"isIncrement\":\"0\",\"increment\":false,\"insert\":true,\"isList\":\"1\",\"dictType\":\"\",\"required\":false,\"superColumn\":false,\"updateBy\":\"\",\"isInsert\":\"1\",\"javaField\":\"externalUserid\",\"htmlType\":\"input\",\"edit\":true,\"query\":true,\"columnComment\":\"外部联系人的userid\",\"isQuery\":\"1\",\"sort\":2,\"list\":true,\"params\":{},\"javaType\":\"String\",\"queryType\":\"EQ\",\"columnType\":\"varchar(32)\",\"createBy\":\"admin\",\"isPk\":\"0\",\"createTime\":1599992173000,\"isEdit\":\"1\",\"tableId\":6,\"pk\":false,\"columnName\":\"external_userid\"},{\"usableColumn\":false,\"columnId\":49,\"isIncrement\":\"0\",\"increment\":false,\"insert\":true,\"isList\":\"1\",\"dictType\":\"\",\"required\":false,\"superColumn\":false,\"updateBy\":\"\",\"isInsert\":\"1\",\"javaField\":\"name\",\"htmlType\":\"input\",\"edit\":true,\"query\":true,\"columnComment\":\"外部联系人名称\",\"isQuery\":\"1\",\"sort\":3,\"list\":true,\"params\":{},\"javaType\":\"String\",\"queryType\":\"LIKE\",\"columnType\":\"varchar(32)\",\"createBy\":\"admin\",\"isPk\":\"0\",\"createTime\":1599992173000,\"isEdit\":\"1\",\"tableId\":6,\"pk\":false,\"columnName\":\"name\"},{\"usableColumn\":false,\"columnId\":50,\"isIncrement\":\"0\",\"increment\":false,\"insert\":true,\"isList\":\"1\",\"dictType\":\"\",\"required\":false,\"superColumn\":false,\"updateBy\":\"\",\"isInsert\":\"1\",\"javaField\":\"avatar\",\"htmlType\":\"input\",\"edit\":true,\"query\":true,\"columnComment\":\"外部联系人头像\",\"isQuery\":\"1\",\"sort\":4,\"list\":true,\"params\":{},\"javaType\":\"String\",\"queryType\":\"EQ\",\"columnType\":\"varchar(100)\",\"createBy\":\"admin\",\"isPk\":\"0\",\"createTime\":1599992173000,\"isEdit\":\"1\",\"tableId\":6,\"pk\":false,\"columnName\":\"avatar\"},{\"usableColumn\":false,\"columnId\":', '{\"msg\":\"操作成功\",\"code\":200}', '0', null, '2020-09-13 18:16:51');
INSERT INTO `sys_oper_log` VALUES ('205', '代码生成', '2', 'com.linkwechat.generator.controller.GenController.editSave()', 'PUT', '1', 'admin', null, '/tool/gen', '127.0.0.1', '内网IP', '{\"functionAuthor\":\"ruoyi\",\"columns\":[{\"usableColumn\":false,\"columnId\":62,\"isIncrement\":\"0\",\"increment\":false,\"insert\":true,\"dictType\":\"\",\"required\":false,\"superColumn\":false,\"updateBy\":\"\",\"isInsert\":\"1\",\"javaField\":\"id\",\"htmlType\":\"input\",\"edit\":false,\"query\":false,\"sort\":1,\"list\":false,\"params\":{},\"javaType\":\"Long\",\"queryType\":\"EQ\",\"columnType\":\"bigint\",\"createBy\":\"admin\",\"isPk\":\"1\",\"createTime\":1599992174000,\"tableId\":7,\"pk\":true,\"columnName\":\"id\"},{\"usableColumn\":false,\"columnId\":63,\"isIncrement\":\"0\",\"increment\":false,\"insert\":true,\"isList\":\"1\",\"dictType\":\"\",\"required\":true,\"superColumn\":false,\"updateBy\":\"\",\"isInsert\":\"1\",\"isRequired\":\"1\",\"javaField\":\"customerId\",\"htmlType\":\"input\",\"edit\":true,\"query\":true,\"columnComment\":\"客户id\",\"isQuery\":\"1\",\"sort\":2,\"list\":true,\"params\":{},\"javaType\":\"Long\",\"queryType\":\"EQ\",\"columnType\":\"bigint\",\"createBy\":\"admin\",\"isPk\":\"0\",\"createTime\":1599992174000,\"isEdit\":\"1\",\"tableId\":7,\"pk\":false,\"columnName\":\"customer_id\"},{\"usableColumn\":false,\"columnId\":64,\"isIncrement\":\"0\",\"increment\":false,\"insert\":true,\"isList\":\"1\",\"dictType\":\"\",\"required\":true,\"superColumn\":false,\"updateBy\":\"\",\"isInsert\":\"1\",\"isRequired\":\"1\",\"javaField\":\"tagId\",\"htmlType\":\"input\",\"edit\":true,\"query\":true,\"columnComment\":\"标签id\",\"isQuery\":\"1\",\"sort\":3,\"list\":true,\"params\":{},\"javaType\":\"Long\",\"queryType\":\"EQ\",\"columnType\":\"bigint\",\"createBy\":\"admin\",\"isPk\":\"0\",\"createTime\":1599992174000,\"isEdit\":\"1\",\"tableId\":7,\"pk\":false,\"columnName\":\"tag_id\"},{\"usableColumn\":false,\"columnId\":65,\"isIncrement\":\"0\",\"increment\":false,\"insert\":true,\"dictType\":\"\",\"required\":false,\"superColumn\":true,\"updateBy\":\"\",\"isInsert\":\"1\",\"javaField\":\"createTime\",\"htmlType\":\"datetime\",\"edit\":false,\"query\":false,\"sort\":4,\"list\":false,\"params\":{},\"javaType\":\"Date\",\"queryType\":\"EQ\",\"columnType\":\"datetime\",\"createBy\":\"admin\",\"isPk\":\"0\",\"createTime\":1599992174000,\"tableId\":7,\"pk\":false,\"columnName\":\"create_time\"}],\"businessName\":\"rel\",\"moduleName\":\"wecom\",\"className\":\"WeCustomerTagRel\",\"tableName\":\"we_c', '{\"msg\":\"操作成功\",\"code\":200}', '0', null, '2020-09-13 18:17:13');
INSERT INTO `sys_oper_log` VALUES ('206', '代码生成', '8', 'com.linkwechat.generator.controller.GenController.batchGenCode()', 'GET', '1', 'admin', null, '/tool/gen/batchGenCode', '127.0.0.1', '内网IP', '{}', 'null', '0', null, '2020-09-13 18:17:24');
INSERT INTO `sys_oper_log` VALUES ('207', '代码生成', '8', 'com.linkwechat.generator.controller.GenController.batchGenCode()', 'GET', '1', 'admin', null, '/tool/gen/batchGenCode', '127.0.0.1', '内网IP', '{}', 'null', '0', null, '2020-09-13 18:18:26');
INSERT INTO `sys_oper_log` VALUES ('208', '代码生成', '8', 'com.linkwechat.generator.controller.GenController.batchGenCode()', 'GET', '1', 'admin', null, '/tool/gen/batchGenCode', '127.0.0.1', '内网IP', '{}', 'null', '0', null, '2020-09-13 18:18:39');
INSERT INTO `sys_oper_log` VALUES ('209', '代码生成', '8', 'com.linkwechat.generator.controller.GenController.batchGenCode()', 'GET', '1', 'admin', null, '/tool/gen/batchGenCode', '127.0.0.1', '内网IP', '{}', 'null', '0', null, '2020-09-13 18:18:49');
INSERT INTO `sys_oper_log` VALUES ('210', '企业微信组织架构相关', '2', 'com.linkwechat.web.controller.wecom.WeDepartmentController.edit()', 'PUT', '1', 'admin', null, '/wecom/department', '127.0.0.1', '内网IP', '{\"name\":\"总经办1\",\"id\":1304326602372550656,\"params\":{},\"parentId\":1}', '{\"msg\":\"操作成功\",\"code\":200}', '0', null, '2020-09-13 19:40:55');
INSERT INTO `sys_oper_log` VALUES ('211', '企业微信组织架构相关', '1', 'com.linkwechat.web.controller.wecom.WeDepartmentController.add()', 'POST', '1', 'admin', null, '/wecom/department', '127.0.0.1', '内网IP', '{\"name\":\"研发部\",\"id\":1305109586830823424,\"params\":{},\"parentId\":1304326602372550656}', '{\"msg\":\"操作成功\",\"code\":200}', '0', null, '2020-09-13 19:42:28');
INSERT INTO `sys_oper_log` VALUES ('212', '通讯录相关客户', '1', 'com.linkwechat.web.controller.wecom.WeUserController.add()', 'POST', '1', 'admin', null, '/wecom/user', '127.0.0.1', '内网IP', '{\"birthday\":1600704000000,\"gender\":1,\"idCard\":\"45643565346\",\"qqAccount\":\"4567845686578\",\"enable\":1,\"alias\":\"上德若谷\",\"id\":1305160242291675136,\"department\":[1],\"email\":\"3456345234\",\"address\":\"3456\",\"wxAccount\":\"234534\",\"joinTime\":1599494400000,\"mobile\":\"34543534\",\"telephone\":\"3456\",\"params\":{},\"userId\":\"1561g949195\",\"name\":\"当事人高\",\"position\":\"436蚊56 \",\"isActivate\":2}', 'null', '1', 'invalid mobile, hint: [1600009425_46_da7e233645069ee6a4337187a4bc3915], from ip: 106.13.201.219, more info at https://open.work.weixin.qq.com/devtool/query?e=60103', '2020-09-13 23:03:45');
INSERT INTO `sys_oper_log` VALUES ('213', '企业微信组织架构相关', '2', 'com.linkwechat.web.controller.wecom.WeDepartmentController.edit()', 'PUT', '1', 'admin', null, '/wecom/department', '127.0.0.1', '内网IP', '{\"name\":\"总经办\",\"id\":1304326602372550656,\"params\":{},\"parentId\":1}', '{\"msg\":\"操作成功\",\"code\":200}', '0', null, '2020-09-14 23:25:16');
INSERT INTO `sys_oper_log` VALUES ('214', '通讯录相关客户', '1', 'com.linkwechat.web.controller.wecom.WeUserController.add()', 'POST', '1', 'admin', null, '/wecom/user', '127.0.0.1', '内网IP', '{\"birthday\":1597766400000,\"gender\":1,\"idCard\":\"340123199503212590\",\"qqAccount\":\"1539136324\",\"avatarMediaid\":\"\",\"enable\":0,\"alias\":\"三狗子\",\"id\":1305535428266430464,\"email\":\"1539136324@qq.com\",\"address\":\"安徽省合肥市\",\"wxAccount\":\"13003003657\",\"joinTime\":1624032000000,\"mobile\":\"18158873850\",\"telephone\":\"05511-67654683\",\"params\":{},\"userId\":\"13003003657\",\"name\":\"张三\",\"position\":\"首席执行官\",\"isActivate\":1}', 'null', '1', 'invalid party list, hint: [1600098865_56_fe70c66ae3d6e5b5807be12ff12ac62b], from ip: 36.5.214.233, more info at https://open.work.weixin.qq.com/devtool/query?e=40066', '2020-09-14 23:54:26');
INSERT INTO `sys_oper_log` VALUES ('215', '通讯录相关客户', '1', 'com.linkwechat.web.controller.wecom.WeUserController.add()', 'POST', '1', 'admin', null, '/wecom/user', '127.0.0.1', '内网IP', '{\"birthday\":1597766400000,\"gender\":1,\"idCard\":\"340123199503212590\",\"qqAccount\":\"1539136324\",\"avatarMediaid\":\"\",\"enable\":0,\"alias\":\"三狗子\",\"id\":1305535505550675968,\"email\":\"1539136324@qq.com\",\"address\":\"安徽省合肥市\",\"wxAccount\":\"13003003657\",\"joinTime\":1624032000000,\"mobile\":\"18158873850\",\"telephone\":\"05511-67654683\",\"params\":{},\"userId\":\"13003003657\",\"name\":\"张三\",\"position\":\"首席执行官\",\"isActivate\":1}', 'null', '1', 'invalid party list, hint: [1600098899_56_18355ebf1fa904e2906a7cfa349e6698], from ip: 36.5.214.233, more info at https://open.work.weixin.qq.com/devtool/query?e=40066', '2020-09-14 23:54:59');
INSERT INTO `sys_oper_log` VALUES ('216', '通讯录相关客户', '1', 'com.linkwechat.web.controller.wecom.WeUserController.add()', 'POST', '1', 'admin', null, '/wecom/user', '127.0.0.1', '内网IP', '{\"birthday\":1597766400000,\"gender\":1,\"idCard\":\"340123199503212590\",\"qqAccount\":\"1539136324\",\"isLeaderInDept\":\"\'0\',\'1\'\",\"avatarMediaid\":\"\",\"enable\":0,\"alias\":\"三狗子\",\"id\":1305536763015598080,\"department\":\"\\\"1\\\",\\\"2\\\"\",\"email\":\"1539136324@qq.com\",\"address\":\"安徽省合肥市\",\"wxAccount\":\"13003003657\",\"joinTime\":1624032000000,\"mobile\":\"18158873850\",\"telephone\":\"05511-67654683\",\"params\":{},\"userId\":\"13003003657\",\"name\":\"张三\",\"position\":\"首席执行官\",\"isActivate\":1}', 'null', '1', 'nested exception is org.apache.ibatis.type.TypeException: Could not set parameters for mapping: ParameterMapping{property=\'department\', mode=IN, javaType=class java.lang.String, jdbcType=OTHER, numericScale=null, resultMapId=\'null\', jdbcTypeName=\'null\', expression=\'null\'}. Cause: org.apache.ibatis.type.TypeException: Error setting non null for parameter #10 with JdbcType OTHER . Try setting a different JdbcType for this parameter or a different configuration property. Cause: java.lang.ClassCastException: java.lang.String cannot be cast to [Ljava.lang.Long;', '2020-09-14 23:59:54');
INSERT INTO `sys_oper_log` VALUES ('217', '通讯录相关客户', '1', 'com.linkwechat.web.controller.wecom.WeUserController.add()', 'POST', '1', 'admin', null, '/wecom/user', '127.0.0.1', '内网IP', '{\"birthday\":1597766400000,\"gender\":1,\"idCard\":\"340123199503212590\",\"qqAccount\":\"1539136324\",\"isLeaderInDept\":\"\'0\',\'1\'\",\"avatarMediaid\":\"\",\"enable\":0,\"alias\":\"三狗子\",\"id\":1305537680339243008,\"department\":\"\\\"1\\\",\\\"2\\\"\",\"email\":\"1539136324@qq.com\",\"address\":\"安徽省合肥市\",\"wxAccount\":\"13003003657\",\"joinTime\":1624032000000,\"mobile\":\"18158873850\",\"telephone\":\"05511-67654683\",\"params\":{},\"userId\":\"13003003657\",\"name\":\"张三\",\"position\":\"首席执行官\",\"isActivate\":1}', 'null', '1', '\r\n### Error updating database.  Cause: java.sql.SQLException: Incorrect integer value: \'\'0\',\'1\'\' for column \'is_leader_in_dept\' at row 1\r\n### The error may involve com.linkwechat.wecom.mapper.WeUserMapper.insertWeUser-Inline\r\n### The error occurred while setting parameters\r\n### SQL: insert into we_user          ( id,             head_image_url,             user_name,             alias,             user_id,             gender,             mobile,             email,             wx_account,             department,             position,             is_leader_in_dept,             join_time,             enable,             id_card,             qq_account,             telephone,             address,             birthday,                          is_activate )           values ( ?,             ?,             ?,             ?,             ?,             ?,             ?,             ?,             ?,             ?,             ?,             ?,             ?,             ?,             ?,             ?,             ?,             ?,             ?,                          ? )\r\n### Cause: java.sql.SQLException: Incorrect integer value: \'\'0\',\'1\'\' for column \'is_leader_in_dept\' at row 1\n; uncategorized SQLException; SQL state [HY000]; error code [1366]; Incorrect integer value: \'\'0\',\'1\'\' for column \'is_leader_in_dept\' at row 1; nested exception is java.sql.SQLException: Incorrect integer value: \'\'0\',\'1\'\' for column \'is_leader_in_dept\' at row 1', '2020-09-15 00:03:27');
INSERT INTO `sys_oper_log` VALUES ('218', '通讯录相关客户', '1', 'com.linkwechat.web.controller.wecom.WeUserController.add()', 'POST', '1', 'admin', null, '/wecom/user', '127.0.0.1', '内网IP', '{\"birthday\":1597766400000,\"gender\":1,\"idCard\":\"340123199503212590\",\"qqAccount\":\"1539136324\",\"isLeaderInDept\":\"\'0\',\'1\'\",\"avatarMediaid\":\"\",\"enable\":0,\"alias\":\"三狗子\",\"id\":1305538515370643456,\"department\":\"\\\"1\\\",\\\"2\\\"\",\"email\":\"1539136324@qq.com\",\"address\":\"安徽省合肥市\",\"wxAccount\":\"13003003657\",\"joinTime\":1624032000000,\"mobile\":\"18158873850\",\"telephone\":\"05511-67654683\",\"params\":{},\"userId\":\"13003003657\",\"name\":\"张三\",\"position\":\"首席执行官\",\"isActivate\":1}', 'null', '1', 'Can not set [Ljava.lang.Long; field com.linkwechat.wecom.domain.dto.WeUserDto.is_leader_in_dept to java.lang.String', '2020-09-15 00:06:41');
INSERT INTO `sys_oper_log` VALUES ('219', '通讯录相关客户', '1', 'com.linkwechat.web.controller.wecom.WeUserController.add()', 'POST', '1', 'admin', null, '/wecom/user', '127.0.0.1', '内网IP', '{\"birthday\":1597766400000,\"gender\":1,\"idCard\":\"340123199503212590\",\"qqAccount\":\"1539136324\",\"isLeaderInDept\":\"\'0\',\'1\'\",\"avatarMediaid\":\"\",\"enable\":0,\"alias\":\"三狗子\",\"id\":1305539154431578112,\"department\":\"\\\"1\\\",\\\"2\\\"\",\"email\":\"1539136324@qq.com\",\"address\":\"安徽省合肥市\",\"wxAccount\":\"13003003657\",\"joinTime\":1624032000000,\"mobile\":\"18158873850\",\"telephone\":\"05511-67654683\",\"params\":{},\"userId\":\"13003003657\",\"name\":\"张三\",\"position\":\"首席执行官\",\"isActivate\":1}', 'null', '1', 'java.lang.String cannot be cast to [Ljava.lang.Long;', '2020-09-15 00:09:13');
INSERT INTO `sys_oper_log` VALUES ('220', '通讯录相关客户', '1', 'com.linkwechat.web.controller.wecom.WeUserController.add()', 'POST', '1', 'admin', null, '/wecom/user', '127.0.0.1', '内网IP', '{\"birthday\":1597766400000,\"gender\":1,\"idCard\":\"340123199503212590\",\"qqAccount\":\"1539136324\",\"isLeaderInDept\":\"\'0\',\'1\'\",\"avatarMediaid\":\"\",\"enable\":0,\"alias\":\"三狗子\",\"id\":1305539755026550784,\"department\":\"\\\"1\\\",\\\"2\\\"\",\"email\":\"1539136324@qq.com\",\"address\":\"安徽省合肥市\",\"wxAccount\":\"13003003657\",\"joinTime\":1624032000000,\"mobile\":\"18158873850\",\"telephone\":\"05511-67654683\",\"params\":{},\"userId\":\"13003003657\",\"name\":\"张三\",\"position\":\"首席执行官\",\"isActivate\":1}', 'null', '1', 'java.lang.String cannot be cast to [Ljava.lang.Integer;', '2020-09-15 00:11:37');
INSERT INTO `sys_oper_log` VALUES ('221', '通讯录相关客户', '1', 'com.linkwechat.web.controller.wecom.WeUserController.add()', 'POST', '1', 'admin', null, '/wecom/user', '127.0.0.1', '内网IP', '{\"birthday\":1597766400000,\"gender\":1,\"idCard\":\"340123199503212590\",\"qqAccount\":\"1539136324\",\"isLeaderInDept\":\"\'0\',\'1\'\",\"avatarMediaid\":\"\",\"enable\":0,\"alias\":\"三狗子\",\"id\":1305540047273070592,\"department\":\"\\\"1\\\",\\\"2\\\"\",\"email\":\"1539136324@qq.com\",\"address\":\"安徽省合肥市\",\"wxAccount\":\"13003003657\",\"joinTime\":1624032000000,\"mobile\":\"18158873850\",\"telephone\":\"05511-67654683\",\"params\":{},\"userId\":\"13003003657\",\"name\":\"张三\",\"position\":\"首席执行官\",\"isActivate\":1}', 'null', '1', 'java.lang.String cannot be cast to [Ljava.lang.String;', '2020-09-15 00:12:46');
INSERT INTO `sys_oper_log` VALUES ('222', '通讯录相关客户', '1', 'com.linkwechat.web.controller.wecom.WeUserController.add()', 'POST', '1', 'admin', null, '/wecom/user', '127.0.0.1', '内网IP', '{\"birthday\":1597766400000,\"gender\":1,\"idCard\":\"340123199503212590\",\"qqAccount\":\"1539136324\",\"isLeaderInDept\":\"\'0\',\'1\'\",\"avatarMediaid\":\"\",\"enable\":0,\"alias\":\"三狗子\",\"id\":1305540869612507136,\"department\":\"\\\"1\\\",\\\"2\\\"\",\"email\":\"1539136324@qq.com\",\"address\":\"安徽省合肥市\",\"wxAccount\":\"13003003657\",\"joinTime\":1624032000000,\"mobile\":\"18158873850\",\"telephone\":\"05511-67654683\",\"params\":{},\"userId\":\"13003003657\",\"name\":\"张三\",\"position\":\"首席执行官\",\"isActivate\":1}', 'null', '1', 'Warning: wrong json format. invalid party list, hint: [1600100163_81_1c9497485e209cf0cb298aa5344f0db6], from ip: 36.5.214.233, more info at https://open.work.weixin.qq.com/devtool/query?e=40066', '2020-09-15 00:16:03');
INSERT INTO `sys_oper_log` VALUES ('223', '通讯录相关客户', '1', 'com.linkwechat.web.controller.wecom.WeUserController.add()', 'POST', '1', 'admin', null, '/wecom/user', '127.0.0.1', '内网IP', '{\"birthday\":1597766400000,\"gender\":1,\"idCard\":\"340123199503212590\",\"qqAccount\":\"1539136324\",\"isLeaderInDept\":\"\'0\',\'1\'\",\"avatarMediaid\":\"\",\"enable\":0,\"alias\":\"三狗子\",\"id\":1305542186045149184,\"department\":\"\\\"1\\\",\\\"2\\\"\",\"email\":\"1539136324@qq.com\",\"address\":\"安徽省合肥市\",\"wxAccount\":\"13003003657\",\"joinTime\":1624032000000,\"mobile\":\"18158873850\",\"telephone\":\"05511-67654683\",\"params\":{},\"userId\":\"13003003657\",\"name\":\"张三\",\"position\":\"首席执行官\",\"isActivate\":1}', 'null', '1', 'Warning: wrong json format. invalid party list, hint: [1600100477_80_0c086d56677697b4b0a33d98d9df21b0], from ip: 36.5.214.233, more info at https://open.work.weixin.qq.com/devtool/query?e=40066', '2020-09-15 00:21:17');
INSERT INTO `sys_oper_log` VALUES ('224', '通讯录相关客户', '1', 'com.linkwechat.web.controller.wecom.WeUserController.add()', 'POST', '1', 'admin', null, '/wecom/user', '127.0.0.1', '内网IP', '{\"birthday\":1597766400000,\"gender\":1,\"idCard\":\"340123199503212590\",\"qqAccount\":\"1539136324\",\"isLeaderInDept\":\"\'0\',\'1\'\",\"avatarMediaid\":\"\",\"enable\":0,\"alias\":\"三狗子\",\"id\":1305542640376352768,\"department\":\"\\\"1\\\",\\\"2\\\"\",\"email\":\"1539136324@qq.com\",\"address\":\"安徽省合肥市\",\"wxAccount\":\"13003003657\",\"joinTime\":1624032000000,\"mobile\":\"18158873850\",\"telephone\":\"05511-67654683\",\"params\":{},\"userId\":\"13003003657\",\"name\":\"张三\",\"position\":\"首席执行官\",\"isActivate\":1}', 'null', '1', 'java.lang.String cannot be cast to [Ljava.lang.Integer;', '2020-09-15 00:23:05');
INSERT INTO `sys_oper_log` VALUES ('225', '通讯录相关客户', '1', 'com.linkwechat.web.controller.wecom.WeUserController.add()', 'POST', '1', 'admin', null, '/wecom/user', '127.0.0.1', '内网IP', '{\"birthday\":1597766400000,\"gender\":1,\"idCard\":\"340123199503212590\",\"qqAccount\":\"1539136324\",\"isLeaderInDept\":\"\'0\',\'1\'\",\"avatarMediaid\":\"\",\"enable\":0,\"alias\":\"三狗子\",\"id\":1305542834115448832,\"department\":\"\\\"1\\\",\\\"2\\\"\",\"email\":\"1539136324@qq.com\",\"address\":\"安徽省合肥市\",\"wxAccount\":\"13003003657\",\"joinTime\":1624032000000,\"mobile\":\"18158873850\",\"telephone\":\"05511-67654683\",\"params\":{},\"userId\":\"13003003657\",\"name\":\"张三\",\"position\":\"首席执行官\",\"isActivate\":1}', 'null', '1', 'Warning: wrong json format. invalid party list, hint: [1600100631_80_15d6e42b81fb260343a07d93e6f4efcc], from ip: 36.5.214.233, more info at https://open.work.weixin.qq.com/devtool/query?e=40066', '2020-09-15 00:23:51');
INSERT INTO `sys_oper_log` VALUES ('226', '通讯录相关客户', '1', 'com.linkwechat.web.controller.wecom.WeUserController.add()', 'POST', '1', 'admin', null, '/wecom/user', '127.0.0.1', '内网IP', '{\"birthday\":1597766400000,\"gender\":1,\"idCard\":\"340123199503212590\",\"qqAccount\":\"1539136324\",\"avatarMediaid\":\"\",\"enable\":0,\"alias\":\"三狗子\",\"id\":1305545724817182720,\"email\":\"1539136324@qq.com\",\"address\":\"安徽省合肥市\",\"wxAccount\":\"13003003657\",\"joinTime\":1624032000000,\"mobile\":\"18158873850\",\"telephone\":\"05511-67654683\",\"params\":{},\"userId\":\"13003003657\",\"name\":\"张三\",\"position\":\"首席执行官\",\"isActivate\":1}', 'null', '1', 'invalid party list, hint: [1600101320_52_79836c815708b64daf15b1b77ea185ef], from ip: 36.5.214.233, more info at https://open.work.weixin.qq.com/devtool/query?e=40066', '2020-09-15 00:35:20');
INSERT INTO `sys_oper_log` VALUES ('227', '通讯录相关客户', '1', 'com.linkwechat.web.controller.wecom.WeUserController.add()', 'POST', '1', 'admin', null, '/wecom/user', '127.0.0.1', '内网IP', '{\"birthday\":1597766400000,\"gender\":1,\"idCard\":\"340123199503212590\",\"qqAccount\":\"1539136324\",\"avatarMediaid\":\"\",\"enable\":0,\"alias\":\"三狗子\",\"id\":1305551527120867328,\"email\":\"1539136324@qq.com\",\"address\":\"安徽省合肥市\",\"wxAccount\":\"13003003657\",\"joinTime\":1624032000000,\"mobile\":\"18158873850\",\"telephone\":\"05511-67654683\",\"params\":{},\"userId\":\"13003003657\",\"name\":\"张三\",\"position\":\"首席执行官\",\"isActivate\":1}', 'null', '1', 'invalid party list, hint: [1600102715_81_e99a7304f556a77d3168f84e88c5df9f], from ip: 36.5.214.233, more info at https://open.work.weixin.qq.com/devtool/query?e=40066', '2020-09-15 00:58:35');
INSERT INTO `sys_oper_log` VALUES ('228', '通讯录相关客户', '1', 'com.linkwechat.web.controller.wecom.WeUserController.add()', 'POST', '1', 'admin', null, '/wecom/user', '127.0.0.1', '内网IP', '{\"birthday\":1597766400000,\"gender\":1,\"idCard\":\"340123199503212590\",\"qqAccount\":\"1539136324\",\"avatarMediaid\":\"\",\"enable\":0,\"alias\":\"三狗子\",\"id\":1305552098523484160,\"email\":\"1539136324@qq.com\",\"address\":\"安徽省合肥市\",\"wxAccount\":\"13003003657\",\"joinTime\":1624032000000,\"mobile\":\"18158873850\",\"telephone\":\"05511-67654683\",\"params\":{},\"userId\":\"13003003657\",\"name\":\"张三\",\"position\":\"首席执行官\",\"isActivate\":1}', 'null', '1', 'invalid party list, hint: [1600102849_52_a7e896889cc9c08c0196e9d174a40b17], from ip: 36.5.214.233, more info at https://open.work.weixin.qq.com/devtool/query?e=40066', '2020-09-15 01:00:49');
INSERT INTO `sys_oper_log` VALUES ('229', '通讯录相关客户', '1', 'com.linkwechat.web.controller.wecom.WeUserController.add()', 'POST', '1', 'admin', null, '/wecom/user', '127.0.0.1', '内网IP', '{\"birthday\":1597766400000,\"gender\":1,\"idCard\":\"340123199503212590\",\"qqAccount\":\"1539136324\",\"avatarMediaid\":\"\",\"enable\":0,\"alias\":\"三狗子\",\"id\":1305553025905070080,\"department\":[\"\\\"1\\\"\",\"\\\"2\\\"\"],\"email\":\"1539136324@qq.com\",\"address\":\"安徽省合肥市\",\"wxAccount\":\"13003003657\",\"joinTime\":1624032000000,\"mobile\":\"18158873850\",\"telephone\":\"05511-67654683\",\"params\":{},\"userId\":\"13003003657\",\"name\":\"张三\",\"position\":\"首席执行官\",\"isActivate\":1}', 'null', '1', 'nested exception is org.apache.ibatis.exceptions.PersistenceException: \r\n### Error updating database.  Cause: java.lang.IllegalStateException: Type handler was null on parameter mapping for property \'department\'. It was either not specified and/or could not be found for the javaType ([Ljava.lang.String;) : jdbcType (null) combination.\r\n### Cause: java.lang.IllegalStateException: Type handler was null on parameter mapping for property \'department\'. It was either not specified and/or could not be found for the javaType ([Ljava.lang.String;) : jdbcType (null) combination.', '2020-09-15 01:04:21');
INSERT INTO `sys_oper_log` VALUES ('230', '通讯录相关客户', '1', 'com.linkwechat.web.controller.wecom.WeUserController.add()', 'POST', '1', 'admin', null, '/wecom/user', '127.0.0.1', '内网IP', '{\"birthday\":1597766400000,\"gender\":1,\"idCard\":\"340123199503212590\",\"qqAccount\":\"1539136324\",\"isLeaderInDept\":[],\"avatarMediaid\":\"\",\"enable\":0,\"alias\":\"三狗子\",\"id\":1305554659578089472,\"department\":[\"\\\"1\\\"\",\"\\\"2\\\"\"],\"email\":\"1539136324@qq.com\",\"address\":\"安徽省合肥市\",\"wxAccount\":\"13003003657\",\"joinTime\":1624032000000,\"mobile\":\"18158873850\",\"telephone\":\"05511-67654683\",\"params\":{},\"userId\":\"13003003657\",\"name\":\"张三\",\"position\":\"首席执行官\",\"isActivate\":1}', 'null', '1', 'nested exception is org.apache.ibatis.type.TypeException: Could not set parameters for mapping: ParameterMapping{property=\'department\', mode=IN, javaType=class [Ljava.lang.String;, jdbcType=OTHER, numericScale=null, resultMapId=\'null\', jdbcTypeName=\'null\', expression=\'null\'}. Cause: org.apache.ibatis.type.TypeException: Error setting non null for parameter #10 with JdbcType OTHER . Try setting a different JdbcType for this parameter or a different configuration property. Cause: java.lang.ClassCastException: [Ljava.lang.String; cannot be cast to [Ljava.lang.Long;', '2020-09-15 01:11:48');
INSERT INTO `sys_oper_log` VALUES ('231', '通讯录相关客户', '1', 'com.linkwechat.web.controller.wecom.WeUserController.add()', 'POST', '1', 'admin', null, '/wecom/user', '127.0.0.1', '内网IP', '{\"gender\":1,\"avatarMediaid\":\"\",\"enable\":1,\"alias\":\"码云\",\"id\":1305709885400420352,\"department\":[\"[\"],\"email\":\"18158873850@163.com\",\"wxAccount\":\"18158873850\",\"mobile\":\"18158873850\",\"params\":{},\"userId\":\"18158873850\",\"name\":\"码云\",\"isActivate\":2}', 'null', '1', 'nested exception is org.apache.ibatis.type.TypeException: Could not set parameters for mapping: ParameterMapping{property=\'department\', mode=IN, javaType=class [Ljava.lang.String;, jdbcType=OTHER, numericScale=null, resultMapId=\'null\', jdbcTypeName=\'null\', expression=\'null\'}. Cause: org.apache.ibatis.type.TypeException: Error setting non null for parameter #10 with JdbcType OTHER . Try setting a different JdbcType for this parameter or a different configuration property. Cause: java.lang.ClassCastException: [Ljava.lang.String; cannot be cast to [Ljava.lang.Long;', '2020-09-15 11:27:50');
INSERT INTO `sys_oper_log` VALUES ('232', '通讯录相关客户', '1', 'com.linkwechat.web.controller.wecom.WeUserController.add()', 'POST', '1', 'admin', null, '/wecom/user', '127.0.0.1', '内网IP', '{\"gender\":1,\"avatarMediaid\":\"\",\"enable\":1,\"alias\":\"码云\",\"id\":1305711271139741696,\"department\":[\"[\"],\"email\":\"18158873850@163.com\",\"wxAccount\":\"18158873850\",\"mobile\":\"18158873850\",\"params\":{},\"userId\":\"18158873850\",\"name\":\"码云\",\"isActivate\":2}', 'null', '1', 'Warning: wrong json format. invalid party list, hint: [1600140801_46_3548b3609f17453754fb1e3ff0ddd62b], from ip: 36.5.152.0, more info at https://open.work.weixin.qq.com/devtool/query?e=40066', '2020-09-15 11:33:22');
INSERT INTO `sys_oper_log` VALUES ('233', '通讯录相关客户', '1', 'com.linkwechat.web.controller.wecom.WeUserController.add()', 'POST', '1', 'admin', null, '/wecom/user', '127.0.0.1', '内网IP', '{\"gender\":1,\"avatarMediaid\":\"\",\"enable\":1,\"alias\":\"码云\",\"id\":1305711540875431936,\"department\":[\"[\"],\"email\":\"18158873850@163.com\",\"wxAccount\":\"18158873850\",\"mobile\":\"18158873850\",\"params\":{},\"userId\":\"18158873850\",\"name\":\"码云\",\"isActivate\":2}', 'null', '1', 'Warning: wrong json format. invalid party list, hint: [1600140903_56_a15932d623af83b45d75d509dc477c92], from ip: 36.5.152.0, more info at https://open.work.weixin.qq.com/devtool/query?e=40066', '2020-09-15 11:35:03');
INSERT INTO `sys_oper_log` VALUES ('234', '通讯录相关客户', '1', 'com.linkwechat.web.controller.wecom.WeUserController.add()', 'POST', '1', 'admin', null, '/wecom/user', '127.0.0.1', '内网IP', '{\"birthday\":795715200000,\"gender\":1,\"idCard\":\"340123199503212590\",\"qqAccount\":\"1539136324\",\"isLeaderInDept\":[\"1\"],\"avatarMediaid\":\"\",\"enable\":0,\"alias\":\"码云\",\"id\":1305711807587028992,\"department\":[\"1\"],\"email\":\"18158873850@163.com\",\"address\":\"安徽省合肥市\",\"wxAccount\":\"18158873850\",\"joinTime\":1598803200000,\"mobile\":\"18158873850\",\"telephone\":\"0551-67654683\",\"params\":{},\"userId\":\"18158873850\",\"name\":\"码云\",\"position\":\"软件开发工程师\",\"isActivate\":1}', 'null', '1', '[Ljava.lang.String; cannot be cast to [Ljava.lang.Integer;', '2020-09-15 11:35:49');
INSERT INTO `sys_oper_log` VALUES ('235', '通讯录相关客户', '1', 'com.linkwechat.web.controller.wecom.WeUserController.add()', 'POST', '1', 'admin', null, '/wecom/user', '127.0.0.1', '内网IP', '{\"birthday\":795715200000,\"gender\":1,\"idCard\":\"340123199503212590\",\"qqAccount\":\"1539136324\",\"isLeaderInDept\":[\"1\"],\"avatarMediaid\":\"\",\"enable\":0,\"alias\":\"码云\",\"id\":1305713057334431744,\"department\":[\"1\"],\"email\":\"18158873850@163.com\",\"address\":\"安徽省合肥市\",\"wxAccount\":\"18158873850\",\"joinTime\":1598803200000,\"mobile\":\"18158873850\",\"telephone\":\"0551-67654683\",\"params\":{},\"userId\":\"18158873850\",\"name\":\"码云\",\"position\":\"软件开发工程师\",\"isActivate\":1}', 'null', '1', 'mobile existed:HaoN', '2020-09-15 11:40:31');
INSERT INTO `sys_oper_log` VALUES ('236', '通讯录相关客户', '1', 'com.linkwechat.web.controller.wecom.WeUserController.add()', 'POST', '1', 'admin', null, '/wecom/user', '127.0.0.1', '内网IP', '{\"birthday\":795715200000,\"gender\":1,\"idCard\":\"340123199503212590\",\"qqAccount\":\"1539136324\",\"isLeaderInDept\":[\"1\"],\"avatarMediaid\":\"\",\"enable\":0,\"alias\":\"HaoN\",\"id\":1305714395954941952,\"department\":[\"1\"],\"email\":\"18158873850@163.com\",\"address\":\"安徽省合肥市\",\"wxAccount\":\"18158873850\",\"joinTime\":1598803200000,\"mobile\":\"18158873850\",\"telephone\":\"0551-67654683\",\"params\":{},\"userId\":\"18158873850\",\"name\":\"盛锡勇\",\"position\":\"软件开发工程师\",\"isActivate\":2}', '{\"msg\":\"操作成功\",\"code\":200}', '0', null, '2020-09-15 11:45:48');
INSERT INTO `sys_oper_log` VALUES ('237', '企业微信客户同步接口', '3', 'com.linkwechat.web.controller.wecom.WeCustomerController.synchWeCustomer()', 'GET', '1', 'admin', null, '/wecom/customer/synchWeCustomer', '127.0.0.1', '内网IP', '{}', 'null', '0', null, '2020-09-15 14:50:18');
INSERT INTO `sys_oper_log` VALUES ('238', '企业微信客户同步接口', '3', 'com.linkwechat.web.controller.wecom.WeCustomerController.synchWeCustomer()', 'GET', '1', 'admin', null, '/wecom/customer/synchWeCustomer', '127.0.0.1', '内网IP', '{}', 'null', '0', null, '2020-09-15 15:11:33');
INSERT INTO `sys_oper_log` VALUES ('239', '企业微信客户同步接口', '3', 'com.linkwechat.web.controller.wecom.WeCustomerController.synchWeCustomer()', 'GET', '1', 'admin', null, '/wecom/customer/synchWeCustomer', '127.0.0.1', '内网IP', '{}', 'null', '0', null, '2020-09-15 15:13:57');
INSERT INTO `sys_oper_log` VALUES ('240', '企业微信客户同步接口', '3', 'com.linkwechat.web.controller.wecom.WeCustomerController.synchWeCustomer()', 'GET', '1', 'admin', null, '/wecom/customer/synchWeCustomer', '127.0.0.1', '内网IP', '{}', 'null', '0', null, '2020-09-15 15:48:56');
INSERT INTO `sys_oper_log` VALUES ('241', '企业微信客户同步接口', '3', 'com.linkwechat.web.controller.wecom.WeCustomerController.synchWeCustomer()', 'GET', '1', 'admin', null, '/wecom/customer/synchWeCustomer', '127.0.0.1', '内网IP', '{}', 'null', '0', null, '2020-09-15 15:52:15');
INSERT INTO `sys_oper_log` VALUES ('242', '企业微信客户同步接口', '3', 'com.linkwechat.web.controller.wecom.WeCustomerController.synchWeCustomer()', 'GET', '1', 'admin', null, '/wecom/customer/synchWeCustomer', '127.0.0.1', '内网IP', '{}', 'null', '0', null, '2020-09-15 15:52:56');
INSERT INTO `sys_oper_log` VALUES ('243', '企业微信客户同步接口', '3', 'com.linkwechat.web.controller.wecom.WeCustomerController.synchWeCustomer()', 'GET', '1', 'admin', null, '/wecom/customer/synchWeCustomer', '127.0.0.1', '内网IP', '{}', 'null', '0', null, '2020-09-15 15:57:18');
INSERT INTO `sys_oper_log` VALUES ('244', '企业微信客户同步接口', '3', 'com.linkwechat.web.controller.wecom.WeCustomerController.synchWeCustomer()', 'GET', '1', 'admin', null, '/wecom/customer/synchWeCustomer', '127.0.0.1', '内网IP', '{}', 'null', '0', null, '2020-09-15 15:58:01');
INSERT INTO `sys_oper_log` VALUES ('245', '企业微信客户同步接口', '3', 'com.linkwechat.web.controller.wecom.WeCustomerController.synchWeCustomer()', 'GET', '1', 'admin', null, '/wecom/customer/synchWeCustomer', '127.0.0.1', '内网IP', '{}', 'null', '0', null, '2020-09-15 15:58:15');
INSERT INTO `sys_oper_log` VALUES ('246', '通讯录相关客户', '1', 'com.linkwechat.web.controller.wecom.WeUserController.add()', 'POST', '1', 'admin', null, '/wecom/user', '127.0.0.1', '内网IP', '{\"gender\":1,\"enable\":1,\"alias\":\"sert1\",\"id\":1306201693230338048,\"department\":[\"[\"],\"email\":\"18666666666@qq.com\",\"wxAccount\":\"3198w441rt6w\",\"mobile\":\"18666666666\",\"params\":{},\"userId\":\"1erg96s4e\",\"name\":\"中心\",\"isActivate\":2}', 'null', '1', 'Warning: wrong json format. invalid party list, hint: [1600257727_52_35ef96f5de9c4616ed46ee788a73cecc], from ip: 106.13.201.219, more info at https://open.work.weixin.qq.com/devtool/query?e=40066', '2020-09-16 20:02:07');
INSERT INTO `sys_oper_log` VALUES ('247', '通讯录相关客户', '1', 'com.linkwechat.web.controller.wecom.WeUserController.add()', 'POST', '1', 'admin', null, '/wecom/user', '127.0.0.1', '内网IP', '{\"gender\":1,\"enable\":1,\"id\":1306203303125848064,\"department\":[\"[\"],\"params\":{},\"isActivate\":2}', 'null', '1', '\n### Error updating database.  Cause: java.sql.SQLException: Field \'mobile\' doesn\'t have a default value\n### The error may involve com.linkwechat.wecom.mapper.WeUserMapper.insertWeUser-Inline\n### The error occurred while setting parameters\n### SQL: insert into we_user          ( id,                                                                 gender,                                                    department,                                                    enable,                                                                                           is_activate )           values ( ?,                                                                 ?,                                                    ?,                                                    ?,                                                                                           ? )\n### Cause: java.sql.SQLException: Field \'mobile\' doesn\'t have a default value\n; Field \'mobile\' doesn\'t have a default value; nested exception is java.sql.SQLException: Field \'mobile\' doesn\'t have a default value', '2020-09-16 20:08:30');
INSERT INTO `sys_oper_log` VALUES ('248', '通讯录相关客户', '1', 'com.linkwechat.web.controller.wecom.WeUserController.add()', 'POST', '1', 'admin', null, '/wecom/user', '127.0.0.1', '内网IP', '{\"birthday\":797702400000,\"gender\":1,\"idCard\":\"340123199503212590\",\"qqAccount\":\"18158873850\",\"isLeaderInDept\":[\"0\"],\"enable\":1,\"alias\":\"haoan\",\"id\":1306236542884384768,\"department\":[\"1\"],\"email\":\"18158873850@qq.com\",\"address\":\"安徽省合肥市\",\"wxAccount\":\"vv18158873850\",\"joinTime\":1599494400000,\"mobile\":\"18158873850\",\"telephone\":\"0551-64658695\",\"params\":{},\"userId\":\"18158873850\",\"name\":\"盛喜勇\",\"position\":\"软件开发工程师\",\"isActivate\":2}', 'null', '1', 'mobile existed:18158873850', '2020-09-16 22:20:35');
INSERT INTO `sys_oper_log` VALUES ('249', '通讯录相关客户', '1', 'com.linkwechat.web.controller.wecom.WeUserController.add()', 'POST', '1', 'admin', null, '/wecom/user', '127.0.0.1', '内网IP', '{\"birthday\":937324800000,\"gender\":1,\"idCard\":\"340123199503212590\",\"qqAccount\":\"18158873858\",\"isLeaderInDept\":[\"0\"],\"enable\":1,\"alias\":\"hannan\",\"id\":1306237123472527360,\"department\":[\"1\"],\"email\":\"18158873858@qq.com\",\"address\":\"安徽省合肥市\",\"wxAccount\":\"18158873858\",\"joinTime\":1599667200000,\"mobile\":\"18158873858\",\"telephone\":\"0551-64658695\",\"params\":{},\"userId\":\"18158873858\",\"name\":\"盛喜勇\",\"position\":\"软件开发工程师\",\"isActivate\":2}', '{\"msg\":\"操作成功\",\"code\":200}', '0', null, '2020-09-16 22:22:54');
INSERT INTO `sys_oper_log` VALUES ('250', '更新通讯录客户', '2', 'com.linkwechat.web.controller.wecom.WeUserController.edit()', 'PUT', '1', 'admin', null, '/wecom/user', '127.0.0.1', '内网IP', '{\"birthday\":934560000000,\"gender\":1,\"idCard\":\"340123199503212590\",\"qqAccount\":\"18158873858\",\"isLeaderInDept\":[\"“0”\"],\"avatarMediaid\":\"\",\"enable\":1,\"alias\":\"hannan\",\"id\":1306237123472527360,\"department\":[\"1\"],\"email\":\"18158873858@qq.com\",\"address\":\"安徽省合肥市\",\"wxAccount\":\"18158873858\",\"joinTime\":1584720000000,\"mobile\":\"18158873858\",\"telephone\":\"0551-64658695\",\"params\":{},\"userId\":\"18158873858\",\"name\":\"hannan\",\"position\":\"JAVA开发工程师\",\"isActivate\":2}', '{\"msg\":\"操作成功\",\"code\":200}', '0', null, '2020-09-16 23:22:17');
INSERT INTO `sys_oper_log` VALUES ('251', '更新通讯录客户', '2', 'com.linkwechat.web.controller.wecom.WeUserController.edit()', 'PUT', '1', 'admin', null, '/wecom/user', '127.0.0.1', '内网IP', '{\"birthday\":934560000000,\"gender\":1,\"idCard\":\"340123199503212590\",\"qqAccount\":\"18158873858\",\"isLeaderInDept\":[\"“0”\"],\"enable\":1,\"alias\":\"hannan\",\"id\":1306237123472527360,\"department\":[\"1\"],\"email\":\"18158873858@qq.com\",\"address\":\"安徽省合肥市\",\"wxAccount\":\"18158873858\",\"joinTime\":1584720000000,\"mobile\":\"18158873858\",\"telephone\":\"0551-64658695\",\"params\":{},\"userId\":\"18158873858\",\"name\":\"HaoN\",\"position\":\"JAVA开发工程师\",\"isActivate\":2}', '{\"msg\":\"操作成功\",\"code\":200}', '0', null, '2020-09-16 23:49:00');
INSERT INTO `sys_oper_log` VALUES ('252', '更新通讯录客户', '2', 'com.linkwechat.web.controller.wecom.WeUserController.edit()', 'PUT', '1', 'admin', null, '/wecom/user', '127.0.0.1', '内网IP', '{\"birthday\":934560000000,\"gender\":1,\"idCard\":\"340123199503212590\",\"qqAccount\":\"18158873858\",\"isLeaderInDept\":[\"“0”\"],\"enable\":1,\"alias\":\"hannan\",\"id\":1306237123472527360,\"department\":[\"1\"],\"email\":\"18158873858@qq.com\",\"address\":\"安徽省合肥市\",\"wxAccount\":\"18158873858\",\"joinTime\":1584720000000,\"mobile\":\"18158873858\",\"telephone\":\"0551-64658695\",\"params\":{},\"userId\":\"18158873858\",\"name\":\"HaoN\",\"position\":\"JAVA开发工程师\",\"isActivate\":2}', '{\"msg\":\"操作成功\",\"code\":200}', '0', null, '2020-09-16 23:52:25');
INSERT INTO `sys_oper_log` VALUES ('253', '更新通讯录客户', '2', 'com.linkwechat.web.controller.wecom.WeUserController.edit()', 'PUT', '1', 'admin', null, '/wecom/user', '127.0.0.1', '内网IP', '{\"birthday\":934560000000,\"gender\":1,\"idCard\":\"340123199503212590\",\"qqAccount\":\"18158873858\",\"isLeaderInDept\":[\"“0”\"],\"enable\":1,\"alias\":\"hannan\",\"id\":1306237123472527360,\"department\":[\"1\"],\"email\":\"18158873858@qq.com\",\"address\":\"安徽省合肥市\",\"wxAccount\":\"18158873858\",\"joinTime\":1584720000000,\"mobile\":\"18158873858\",\"telephone\":\"0551-64658695\",\"params\":{},\"userId\":\"18158873858\",\"name\":\"fdsf\",\"position\":\"JAVA开发工程师\",\"isActivate\":2}', '{\"msg\":\"操作成功\",\"code\":200}', '0', null, '2020-09-16 23:57:56');
INSERT INTO `sys_oper_log` VALUES ('254', '更新通讯录客户', '2', 'com.linkwechat.web.controller.wecom.WeUserController.edit()', 'PUT', '1', 'admin', null, '/wecom/user', '127.0.0.1', '内网IP', '{\"birthday\":934560000000,\"gender\":1,\"idCard\":\"340123199503212590\",\"qqAccount\":\"18158873858\",\"isLeaderInDept\":[\"0\"],\"enable\":1,\"alias\":\"hannan\",\"id\":1306237123472527360,\"department\":[\"1\"],\"email\":\"18158873858@qq.com\",\"address\":\"安徽省合肥市\",\"wxAccount\":\"18158873858\",\"joinTime\":1584720000000,\"mobile\":\"18158873858\",\"telephone\":\"0551-64658695\",\"params\":{},\"userId\":\"18158873858\",\"name\":\"HaoN\",\"position\":\"JAVA开发工程师\",\"isActivate\":2}', '{\"msg\":\"操作成功\",\"code\":200}', '0', null, '2020-09-17 00:04:38');
INSERT INTO `sys_oper_log` VALUES ('255', '更新通讯录客户', '2', 'com.linkwechat.web.controller.wecom.WeUserController.edit()', 'PUT', '1', 'admin', null, '/wecom/user', '127.0.0.1', '内网IP', '{\"birthday\":934560000000,\"gender\":1,\"idCard\":\"340123199503212590\",\"qqAccount\":\"18158873858\",\"isLeaderInDept\":[\"0\"],\"enable\":1,\"alias\":\"hannan\",\"id\":1306237123472527360,\"department\":[\"1\"],\"email\":\"18158873858@qq.com\",\"address\":\"安徽省合肥市\",\"wxAccount\":\"18158873858\",\"joinTime\":1584720000000,\"mobile\":\"18158873858\",\"telephone\":\"0551-64658695\",\"params\":{},\"userId\":\"18158873858\",\"name\":\"HaoN\",\"position\":\"JAVA开发工程师\",\"isActivate\":2}', '{\"msg\":\"操作成功\",\"code\":200}', '0', null, '2020-09-17 00:07:18');
INSERT INTO `sys_oper_log` VALUES ('256', '通讯录相关客户', '1', 'com.linkwechat.web.controller.wecom.WeUserController.add()', 'POST', '1', 'admin', null, '/wecom/user', '127.0.0.1', '内网IP', '{\"gender\":1,\"isLeaderInDept\":[\"0\"],\"enable\":1,\"alias\":\"DS\",\"id\":1306264102074716160,\"department\":[\"1304326602372550656\"],\"mobile\":\"18158873869\",\"params\":{},\"userId\":\"1539136324\",\"name\":\"UU\",\"isActivate\":2}', 'null', '1', 'invalid party list, hint: [1600272593_56_77b91d174d4a60f84650cba60fd0bab4], from ip: 183.160.226.185, more info at https://open.work.weixin.qq.com/devtool/query?e=40066', '2020-09-17 00:09:54');
INSERT INTO `sys_oper_log` VALUES ('257', '更新通讯录客户', '2', 'com.linkwechat.web.controller.wecom.WeUserController.edit()', 'PUT', '1', 'admin', null, '/wecom/user', '127.0.0.1', '内网IP', '{\"birthday\":934560000000,\"gender\":1,\"idCard\":\"340123199503212590\",\"qqAccount\":\"18158873858\",\"isLeaderInDept\":[\"0\"],\"enable\":1,\"alias\":\"hannan\",\"id\":1306237123472527360,\"department\":[\"1\"],\"email\":\"18158873858@qq.com\",\"address\":\"安徽省合肥市\",\"wxAccount\":\"18158873858\",\"joinTime\":1584720000000,\"mobile\":\"18158873858\",\"telephone\":\"0551-64658695\",\"params\":{},\"userId\":\"18158873858\",\"name\":\"渤海金控\",\"position\":\"JAVA开发工程师\",\"isActivate\":2}', '{\"msg\":\"操作成功\",\"code\":200}', '0', null, '2020-09-17 21:19:17');
INSERT INTO `sys_oper_log` VALUES ('258', '更新通讯录客户', '2', 'com.linkwechat.web.controller.wecom.WeUserController.edit()', 'PUT', '1', 'admin', null, '/wecom/user', '127.0.0.1', '内网IP', '{\"birthday\":934560000000,\"gender\":1,\"idCard\":\"340123199503212590\",\"qqAccount\":\"18158873858\",\"isLeaderInDept\":[\"0\"],\"enable\":1,\"alias\":\"hannan\",\"id\":1306237123472527360,\"department\":[\"1\"],\"email\":\"18158873858@qq.com\",\"address\":\"安徽省合肥市\",\"wxAccount\":\"18158873858\",\"joinTime\":1584720000000,\"mobile\":\"18158873858\",\"telephone\":\"0551-64658695\",\"params\":{},\"userId\":\"18158873858\",\"name\":\"9646\",\"position\":\"JAVA开发工程师\",\"isActivate\":2}', '{\"msg\":\"操作成功\",\"code\":200}', '0', null, '2020-09-17 21:19:28');
INSERT INTO `sys_oper_log` VALUES ('259', '更新通讯录客户', '2', 'com.linkwechat.web.controller.wecom.WeUserController.edit()', 'PUT', '1', 'admin', null, '/wecom/user', '127.0.0.1', '内网IP', '{\"birthday\":934560000000,\"gender\":1,\"idCard\":\"340123199503212590\",\"qqAccount\":\"18158873858\",\"isLeaderInDept\":[\"0\"],\"enable\":1,\"alias\":\"hannan\",\"id\":1306237123472527360,\"department\":[\"1\"],\"email\":\"18158873858@qq.com\",\"address\":\"安徽省合肥市\",\"wxAccount\":\"18158873858\",\"joinTime\":1584720000000,\"mobile\":\"18158873858\",\"telephone\":\"0551-64658695\",\"params\":{},\"userId\":\"18158873858\",\"name\":\"515\",\"position\":\"JAVA开发工程师\",\"isActivate\":2}', '{\"msg\":\"操作成功\",\"code\":200}', '0', null, '2020-09-17 21:23:45');
INSERT INTO `sys_oper_log` VALUES ('260', '更新通讯录客户', '2', 'com.linkwechat.web.controller.wecom.WeUserController.edit()', 'PUT', '1', 'admin', null, '/wecom/user', '127.0.0.1', '内网IP', '{\"birthday\":934560000000,\"gender\":1,\"idCard\":\"340123199503212590\",\"qqAccount\":\"18158873858\",\"isLeaderInDept\":[\"0\"],\"enable\":1,\"alias\":\"hannan\",\"id\":1306237123472527360,\"department\":[\"1304326602372550656\"],\"email\":\"18158873858@qq.com\",\"address\":\"安徽省合肥市\",\"wxAccount\":\"18158873858\",\"joinTime\":1584720000000,\"mobile\":\"18158873858\",\"telephone\":\"0551-64658695\",\"params\":{},\"userId\":\"18158873858\",\"name\":\"156\",\"position\":\"JAVA开发工程师\",\"isActivate\":2}', 'null', '1', 'invalid party list, hint: [1600349623_52_98961ab8d2a603a6fa97d7711cc1f52e], from ip: 106.13.201.219, more info at https://open.work.weixin.qq.com/devtool/query?e=40066', '2020-09-17 21:33:44');
INSERT INTO `sys_oper_log` VALUES ('261', '更新通讯录客户', '2', 'com.linkwechat.web.controller.wecom.WeUserController.edit()', 'PUT', '1', 'admin', null, '/wecom/user', '127.0.0.1', '内网IP', '{\"birthday\":934560000000,\"gender\":1,\"idCard\":\"340123199503212590\",\"qqAccount\":\"18158873858\",\"isLeaderInDept\":[\"0\"],\"enable\":1,\"alias\":\"hannan\",\"id\":1306237123472527360,\"department\":[\"1\"],\"email\":\"18158873858@qq.com\",\"address\":\"安徽省合肥市\",\"wxAccount\":\"18158873858\",\"joinTime\":1584720000000,\"mobile\":\"18158873858\",\"telephone\":\"0551-64658695\",\"params\":{},\"userId\":\"18158873858\",\"name\":\"5262\",\"position\":\"JAVA开发工程师\",\"isActivate\":2}', '{\"msg\":\"操作成功\",\"code\":200}', '0', null, '2020-09-17 21:35:33');
INSERT INTO `sys_oper_log` VALUES ('262', '标签组', '1', 'com.linkwechat.web.controller.wecom.WeTagGroupController.add()', 'POST', '1', 'admin', null, '/wecom/group', '127.0.0.1', '内网IP', '{\"weTags\":[{\"groupId\":1306898796206231552,\"params\":{},\"name\":\"AA1\",\"id\":1306898796210425856}],\"params\":{},\"gourpName\":\"AA\",\"id\":1306898796206231552}', 'null', '1', 'nested exception is org.apache.ibatis.binding.BindingException: Parameter \'tags\' not found. Available parameters are [weTags, param1]', '2020-09-18 18:12:08');
INSERT INTO `sys_oper_log` VALUES ('263', '标签组', '1', 'com.linkwechat.web.controller.wecom.WeTagGroupController.add()', 'POST', '1', 'admin', null, '/wecom/group', '127.0.0.1', '内网IP', '{\"weTags\":[{\"groupId\":1306898904712876032,\"params\":{},\"name\":\"AA1\",\"id\":1306898904712876033}],\"params\":{},\"gourpName\":\"AA\",\"id\":1306898904712876032}', 'null', '1', 'nested exception is org.apache.ibatis.binding.BindingException: Parameter \'tags\' not found. Available parameters are [weTags, param1]', '2020-09-18 18:12:53');
INSERT INTO `sys_oper_log` VALUES ('264', '标签组', '1', 'com.linkwechat.web.controller.wecom.WeTagGroupController.add()', 'POST', '1', 'admin', null, '/wecom/group', '127.0.0.1', '内网IP', '{\"weTags\":[{\"groupId\":1306899357513158656,\"params\":{},\"name\":\"AA1\",\"id\":1306899357517352960}],\"params\":{},\"gourpName\":\"AA\",\"id\":1306899357513158656}', 'null', '1', '\r\n### Error updating database.  Cause: java.sql.SQLSyntaxErrorException: Table \'ry-vue.person\' doesn\'t exist\r\n### The error may involve defaultParameterMap\r\n### The error occurred while setting parameters\r\n### SQL: insert into person (id, group_id, name, create_time)         values                        (?,?,?,?)\r\n### Cause: java.sql.SQLSyntaxErrorException: Table \'ry-vue.person\' doesn\'t exist\n; bad SQL grammar []; nested exception is java.sql.SQLSyntaxErrorException: Table \'ry-vue.person\' doesn\'t exist', '2020-09-18 18:14:24');
INSERT INTO `sys_oper_log` VALUES ('265', '标签组', '1', 'com.linkwechat.web.controller.wecom.WeTagGroupController.add()', 'POST', '1', 'admin', null, '/wecom/group', '127.0.0.1', '内网IP', '{\"weTags\":[{\"groupId\":1306899640339271680,\"params\":{},\"name\":\"AA1\",\"id\":1306899640339271681}],\"params\":{},\"gourpName\":\"AA\",\"id\":1306899640339271680}', '{\"msg\":\"操作成功\",\"code\":200}', '0', null, '2020-09-18 18:15:32');
INSERT INTO `sys_oper_log` VALUES ('266', '标签组', '1', 'com.linkwechat.web.controller.wecom.WeTagGroupController.add()', 'POST', '1', 'admin', null, '/wecom/group', '127.0.0.1', '内网IP', '{\"weTags\":[{\"groupId\":1306900239919222784,\"params\":{},\"createTime\":1600424272886,\"name\":\"AA1\",\"id\":1306900239919222785}],\"params\":{},\"gourpName\":\"AA\",\"createTime\":1600424272883,\"id\":1306900239919222784}', '{\"msg\":\"操作成功\",\"code\":200}', '0', null, '2020-09-18 18:17:54');
INSERT INTO `sys_oper_log` VALUES ('267', '标签组', '2', 'com.linkwechat.web.controller.wecom.WeTagGroupController.edit()', 'PUT', '1', 'admin', null, '/wecom/group', '127.0.0.1', '内网IP', '{\"weTags\":[{\"groupId\":1306900239919222784,\"params\":{},\"createTime\":1600427167642,\"name\":\"测试标签\",\"id\":1306900239919222785,\"status\":\"1\"}],\"params\":{},\"gourpName\":\"测试分组\",\"createTime\":1600427167639,\"id\":1306900239919222784}', '{\"msg\":\"操作成功\",\"code\":200}', '0', null, '2020-09-18 19:06:07');
INSERT INTO `sys_oper_log` VALUES ('271', '标签组', '3', 'com.linkwechat.web.controller.wecom.WeTagGroupController.remove()', 'DELETE', '1', 'admin', null, '/wecom/group/1306900239919222784', '127.0.0.1', '内网IP', '{ids=1306900239919222784}', '{\"msg\":\"操作成功\",\"code\":200}', '0', null, '2020-09-18 19:11:14');
INSERT INTO `sys_oper_log` VALUES ('272', '代码生成', '6', 'com.linkwechat.generator.controller.GenController.importTableSave()', 'POST', '1', 'admin', null, '/tool/gen/importTable', '127.0.0.1', '内网IP', 'we_flower_customer_rel', '{\"msg\":\"操作成功\",\"code\":200}', '0', null, '2020-09-19 16:25:48');
INSERT INTO `sys_oper_log` VALUES ('273', '代码生成', '6', 'com.linkwechat.generator.controller.GenController.importTableSave()', 'POST', '1', 'admin', null, '/tool/gen/importTable', '127.0.0.1', '内网IP', 'we_flower_customer_tag_rel', '{\"msg\":\"操作成功\",\"code\":200}', '0', null, '2020-09-19 16:26:06');
INSERT INTO `sys_oper_log` VALUES ('274', '代码生成', '2', 'com.linkwechat.generator.controller.GenController.editSave()', 'PUT', '1', 'admin', null, '/tool/gen', '127.0.0.1', '内网IP', '{\"functionAuthor\":\"ruoyi\",\"columns\":[{\"usableColumn\":false,\"columnId\":66,\"isIncrement\":\"0\",\"increment\":false,\"insert\":true,\"dictType\":\"\",\"required\":false,\"superColumn\":false,\"updateBy\":\"\",\"isInsert\":\"1\",\"javaField\":\"id\",\"htmlType\":\"input\",\"edit\":false,\"query\":false,\"sort\":1,\"list\":false,\"params\":{},\"javaType\":\"Long\",\"queryType\":\"EQ\",\"columnType\":\"bigint\",\"createBy\":\"admin\",\"isPk\":\"1\",\"createTime\":1600503948000,\"tableId\":8,\"pk\":true,\"columnName\":\"id\"},{\"usableColumn\":false,\"columnId\":67,\"isIncrement\":\"0\",\"increment\":false,\"insert\":true,\"isList\":\"1\",\"dictType\":\"\",\"required\":false,\"superColumn\":false,\"updateBy\":\"\",\"isInsert\":\"1\",\"javaField\":\"userId\",\"htmlType\":\"input\",\"edit\":true,\"query\":true,\"columnComment\":\"添加了此外部联系人的企业成员userid\",\"isQuery\":\"1\",\"sort\":2,\"list\":true,\"params\":{},\"javaType\":\"String\",\"queryType\":\"EQ\",\"columnType\":\"varchar(32)\",\"createBy\":\"admin\",\"isPk\":\"0\",\"createTime\":1600503948000,\"isEdit\":\"1\",\"tableId\":8,\"pk\":false,\"columnName\":\"user_id\"},{\"usableColumn\":false,\"columnId\":68,\"isIncrement\":\"0\",\"increment\":false,\"insert\":true,\"isList\":\"1\",\"dictType\":\"\",\"required\":false,\"superColumn\":true,\"updateBy\":\"\",\"isInsert\":\"1\",\"javaField\":\"remark\",\"htmlType\":\"input\",\"edit\":true,\"query\":false,\"columnComment\":\"该成员对此外部联系人的备注\",\"sort\":3,\"list\":true,\"params\":{},\"javaType\":\"String\",\"queryType\":\"EQ\",\"columnType\":\"varchar(100)\",\"createBy\":\"admin\",\"isPk\":\"0\",\"createTime\":1600503948000,\"isEdit\":\"1\",\"tableId\":8,\"pk\":false,\"columnName\":\"remark\"},{\"usableColumn\":false,\"columnId\":69,\"isIncrement\":\"0\",\"increment\":false,\"insert\":true,\"isList\":\"1\",\"dictType\":\"\",\"required\":false,\"superColumn\":false,\"updateBy\":\"\",\"isInsert\":\"1\",\"javaField\":\"description\",\"htmlType\":\"input\",\"edit\":true,\"query\":true,\"columnComment\":\"该成员对此外部联系人的描述\",\"isQuery\":\"1\",\"sort\":4,\"list\":true,\"params\":{},\"javaType\":\"String\",\"queryType\":\"EQ\",\"columnType\":\"tinytext\",\"createBy\":\"admin\",\"isPk\":\"0\",\"createTime\":1600503948000,\"isEdit\":\"1\",\"tableId\":8,\"pk\":false,\"columnName\":\"description\"},{\"usableColumn\":false,\"columnId\":7', '{\"msg\":\"操作成功\",\"code\":200}', '0', null, '2020-09-19 16:26:40');
INSERT INTO `sys_oper_log` VALUES ('275', '代码生成', '2', 'com.linkwechat.generator.controller.GenController.editSave()', 'PUT', '1', 'admin', null, '/tool/gen', '127.0.0.1', '内网IP', '{\"functionAuthor\":\"ruoyi\",\"columns\":[{\"usableColumn\":false,\"columnId\":77,\"isIncrement\":\"0\",\"increment\":false,\"insert\":true,\"dictType\":\"\",\"required\":false,\"superColumn\":false,\"updateBy\":\"\",\"isInsert\":\"1\",\"javaField\":\"id\",\"htmlType\":\"input\",\"edit\":false,\"query\":false,\"sort\":1,\"list\":false,\"params\":{},\"javaType\":\"Long\",\"queryType\":\"EQ\",\"columnType\":\"bigint\",\"createBy\":\"admin\",\"isPk\":\"1\",\"createTime\":1600503966000,\"tableId\":9,\"pk\":true,\"columnName\":\"id\"},{\"usableColumn\":false,\"columnId\":78,\"isIncrement\":\"0\",\"increment\":false,\"insert\":true,\"isList\":\"1\",\"dictType\":\"\",\"required\":true,\"superColumn\":false,\"updateBy\":\"\",\"isInsert\":\"1\",\"isRequired\":\"1\",\"javaField\":\"flowerCustomerRelId\",\"htmlType\":\"input\",\"edit\":true,\"query\":true,\"columnComment\":\"添加客户的企业微信用户\",\"isQuery\":\"1\",\"sort\":2,\"list\":true,\"params\":{},\"javaType\":\"Long\",\"queryType\":\"EQ\",\"columnType\":\"bigint\",\"createBy\":\"admin\",\"isPk\":\"0\",\"createTime\":1600503966000,\"isEdit\":\"1\",\"tableId\":9,\"pk\":false,\"columnName\":\"flower_customer_rel_id\"},{\"usableColumn\":false,\"columnId\":79,\"isIncrement\":\"0\",\"increment\":false,\"insert\":true,\"isList\":\"1\",\"dictType\":\"\",\"required\":true,\"superColumn\":false,\"updateBy\":\"\",\"isInsert\":\"1\",\"isRequired\":\"1\",\"javaField\":\"tagId\",\"htmlType\":\"input\",\"edit\":true,\"query\":true,\"columnComment\":\"标签id\",\"isQuery\":\"1\",\"sort\":3,\"list\":true,\"params\":{},\"javaType\":\"Long\",\"queryType\":\"EQ\",\"columnType\":\"bigint\",\"createBy\":\"admin\",\"isPk\":\"0\",\"createTime\":1600503966000,\"isEdit\":\"1\",\"tableId\":9,\"pk\":false,\"columnName\":\"tag_id\"},{\"usableColumn\":false,\"columnId\":80,\"isIncrement\":\"0\",\"increment\":false,\"insert\":true,\"dictType\":\"\",\"required\":false,\"superColumn\":true,\"updateBy\":\"\",\"isInsert\":\"1\",\"javaField\":\"createTime\",\"htmlType\":\"datetime\",\"edit\":false,\"query\":false,\"sort\":4,\"list\":false,\"params\":{},\"javaType\":\"Date\",\"queryType\":\"EQ\",\"columnType\":\"datetime\",\"createBy\":\"admin\",\"isPk\":\"0\",\"createTime\":1600503966000,\"tableId\":9,\"pk\":false,\"columnName\":\"create_time\"}],\"businessName\":\"rel\",\"moduleName\":\"wecom\",\"className\":\"WeFlower', '{\"msg\":\"操作成功\",\"code\":200}', '0', null, '2020-09-19 16:26:52');
INSERT INTO `sys_oper_log` VALUES ('276', '代码生成', '8', 'com.linkwechat.generator.controller.GenController.batchGenCode()', 'GET', '1', 'admin', null, '/tool/gen/batchGenCode', '127.0.0.1', '内网IP', '{}', 'null', '0', null, '2020-09-19 16:27:30');
INSERT INTO `sys_oper_log` VALUES ('277', '代码生成', '8', 'com.linkwechat.generator.controller.GenController.batchGenCode()', 'GET', '1', 'admin', null, '/tool/gen/batchGenCode', '127.0.0.1', '内网IP', '{}', 'null', '0', null, '2020-09-19 16:27:41');
INSERT INTO `sys_oper_log` VALUES ('278', '代码生成', '8', 'com.linkwechat.generator.controller.GenController.batchGenCode()', 'GET', '1', 'admin', null, '/tool/gen/batchGenCode', '127.0.0.1', '内网IP', '{}', 'null', '0', null, '2020-09-19 16:27:45');
INSERT INTO `sys_oper_log` VALUES ('279', '代码生成', '8', 'com.linkwechat.generator.controller.GenController.batchGenCode()', 'GET', '1', 'admin', null, '/tool/gen/batchGenCode', '127.0.0.1', '内网IP', '{}', 'null', '0', null, '2020-09-19 16:53:33');
INSERT INTO `sys_oper_log` VALUES ('280', '标签组', '1', 'com.linkwechat.web.controller.wecom.WeTagGroupController.add()', 'POST', '1', 'admin', null, '/wecom/group', '127.0.0.1', '内网IP', '{\"weTags\":[{\"groupId\":1307266327928508416,\"params\":{},\"createTime\":1600511555069,\"name\":\"sert\",\"id\":1307266327928508417},{\"groupId\":1307266327928508416,\"params\":{},\"createTime\":1600511555069,\"name\":\"sdg\",\"id\":1307266327928508418}],\"params\":{},\"gourpName\":\"sert\",\"createTime\":1600511555069,\"id\":1307266327928508416}', '{\"msg\":\"操作成功\",\"code\":200}', '0', null, '2020-09-19 18:32:35');
INSERT INTO `sys_oper_log` VALUES ('281', '标签组', '2', 'com.linkwechat.web.controller.wecom.WeTagGroupController.edit()', 'PUT', '1', 'admin', null, '/wecom/group', '127.0.0.1', '内网IP', '{\"weTags\":[{\"groupId\":1307266327928508416,\"params\":{},\"createTime\":1600515420000,\"name\":\"sert\",\"id\":1307266327928508417},{\"groupId\":1307266327928508416,\"params\":{},\"createTime\":1600515420000,\"name\":\"sdg\",\"id\":1307266327928508418},{\"params\":{},\"createTime\":1600515433504,\"name\":\"阿尔泰\",\"id\":1307282595263942657}],\"params\":{},\"gourpName\":\"sert\",\"createTime\":1600511555000,\"id\":1307266327928508416}', '{\"msg\":\"操作成功\",\"code\":200}', '0', null, '2020-09-19 19:37:13');
INSERT INTO `sys_oper_log` VALUES ('282', '标签组', '1', 'com.linkwechat.web.controller.wecom.WeTagGroupController.add()', 'POST', '1', 'admin', null, '/wecom/group', '127.0.0.1', '内网IP', '{\"weTags\":[{\"groupId\":1307285892741861376,\"params\":{},\"createTime\":1600516219684,\"name\":\"让他\",\"id\":1307285892741861377},{\"groupId\":1307285892741861376,\"params\":{},\"createTime\":1600516219684,\"name\":\"大热天\",\"id\":1307285892741861378}],\"params\":{},\"gourpName\":\"色让他个set\",\"createTime\":1600516219684,\"id\":1307285892741861376}', '{\"msg\":\"操作成功\",\"code\":200}', '0', null, '2020-09-19 19:50:20');
INSERT INTO `sys_oper_log` VALUES ('283', '标签组', '1', 'com.linkwechat.web.controller.wecom.WeTagGroupController.add()', 'POST', '1', 'admin', null, '/wecom/group', '127.0.0.1', '内网IP', '{\"weTags\":[{\"groupId\":1307286033041330176,\"params\":{},\"createTime\":1600516253134,\"name\":\"大人头一回\",\"id\":1307286033041330177},{\"groupId\":1307286033041330176,\"params\":{},\"createTime\":1600516253134,\"name\":\"大热天的人\",\"id\":1307286033041330178}],\"params\":{},\"gourpName\":\"色人体艺术\",\"createTime\":1600516253134,\"id\":1307286033041330176}', '{\"msg\":\"操作成功\",\"code\":200}', '0', null, '2020-09-19 19:50:53');
INSERT INTO `sys_oper_log` VALUES ('284', '标签组', '3', 'com.linkwechat.web.controller.wecom.WeTagGroupController.remove()', 'DELETE', '1', 'admin', null, '/wecom/group/1307286033041330176', '127.0.0.1', '内网IP', '{ids=1307286033041330176}', '{\"msg\":\"操作成功\",\"code\":200}', '0', null, '2020-09-19 19:51:01');
INSERT INTO `sys_oper_log` VALUES ('285', '代码生成', '3', 'com.linkwechat.generator.controller.GenController.remove()', 'DELETE', '1', 'admin', null, '/tool/gen/6', '127.0.0.1', '内网IP', '{tableIds=6}', '{\"msg\":\"操作成功\",\"code\":200}', '0', null, '2020-09-19 19:52:17');
INSERT INTO `sys_oper_log` VALUES ('286', '代码生成', '6', 'com.linkwechat.generator.controller.GenController.importTableSave()', 'POST', '1', 'admin', null, '/tool/gen/importTable', '127.0.0.1', '内网IP', 'we_customer', '{\"msg\":\"操作成功\",\"code\":200}', '0', null, '2020-09-19 19:52:26');
INSERT INTO `sys_oper_log` VALUES ('287', '代码生成', '2', 'com.linkwechat.generator.controller.GenController.editSave()', 'PUT', '1', 'admin', null, '/tool/gen', '127.0.0.1', '内网IP', '{\"functionAuthor\":\"ruoyi\",\"columns\":[{\"usableColumn\":false,\"columnId\":81,\"isIncrement\":\"0\",\"increment\":false,\"insert\":true,\"dictType\":\"\",\"required\":false,\"superColumn\":false,\"updateBy\":\"\",\"isInsert\":\"1\",\"javaField\":\"id\",\"htmlType\":\"input\",\"edit\":false,\"query\":false,\"sort\":1,\"list\":false,\"params\":{},\"javaType\":\"Long\",\"queryType\":\"EQ\",\"columnType\":\"bigint\",\"createBy\":\"admin\",\"isPk\":\"1\",\"createTime\":1600516345000,\"tableId\":10,\"pk\":true,\"columnName\":\"id\"},{\"usableColumn\":false,\"columnId\":82,\"isIncrement\":\"0\",\"increment\":false,\"insert\":true,\"isList\":\"1\",\"dictType\":\"\",\"required\":false,\"superColumn\":false,\"updateBy\":\"\",\"isInsert\":\"1\",\"javaField\":\"externalUserid\",\"htmlType\":\"input\",\"edit\":true,\"query\":true,\"columnComment\":\"外部联系人的userid\",\"isQuery\":\"1\",\"sort\":2,\"list\":true,\"params\":{},\"javaType\":\"String\",\"queryType\":\"EQ\",\"columnType\":\"varchar(32)\",\"createBy\":\"admin\",\"isPk\":\"0\",\"createTime\":1600516345000,\"isEdit\":\"1\",\"tableId\":10,\"pk\":false,\"columnName\":\"external_userid\"},{\"usableColumn\":false,\"columnId\":83,\"isIncrement\":\"0\",\"increment\":false,\"insert\":true,\"isList\":\"1\",\"dictType\":\"\",\"required\":false,\"superColumn\":false,\"updateBy\":\"\",\"isInsert\":\"1\",\"javaField\":\"name\",\"htmlType\":\"input\",\"edit\":true,\"query\":true,\"columnComment\":\"外部联系人名称\",\"isQuery\":\"1\",\"sort\":3,\"list\":true,\"params\":{},\"javaType\":\"String\",\"queryType\":\"LIKE\",\"columnType\":\"varchar(32)\",\"createBy\":\"admin\",\"isPk\":\"0\",\"createTime\":1600516345000,\"isEdit\":\"1\",\"tableId\":10,\"pk\":false,\"columnName\":\"name\"},{\"usableColumn\":false,\"columnId\":84,\"isIncrement\":\"0\",\"increment\":false,\"insert\":true,\"isList\":\"1\",\"dictType\":\"\",\"required\":false,\"superColumn\":false,\"updateBy\":\"\",\"isInsert\":\"1\",\"javaField\":\"avatar\",\"htmlType\":\"input\",\"edit\":true,\"query\":true,\"columnComment\":\"外部联系人头像\",\"isQuery\":\"1\",\"sort\":4,\"list\":true,\"params\":{},\"javaType\":\"String\",\"queryType\":\"EQ\",\"columnType\":\"varchar(100)\",\"createBy\":\"admin\",\"isPk\":\"0\",\"createTime\":1600516345000,\"isEdit\":\"1\",\"tableId\":10,\"pk\":false,\"columnName\":\"avatar\"},{\"usableColumn\":false,\"column', '{\"msg\":\"操作成功\",\"code\":200}', '0', null, '2020-09-19 19:52:49');
INSERT INTO `sys_oper_log` VALUES ('288', '代码生成', '8', 'com.linkwechat.generator.controller.GenController.batchGenCode()', 'GET', '1', 'admin', null, '/tool/gen/batchGenCode', '127.0.0.1', '内网IP', '{}', 'null', '0', null, '2020-09-19 19:52:53');
INSERT INTO `sys_oper_log` VALUES ('289', '标签组', '1', 'com.linkwechat.web.controller.wecom.WeTagGroupController.add()', 'POST', '1', 'admin', null, '/wecom/group', '127.0.0.1', '内网IP', '{\"weTags\":[{\"groupId\":1307291300390899712,\"params\":{},\"createTime\":1600517508968,\"name\":\"射日弓\",\"id\":1307291300390899713}],\"params\":{},\"gourpName\":\"色调若发个\",\"createTime\":1600517508968,\"id\":1307291300390899712}', '{\"msg\":\"操作成功\",\"code\":200}', '0', null, '2020-09-19 20:11:49');
INSERT INTO `sys_oper_log` VALUES ('290', '标签组', '3', 'com.linkwechat.web.controller.wecom.WeTagGroupController.remove()', 'DELETE', '1', 'admin', null, '/wecom/group/1307285892741861376,1307291300390899712', '127.0.0.1', '内网IP', '{ids=1307285892741861376,1307291300390899712}', '{\"msg\":\"操作成功\",\"code\":200}', '0', null, '2020-09-19 20:14:54');
INSERT INTO `sys_oper_log` VALUES ('291', '企业微信客户同步接口', '3', 'com.linkwechat.web.controller.wecom.WeCustomerController.synchWeCustomer()', 'GET', '1', 'admin', null, '/wecom/customer/synchWeCustomer', '127.0.0.1', '内网IP', '{}', '{\"msg\":\"后台开始同步数据，请稍后关注进度\",\"code\":200}', '0', null, '2020-09-19 20:16:07');
INSERT INTO `sys_oper_log` VALUES ('292', '标签组', '1', 'com.linkwechat.web.controller.wecom.WeTagGroupController.add()', 'POST', '1', 'admin', null, '/wecom/group', '127.0.0.1', '内网IP', '{\"weTags\":[{\"groupId\":1307292625497362432,\"params\":{},\"createTime\":1600517824898,\"name\":\"交际\",\"id\":1307292625497362433}],\"params\":{},\"gourpName\":\"那年纪\",\"createTime\":1600517824898,\"id\":1307292625497362432}', '{\"msg\":\"操作成功\",\"code\":200}', '0', null, '2020-09-19 20:17:05');
INSERT INTO `sys_oper_log` VALUES ('293', '标签组', '2', 'com.linkwechat.web.controller.wecom.WeTagGroupController.edit()', 'PUT', '1', 'admin', null, '/wecom/group', '127.0.0.1', '内网IP', '{\"weTags\":[{\"groupId\":1307292625497362432,\"params\":{},\"createTime\":1600517825000,\"name\":\"交际\",\"id\":1307292625497362433},{\"params\":{},\"createTime\":1600517835449,\"name\":\"hiuu你\",\"id\":1307292669751463938}],\"params\":{},\"gourpName\":\"那年纪\",\"createTime\":1600517825000,\"id\":1307292625497362432}', '{\"msg\":\"操作成功\",\"code\":200}', '0', null, '2020-09-19 20:17:15');
INSERT INTO `sys_oper_log` VALUES ('294', '标签组', '1', 'com.linkwechat.web.controller.wecom.WeTagGroupController.add()', 'POST', '1', 'admin', null, '/wecom/group', '127.0.0.1', '内网IP', '{\"weTags\":[{\"groupId\":1307292899272167424,\"params\":{},\"createTime\":1600517890171,\"name\":\"安稳\",\"id\":1307292899272167425}],\"params\":{},\"gourpName\":\"61561\",\"createTime\":1600517890171,\"id\":1307292899272167424}', '{\"msg\":\"操作成功\",\"code\":200}', '0', null, '2020-09-19 20:18:10');
INSERT INTO `sys_oper_log` VALUES ('295', '代码生成', '6', 'com.linkwechat.generator.controller.GenController.importTableSave()', 'POST', '1', 'admin', null, '/tool/gen/importTable', '127.0.0.1', '内网IP', 'we_group,we_group_member', '{\"msg\":\"操作成功\",\"code\":200}', '0', null, '2020-09-20 21:31:32');
INSERT INTO `sys_oper_log` VALUES ('296', '代码生成', '2', 'com.linkwechat.generator.controller.GenController.editSave()', 'PUT', '1', 'admin', null, '/tool/gen', '127.0.0.1', '内网IP', '{\"functionAuthor\":\"ruoyi\",\"columns\":[{\"usableColumn\":false,\"columnId\":92,\"isIncrement\":\"0\",\"increment\":false,\"insert\":true,\"dictType\":\"\",\"required\":false,\"superColumn\":false,\"updateBy\":\"\",\"isInsert\":\"1\",\"javaField\":\"id\",\"htmlType\":\"input\",\"edit\":false,\"query\":false,\"sort\":1,\"list\":false,\"params\":{},\"javaType\":\"Long\",\"queryType\":\"EQ\",\"columnType\":\"bigint\",\"createBy\":\"admin\",\"isPk\":\"1\",\"createTime\":1600608691000,\"tableId\":11,\"pk\":true,\"columnName\":\"id\"},{\"usableColumn\":false,\"columnId\":93,\"isIncrement\":\"0\",\"increment\":false,\"insert\":true,\"isList\":\"1\",\"dictType\":\"\",\"required\":false,\"superColumn\":false,\"updateBy\":\"\",\"isInsert\":\"1\",\"javaField\":\"groupName\",\"htmlType\":\"input\",\"edit\":true,\"query\":true,\"columnComment\":\"群名\",\"isQuery\":\"1\",\"sort\":2,\"list\":true,\"params\":{},\"javaType\":\"String\",\"queryType\":\"LIKE\",\"columnType\":\"varchar(20)\",\"createBy\":\"admin\",\"isPk\":\"0\",\"createTime\":1600608691000,\"isEdit\":\"1\",\"tableId\":11,\"pk\":false,\"columnName\":\"group_name\"},{\"usableColumn\":false,\"columnId\":94,\"isIncrement\":\"0\",\"increment\":false,\"insert\":true,\"isList\":\"1\",\"dictType\":\"\",\"required\":false,\"superColumn\":false,\"updateBy\":\"\",\"isInsert\":\"1\",\"javaField\":\"memberNum\",\"htmlType\":\"input\",\"edit\":true,\"query\":true,\"columnComment\":\"群成员数\",\"isQuery\":\"1\",\"sort\":3,\"list\":true,\"params\":{},\"javaType\":\"Long\",\"queryType\":\"EQ\",\"columnType\":\"int\",\"createBy\":\"admin\",\"isPk\":\"0\",\"createTime\":1600608691000,\"isEdit\":\"1\",\"tableId\":11,\"pk\":false,\"columnName\":\"member_num\"},{\"usableColumn\":false,\"columnId\":95,\"isIncrement\":\"0\",\"increment\":false,\"insert\":true,\"isList\":\"1\",\"dictType\":\"\",\"required\":false,\"superColumn\":false,\"updateBy\":\"\",\"isInsert\":\"1\",\"javaField\":\"groupLeader\",\"htmlType\":\"input\",\"edit\":true,\"query\":true,\"columnComment\":\"群主\",\"isQuery\":\"1\",\"sort\":4,\"list\":true,\"params\":{},\"javaType\":\"String\",\"queryType\":\"EQ\",\"columnType\":\"varchar(20)\",\"createBy\":\"admin\",\"isPk\":\"0\",\"createTime\":1600608691000,\"isEdit\":\"1\",\"tableId\":11,\"pk\":false,\"columnName\":\"group_leader\"},{\"usableColumn\":false,\"columnId\":96,\"isIncreme', '{\"msg\":\"操作成功\",\"code\":200}', '0', null, '2020-09-20 21:32:09');
INSERT INTO `sys_oper_log` VALUES ('297', '代码生成', '3', 'com.linkwechat.generator.controller.GenController.remove()', 'DELETE', '1', 'admin', null, '/tool/gen/12', '127.0.0.1', '内网IP', '{tableIds=12}', '{\"msg\":\"操作成功\",\"code\":200}', '0', null, '2020-09-20 21:40:33');
INSERT INTO `sys_oper_log` VALUES ('298', '代码生成', '6', 'com.linkwechat.generator.controller.GenController.importTableSave()', 'POST', '1', 'admin', null, '/tool/gen/importTable', '127.0.0.1', '内网IP', 'we_group_member', '{\"msg\":\"操作成功\",\"code\":200}', '0', null, '2020-09-20 21:40:51');
INSERT INTO `sys_oper_log` VALUES ('299', '代码生成', '2', 'com.linkwechat.generator.controller.GenController.editSave()', 'PUT', '1', 'admin', null, '/tool/gen', '127.0.0.1', '内网IP', '{\"functionAuthor\":\"ruoyi\",\"columns\":[{\"usableColumn\":false,\"columnId\":103,\"isIncrement\":\"0\",\"increment\":false,\"insert\":true,\"dictType\":\"\",\"required\":false,\"superColumn\":false,\"updateBy\":\"\",\"isInsert\":\"1\",\"javaField\":\"id\",\"htmlType\":\"input\",\"edit\":false,\"query\":false,\"sort\":1,\"list\":false,\"params\":{},\"javaType\":\"Long\",\"queryType\":\"EQ\",\"columnType\":\"bigint\",\"createBy\":\"admin\",\"isPk\":\"1\",\"createTime\":1600609250000,\"tableId\":13,\"pk\":true,\"columnName\":\"id\"},{\"usableColumn\":false,\"columnId\":104,\"isIncrement\":\"0\",\"increment\":false,\"insert\":true,\"isList\":\"1\",\"dictType\":\"\",\"required\":false,\"superColumn\":false,\"updateBy\":\"\",\"isInsert\":\"1\",\"javaField\":\"groupId\",\"htmlType\":\"input\",\"edit\":true,\"query\":true,\"columnComment\":\"群id\",\"isQuery\":\"1\",\"sort\":2,\"list\":true,\"params\":{},\"javaType\":\"Long\",\"queryType\":\"EQ\",\"columnType\":\"bigint\",\"createBy\":\"admin\",\"isPk\":\"0\",\"createTime\":1600609250000,\"isEdit\":\"1\",\"tableId\":13,\"pk\":false,\"columnName\":\"group_id\"},{\"usableColumn\":false,\"columnId\":105,\"isIncrement\":\"0\",\"increment\":false,\"insert\":true,\"isList\":\"1\",\"dictType\":\"\",\"required\":false,\"superColumn\":false,\"updateBy\":\"\",\"isInsert\":\"1\",\"javaField\":\"memberName\",\"htmlType\":\"input\",\"edit\":true,\"query\":true,\"columnComment\":\"成员名称\",\"isQuery\":\"1\",\"sort\":3,\"list\":true,\"params\":{},\"javaType\":\"String\",\"queryType\":\"LIKE\",\"columnType\":\"varchar(50)\",\"createBy\":\"admin\",\"isPk\":\"0\",\"createTime\":1600609250000,\"isEdit\":\"1\",\"tableId\":13,\"pk\":false,\"columnName\":\"member_name\"},{\"usableColumn\":false,\"columnId\":106,\"isIncrement\":\"0\",\"increment\":false,\"insert\":true,\"isList\":\"1\",\"dictType\":\"\",\"required\":false,\"superColumn\":false,\"updateBy\":\"\",\"isInsert\":\"1\",\"javaField\":\"joinTime\",\"htmlType\":\"datetime\",\"edit\":true,\"query\":true,\"columnComment\":\"加群时间\",\"isQuery\":\"1\",\"sort\":4,\"list\":true,\"params\":{},\"javaType\":\"Date\",\"queryType\":\"EQ\",\"columnType\":\"timestamp\",\"createBy\":\"admin\",\"isPk\":\"0\",\"createTime\":1600609251000,\"isEdit\":\"1\",\"tableId\":13,\"pk\":false,\"columnName\":\"join_time\"},{\"usableColumn\":false,\"columnId\":107,\"isIncre', '{\"msg\":\"操作成功\",\"code\":200}', '0', null, '2020-09-20 21:41:18');
INSERT INTO `sys_oper_log` VALUES ('300', '代码生成', '8', 'com.linkwechat.generator.controller.GenController.batchGenCode()', 'GET', '1', 'admin', null, '/tool/gen/batchGenCode', '127.0.0.1', '内网IP', '{}', 'null', '0', null, '2020-09-20 21:41:23');
INSERT INTO `sys_oper_log` VALUES ('301', '代码生成', '8', 'com.linkwechat.generator.controller.GenController.batchGenCode()', 'GET', '1', 'admin', null, '/tool/gen/batchGenCode', '127.0.0.1', '内网IP', '{}', 'null', '0', null, '2020-09-20 22:02:14');
INSERT INTO `sys_oper_log` VALUES ('302', '企业微信客户同步接口', '3', 'com.linkwechat.web.controller.wecom.WeCustomerController.synchWeCustomer()', 'GET', '1', 'admin', null, '/wecom/customer/synchWeCustomer', '127.0.0.1', '内网IP', '{}', '{\"msg\":\"后台开始同步数据，请稍后关注进度\",\"code\":200}', '0', null, '2020-09-23 14:20:00');
INSERT INTO `sys_oper_log` VALUES ('303', '企业微信客户同步接口', '3', 'com.linkwechat.web.controller.wecom.WeCustomerController.synchWeCustomer()', 'GET', '1', 'admin', null, '/wecom/customer/synchWeCustomer', '127.0.0.1', '内网IP', '{}', '{\"msg\":\"后台开始同步数据，请稍后关注进度\",\"code\":200}', '0', null, '2020-09-25 03:12:28');
INSERT INTO `sys_oper_log` VALUES ('304', '标签组', '1', 'com.linkwechat.web.controller.wecom.WeTagGroupController.add()', 'POST', '1', 'admin', null, '/wecom/group', '127.0.0.1', '内网IP', '{\"weTags\":[{\"groupId\":1309836214345535488,\"params\":{},\"createTime\":1601124263737,\"name\":\"上德若谷\",\"id\":1309836214345535489}],\"params\":{},\"gourpName\":\"是各色\",\"createTime\":1601124263737,\"id\":1309836214345535488}', '{\"msg\":\"操作成功\",\"code\":200}', '0', null, '2020-09-26 20:44:24');
INSERT INTO `sys_oper_log` VALUES ('305', '标签组', '1', 'com.linkwechat.web.controller.wecom.WeTagGroupController.add()', 'POST', '1', 'admin', null, '/wecom/group', '127.0.0.1', '内网IP', '{\"weTags\":[{\"groupId\":1309836216270721024,\"params\":{},\"createTime\":1601124264196,\"name\":\"上德若谷\",\"id\":1309836216270721025}],\"params\":{},\"gourpName\":\"是各色\",\"createTime\":1601124264196,\"id\":1309836216270721024}', '{\"msg\":\"操作成功\",\"code\":200}', '0', null, '2020-09-26 20:44:24');
INSERT INTO `sys_oper_log` VALUES ('306', '标签组', '1', 'com.linkwechat.web.controller.wecom.WeTagGroupController.add()', 'POST', '1', 'admin', null, '/wecom/group', '127.0.0.1', '内网IP', '{\"weTags\":[{\"groupId\":1309842046479110144,\"params\":{},\"createTime\":1601125654226,\"name\":\"上德若谷\",\"id\":1309842046479110145}],\"params\":{},\"gourpName\":\"杀的人\",\"createTime\":1601125654226,\"id\":1309842046479110144}', '{\"msg\":\"操作成功\",\"code\":200}', '0', null, '2020-09-26 21:07:34');
INSERT INTO `sys_oper_log` VALUES ('307', '代码生成', '6', 'com.linkwechat.generator.controller.GenController.importTableSave()', 'POST', '1', 'admin', null, '/tool/gen/importTable', '127.0.0.1', '内网IP', 'we_msg_tlp,we_msg_tlp_scope', '{\"msg\":\"操作成功\",\"code\":200}', '0', null, '2020-10-04 14:32:57');
INSERT INTO `sys_oper_log` VALUES ('308', '代码生成', '3', 'com.linkwechat.generator.controller.GenController.remove()', 'DELETE', '1', 'admin', null, '/tool/gen/14', '127.0.0.1', '内网IP', '{tableIds=14}', '{\"msg\":\"操作成功\",\"code\":200}', '0', null, '2020-10-04 14:35:34');
INSERT INTO `sys_oper_log` VALUES ('309', '代码生成', '6', 'com.linkwechat.generator.controller.GenController.importTableSave()', 'POST', '1', 'admin', null, '/tool/gen/importTable', '127.0.0.1', '内网IP', '', '{\"msg\":\"操作成功\",\"code\":200}', '0', null, '2020-10-04 14:35:41');
INSERT INTO `sys_oper_log` VALUES ('310', '代码生成', '2', 'com.linkwechat.generator.controller.GenController.editSave()', 'PUT', '1', 'admin', null, '/tool/gen', '127.0.0.1', '内网IP', '{\"functionAuthor\":\"ruoyi\",\"columns\":[{\"usableColumn\":false,\"columnId\":113,\"isIncrement\":\"0\",\"increment\":false,\"insert\":true,\"dictType\":\"\",\"required\":false,\"superColumn\":false,\"updateBy\":\"\",\"isInsert\":\"1\",\"javaField\":\"id\",\"htmlType\":\"input\",\"edit\":false,\"query\":false,\"sort\":1,\"list\":false,\"params\":{},\"javaType\":\"Long\",\"queryType\":\"EQ\",\"columnType\":\"bigint\",\"createBy\":\"admin\",\"isPk\":\"1\",\"createTime\":1601793177000,\"tableId\":15,\"pk\":true,\"columnName\":\"id\"},{\"usableColumn\":false,\"columnId\":114,\"isIncrement\":\"0\",\"increment\":false,\"insert\":true,\"isList\":\"1\",\"dictType\":\"\",\"required\":false,\"superColumn\":false,\"updateBy\":\"\",\"isInsert\":\"1\",\"javaField\":\"msgTlpId\",\"htmlType\":\"input\",\"edit\":true,\"query\":true,\"columnComment\":\"模板id\",\"isQuery\":\"1\",\"sort\":2,\"list\":true,\"params\":{},\"javaType\":\"Long\",\"queryType\":\"EQ\",\"columnType\":\"bigint\",\"createBy\":\"admin\",\"isPk\":\"0\",\"createTime\":1601793177000,\"isEdit\":\"1\",\"tableId\":15,\"pk\":false,\"columnName\":\"msg_tlp_id\"},{\"usableColumn\":false,\"columnId\":115,\"isIncrement\":\"0\",\"increment\":false,\"insert\":true,\"isList\":\"1\",\"dictType\":\"\",\"required\":false,\"superColumn\":false,\"updateBy\":\"\",\"isInsert\":\"1\",\"javaField\":\"useUserId\",\"htmlType\":\"input\",\"edit\":true,\"query\":true,\"columnComment\":\"使用人id\",\"isQuery\":\"1\",\"sort\":3,\"list\":true,\"params\":{},\"javaType\":\"Long\",\"queryType\":\"EQ\",\"columnType\":\"bigint\",\"createBy\":\"admin\",\"isPk\":\"0\",\"createTime\":1601793177000,\"isEdit\":\"1\",\"tableId\":15,\"pk\":false,\"columnName\":\"use_user_id\"},{\"usableColumn\":false,\"columnId\":116,\"isIncrement\":\"0\",\"increment\":false,\"insert\":true,\"dictType\":\"\",\"required\":false,\"superColumn\":false,\"updateBy\":\"\",\"isInsert\":\"1\",\"javaField\":\"delFlag\",\"htmlType\":\"input\",\"edit\":false,\"query\":false,\"columnComment\":\"0:正常;2:删除;\",\"sort\":4,\"list\":false,\"params\":{},\"javaType\":\"Long\",\"queryType\":\"EQ\",\"columnType\":\"tinyint\",\"createBy\":\"admin\",\"isPk\":\"0\",\"createTime\":1601793177000,\"tableId\":15,\"pk\":false,\"columnName\":\"del_flag\"}],\"businessName\":\"scope\",\"moduleName\":\"wecom\",\"className\":\"WeMsgTlpScope\",\"tableName\":\"we', '{\"msg\":\"操作成功\",\"code\":200}', '0', null, '2020-10-04 14:36:23');
INSERT INTO `sys_oper_log` VALUES ('311', '代码生成', '8', 'com.linkwechat.generator.controller.GenController.batchGenCode()', 'GET', '1', 'admin', null, '/tool/gen/batchGenCode', '127.0.0.1', '内网IP', '{}', 'null', '0', null, '2020-10-04 14:36:32');
INSERT INTO `sys_oper_log` VALUES ('312', '代码生成', '6', 'com.linkwechat.generator.controller.GenController.importTableSave()', 'POST', '1', 'admin', null, '/tool/gen/importTable', '127.0.0.1', '内网IP', 'we_msg_tlp', '{\"msg\":\"操作成功\",\"code\":200}', '0', null, '2020-10-04 14:39:17');
INSERT INTO `sys_oper_log` VALUES ('313', '代码生成', '2', 'com.linkwechat.generator.controller.GenController.editSave()', 'PUT', '1', 'admin', null, '/tool/gen', '127.0.0.1', '内网IP', '{\"functionAuthor\":\"ruoyi\",\"columns\":[{\"usableColumn\":false,\"columnId\":117,\"isIncrement\":\"0\",\"increment\":false,\"insert\":true,\"dictType\":\"\",\"required\":false,\"superColumn\":false,\"updateBy\":\"\",\"isInsert\":\"1\",\"javaField\":\"id\",\"htmlType\":\"input\",\"edit\":false,\"query\":false,\"sort\":1,\"list\":false,\"params\":{},\"javaType\":\"Long\",\"queryType\":\"EQ\",\"columnType\":\"bigint\",\"createBy\":\"admin\",\"isPk\":\"1\",\"createTime\":1601793556000,\"tableId\":16,\"pk\":true,\"columnName\":\"id\"},{\"usableColumn\":false,\"columnId\":118,\"isIncrement\":\"0\",\"increment\":false,\"insert\":true,\"isList\":\"1\",\"dictType\":\"\",\"required\":false,\"superColumn\":false,\"updateBy\":\"\",\"isInsert\":\"1\",\"javaField\":\"welcomeMsg\",\"htmlType\":\"input\",\"edit\":true,\"query\":true,\"columnComment\":\"欢迎语\",\"isQuery\":\"1\",\"sort\":2,\"list\":true,\"params\":{},\"javaType\":\"String\",\"queryType\":\"EQ\",\"columnType\":\"varchar(255)\",\"createBy\":\"admin\",\"isPk\":\"0\",\"createTime\":1601793556000,\"isEdit\":\"1\",\"tableId\":16,\"pk\":false,\"columnName\":\"welcome_msg\"},{\"usableColumn\":false,\"columnId\":119,\"isIncrement\":\"0\",\"increment\":false,\"insert\":true,\"isList\":\"1\",\"dictType\":\"\",\"required\":false,\"superColumn\":false,\"updateBy\":\"\",\"isInsert\":\"1\",\"javaField\":\"mediaId\",\"htmlType\":\"input\",\"edit\":true,\"query\":true,\"columnComment\":\"素材的id\",\"isQuery\":\"1\",\"sort\":3,\"list\":true,\"params\":{},\"javaType\":\"Long\",\"queryType\":\"EQ\",\"columnType\":\"bigint\",\"createBy\":\"admin\",\"isPk\":\"0\",\"createTime\":1601793557000,\"isEdit\":\"1\",\"tableId\":16,\"pk\":false,\"columnName\":\"media_id\"},{\"usableColumn\":false,\"columnId\":120,\"isIncrement\":\"0\",\"increment\":false,\"insert\":true,\"dictType\":\"\",\"required\":false,\"superColumn\":false,\"updateBy\":\"\",\"isInsert\":\"1\",\"javaField\":\"delFlag\",\"htmlType\":\"input\",\"edit\":false,\"query\":false,\"columnComment\":\"0:正常;1:删除;\",\"sort\":4,\"list\":false,\"params\":{},\"javaType\":\"Long\",\"queryType\":\"EQ\",\"columnType\":\"tinyint\",\"createBy\":\"admin\",\"isPk\":\"0\",\"createTime\":1601793557000,\"tableId\":16,\"pk\":false,\"columnName\":\"del_flag\"},{\"usableColumn\":false,\"columnId\":121,\"isIncrement\":\"0\",\"increment\":false,\"insert\":t', '{\"msg\":\"操作成功\",\"code\":200}', '0', null, '2020-10-04 14:39:41');
INSERT INTO `sys_oper_log` VALUES ('314', '代码生成', '8', 'com.linkwechat.generator.controller.GenController.batchGenCode()', 'GET', '1', 'admin', null, '/tool/gen/batchGenCode', '127.0.0.1', '内网IP', '{}', 'null', '0', null, '2020-10-04 14:39:47');
INSERT INTO `sys_oper_log` VALUES ('315', '欢迎语模板', '1', 'com.linkwechat.web.controller.wecom.WeMsgTlpController.add()', 'POST', '1', 'admin', null, '/wecom/tlp', '127.0.0.1', '内网IP', '{\"delFlag\":0,\"params\":{},\"welcomeMsgTplType\":1,\"createTime\":1601813066934,\"id\":1312725264349925376,\"welcomeMsg\":\"欢迎光临\",\"weMsgTlpScopes\":[{\"msgTlpId\":1312725264349925376,\"createTime\":1601813066934,\"id\":1312725264349925377,\"params\":{}}]}', 'null', '1', 'nested exception is org.apache.ibatis.binding.BindingException: Parameter \'weMsgTlpScopes\' not found. Available parameters are [collection, list]', '2020-10-04 20:04:06');
INSERT INTO `sys_oper_log` VALUES ('316', '欢迎语模板', '1', 'com.linkwechat.web.controller.wecom.WeMsgTlpController.add()', 'POST', '1', 'admin', null, '/wecom/tlp', '127.0.0.1', '内网IP', '{\"delFlag\":0,\"params\":{},\"welcomeMsgTplType\":1,\"createTime\":1601813112412,\"id\":1312725455098482688,\"welcomeMsg\":\"欢迎光临\",\"weMsgTlpScopes\":[{\"msgTlpId\":1312725455098482688,\"createTime\":1601813112412,\"id\":1312725455098482689,\"params\":{}}]}', 'null', '1', 'nested exception is org.apache.ibatis.binding.BindingException: Parameter \'weMsgTlpScopes\' not found. Available parameters are [collection, list]', '2020-10-04 20:04:51');
INSERT INTO `sys_oper_log` VALUES ('317', '欢迎语模板', '1', 'com.linkwechat.web.controller.wecom.WeMsgTlpController.add()', 'POST', '1', 'admin', null, '/wecom/tlp', '127.0.0.1', '内网IP', '{\"delFlag\":0,\"params\":{},\"welcomeMsgTplType\":1,\"createTime\":1601813133290,\"id\":1312725542667161600,\"welcomeMsg\":\"欢迎光临\",\"weMsgTlpScopes\":[{\"msgTlpId\":1312725542667161600,\"createTime\":1601813133290,\"id\":1312725542667161601,\"params\":{}}]}', 'null', '1', 'nested exception is org.apache.ibatis.binding.BindingException: Parameter \'weMsgTlpScopes\' not found. Available parameters are [collection, list]', '2020-10-04 20:06:24');
INSERT INTO `sys_oper_log` VALUES ('318', '欢迎语模板', '1', 'com.linkwechat.web.controller.wecom.WeMsgTlpController.add()', 'POST', '1', 'admin', null, '/wecom/tlp', '127.0.0.1', '内网IP', '{\"delFlag\":0,\"params\":{},\"welcomeMsgTplType\":1,\"createTime\":1601813274790,\"id\":1312726136169566208,\"welcomeMsg\":\"欢迎光临\",\"weMsgTlpScopes\":[{\"msgTlpId\":1312726136169566208,\"createTime\":1601813274792,\"id\":1312726136169566209,\"params\":{}}]}', 'null', '1', 'nested exception is org.apache.ibatis.reflection.ReflectionException: There is no getter for property named \'delFlag\' in \'class com.linkwechat.wecom.domain.WeMsgTlpScope\'', '2020-10-04 20:07:37');
INSERT INTO `sys_oper_log` VALUES ('319', '欢迎语模板', '1', 'com.linkwechat.web.controller.wecom.WeMsgTlpController.add()', 'POST', '1', 'admin', null, '/wecom/tlp', '127.0.0.1', '内网IP', '{\"delFlag\":0,\"params\":{},\"welcomeMsgTplType\":1,\"createTime\":1601813346384,\"id\":1312726436456566784,\"welcomeMsg\":\"欢迎光临\",\"weMsgTlpScopes\":[{\"msgTlpId\":1312726436456566784,\"createTime\":1601813346386,\"id\":1312726436456566785,\"params\":{}}]}', 'null', '1', 'nested exception is org.apache.ibatis.reflection.ReflectionException: There is no getter for property named \'delFlag\' in \'class com.linkwechat.wecom.domain.WeMsgTlpScope\'', '2020-10-04 20:08:48');
INSERT INTO `sys_oper_log` VALUES ('320', '欢迎语模板', '1', 'com.linkwechat.web.controller.wecom.WeMsgTlpController.add()', 'POST', '1', 'admin', null, '/wecom/tlp', '127.0.0.1', '内网IP', '{\"delFlag\":0,\"params\":{},\"welcomeMsgTplType\":1,\"createTime\":1601813605595,\"id\":1312727523670495232,\"welcomeMsg\":\"欢迎光临\",\"weMsgTlpScopes\":[{\"delFlag\":0,\"params\":{},\"msgTlpId\":1312727523670495232,\"createTime\":1601813605598,\"id\":1312727523670495233}]}', '{\"msg\":\"操作成功\",\"code\":200}', '0', null, '2020-10-04 20:13:04');
INSERT INTO `sys_oper_log` VALUES ('321', '欢迎语模板', '1', 'com.linkwechat.web.controller.wecom.WeMsgTlpController.add()', 'POST', '1', 'admin', null, '/wecom/tlp', '127.0.0.1', '内网IP', '{\"delFlag\":0,\"params\":{},\"welcomeMsgTplType\":1,\"createTime\":1601814274684,\"id\":1312730330024775680,\"welcomeMsg\":\"欢迎光临\",\"weMsgTlpScopes\":[{\"delFlag\":0,\"params\":{},\"createTime\":1601814274686,\"id\":1312730330028969984}]}', '{\"msg\":\"操作成功\",\"code\":200}', '0', null, '2020-10-04 20:24:13');
INSERT INTO `sys_oper_log` VALUES ('322', '欢迎语模板', '1', 'com.linkwechat.web.controller.wecom.WeMsgTlpController.add()', 'POST', '1', 'admin', null, '/wecom/tlp', '127.0.0.1', '内网IP', '{\"delFlag\":0,\"params\":{},\"welcomeMsgTplType\":1,\"createTime\":1601814444953,\"id\":1312731044188917760,\"welcomeMsg\":\"欢迎光临\",\"weMsgTlpScopes\":[{\"delFlag\":0,\"params\":{},\"msgTlpId\":1312731044188917760,\"createTime\":1601814444955,\"id\":1312731044188917761}]}', '{\"msg\":\"操作成功\",\"code\":200}', '0', null, '2020-10-04 20:27:04');
INSERT INTO `sys_oper_log` VALUES ('323', '欢迎语模板', '1', 'com.linkwechat.web.controller.wecom.WeMsgTlpController.add()', 'POST', '1', 'admin', null, '/wecom/tlp', '127.0.0.1', '内网IP', '{\"delFlag\":0,\"params\":{},\"welcomeMsgTplType\":1,\"createTime\":1601814963973,\"id\":1312733221116579840,\"welcomeMsg\":\"欢迎光临\",\"weMsgTlpScopes\":[{\"delFlag\":0,\"params\":{},\"createTime\":1601814963975,\"id\":1312733221116579841}]}', '{\"msg\":\"操作成功\",\"code\":200}', '0', null, '2020-10-04 20:36:39');
INSERT INTO `sys_oper_log` VALUES ('324', '欢迎语模板', '1', 'com.linkwechat.web.controller.wecom.WeMsgTlpController.add()', 'POST', '1', 'admin', null, '/wecom/tlp', '127.0.0.1', '内网IP', '{\"delFlag\":0,\"params\":{},\"welcomeMsgTplType\":1,\"createTime\":1601815192890,\"id\":1312734181264068608,\"welcomeMsg\":\"欢迎光临\",\"weMsgTlpScopes\":[{\"delFlag\":0,\"params\":{},\"createTime\":1601815192892,\"id\":1312734181264068609}]}', '{\"msg\":\"操作成功\",\"code\":200}', '0', null, '2020-10-04 20:39:32');
INSERT INTO `sys_oper_log` VALUES ('325', '欢迎语模板', '1', 'com.linkwechat.web.controller.wecom.WeMsgTlpController.add()', 'POST', '1', 'admin', null, '/wecom/tlp', '127.0.0.1', '内网IP', '{\"delFlag\":0,\"params\":{},\"welcomeMsgTplType\":1,\"createTime\":1601815206995,\"id\":1312734240420532224,\"welcomeMsg\":\"欢迎光临\",\"weMsgTlpScopes\":[{\"delFlag\":0,\"params\":{},\"createTime\":1601815206996,\"id\":1312734240420532225}]}', '{\"msg\":\"操作成功\",\"code\":200}', '0', null, '2020-10-04 20:39:46');
INSERT INTO `sys_oper_log` VALUES ('326', '欢迎语模板', '1', 'com.linkwechat.web.controller.wecom.WeMsgTlpController.add()', 'POST', '1', 'admin', null, '/wecom/tlp', '127.0.0.1', '内网IP', '{\"delFlag\":0,\"params\":{},\"welcomeMsgTplType\":1,\"createTime\":1601815209098,\"id\":1312734249236959232,\"welcomeMsg\":\"欢迎光临\",\"weMsgTlpScopes\":[{\"delFlag\":0,\"params\":{},\"createTime\":1601815209098,\"id\":1312734249236959233}]}', '{\"msg\":\"操作成功\",\"code\":200}', '0', null, '2020-10-04 20:39:48');
INSERT INTO `sys_oper_log` VALUES ('327', '欢迎语模板', '1', 'com.linkwechat.web.controller.wecom.WeMsgTlpController.add()', 'POST', '1', 'admin', null, '/wecom/tlp', '127.0.0.1', '内网IP', '{\"delFlag\":0,\"params\":{},\"welcomeMsgTplType\":1,\"createTime\":1601815210820,\"id\":1312734256459550720,\"welcomeMsg\":\"欢迎光临\",\"weMsgTlpScopes\":[{\"delFlag\":0,\"params\":{},\"createTime\":1601815210820,\"id\":1312734256459550721}]}', '{\"msg\":\"操作成功\",\"code\":200}', '0', null, '2020-10-04 20:39:49');
INSERT INTO `sys_oper_log` VALUES ('328', '欢迎语模板', '1', 'com.linkwechat.web.controller.wecom.WeMsgTlpController.add()', 'POST', '1', 'admin', null, '/wecom/tlp', '127.0.0.1', '内网IP', '{\"delFlag\":0,\"params\":{},\"welcomeMsgTplType\":2,\"createTime\":1601816363659,\"id\":1312739091816779776,\"welcomeMsg\":\"欢迎加入该部门\",\"weMsgTlpScopes\":[{\"params\":{},\"msgTlpId\":1312739091816779776,\"createTime\":1601816363660,\"useUserId\":18158873850}]}', 'null', '1', '\r\n### Error updating database.  Cause: java.sql.SQLIntegrityConstraintViolationException: Column \'id\' cannot be null\r\n### The error may involve defaultParameterMap\r\n### The error occurred while setting parameters\r\n### SQL: insert into we_msg_tlp_scope (id,msg_tlp_id,use_user_id,del_flag)         values                        (?,?,?,?)\r\n### Cause: java.sql.SQLIntegrityConstraintViolationException: Column \'id\' cannot be null\n; Column \'id\' cannot be null; nested exception is java.sql.SQLIntegrityConstraintViolationException: Column \'id\' cannot be null', '2020-10-04 20:59:17');
INSERT INTO `sys_oper_log` VALUES ('329', '欢迎语模板', '1', 'com.linkwechat.web.controller.wecom.WeMsgTlpController.add()', 'POST', '1', 'admin', null, '/wecom/tlp', '127.0.0.1', '内网IP', '{\"delFlag\":0,\"params\":{},\"welcomeMsgTplType\":2,\"createTime\":1601816402848,\"id\":1312739256187359232,\"welcomeMsg\":\"欢迎加入该部门\",\"weMsgTlpScopes\":[{\"params\":{},\"msgTlpId\":1312739256187359232,\"createTime\":1601816402848,\"useUserId\":18158873850}]}', 'null', '1', '\r\n### Error updating database.  Cause: java.sql.SQLIntegrityConstraintViolationException: Column \'id\' cannot be null\r\n### The error may involve defaultParameterMap\r\n### The error occurred while setting parameters\r\n### SQL: insert into we_msg_tlp_scope (id,msg_tlp_id,use_user_id,del_flag)         values                        (?,?,?,?)\r\n### Cause: java.sql.SQLIntegrityConstraintViolationException: Column \'id\' cannot be null\n; Column \'id\' cannot be null; nested exception is java.sql.SQLIntegrityConstraintViolationException: Column \'id\' cannot be null', '2020-10-04 21:00:41');
INSERT INTO `sys_oper_log` VALUES ('330', '欢迎语模板', '1', 'com.linkwechat.web.controller.wecom.WeMsgTlpController.add()', 'POST', '1', 'admin', null, '/wecom/tlp', '127.0.0.1', '内网IP', '{\"delFlag\":0,\"params\":{},\"welcomeMsgTplType\":2,\"createTime\":1601816581427,\"id\":1312740005210361856,\"welcomeMsg\":\"欢迎加入该部门\",\"weMsgTlpScopes\":[{\"params\":{},\"msgTlpId\":1312740005210361856,\"createTime\":1601816581429,\"id\":1312740015884865536,\"useUserId\":18158873850}]}', '{\"msg\":\"操作成功\",\"code\":200}', '0', null, '2020-10-04 21:02:43');
INSERT INTO `sys_oper_log` VALUES ('331', '欢迎语模板', '3', 'com.linkwechat.web.controller.wecom.WeMsgTlpController.remove()', 'DELETE', '1', 'admin', null, '/wecom/tlp/1312734249236959232,1312734240420532224', '127.0.0.1', '内网IP', '{ids=1312734249236959232,1312734240420532224}', 'null', '1', 'nested exception is org.apache.ibatis.reflection.ReflectionException: There is no getter for property named \'msgTlpId\' in \'class java.lang.Long\'', '2020-10-04 21:10:01');
INSERT INTO `sys_oper_log` VALUES ('332', '欢迎语模板', '3', 'com.linkwechat.web.controller.wecom.WeMsgTlpController.remove()', 'DELETE', '1', 'admin', null, '/wecom/tlp/1312734249236959232,1312734240420532224', '127.0.0.1', '内网IP', '{ids=1312734249236959232,1312734240420532224}', 'null', '1', 'nested exception is org.apache.ibatis.reflection.ReflectionException: There is no getter for property named \'msgTlpId\' in \'class java.lang.Long\'', '2020-10-04 21:11:14');
INSERT INTO `sys_oper_log` VALUES ('333', '欢迎语模板', '3', 'com.linkwechat.web.controller.wecom.WeMsgTlpController.remove()', 'DELETE', '1', 'admin', null, '/wecom/tlp/1312734249236959232,1312734240420532224', '127.0.0.1', '内网IP', '{ids=1312734249236959232,1312734240420532224}', 'null', '1', 'nested exception is org.apache.ibatis.reflection.ReflectionException: There is no getter for property named \'msgTlpId\' in \'class java.lang.Long\'', '2020-10-04 21:12:44');
INSERT INTO `sys_oper_log` VALUES ('334', '欢迎语模板', '3', 'com.linkwechat.web.controller.wecom.WeMsgTlpController.remove()', 'DELETE', '1', 'admin', null, '/wecom/tlp/1312734249236959232,1312734240420532224', '127.0.0.1', '内网IP', '{ids=1312734249236959232,1312734240420532224}', '{\"msg\":\"操作成功\",\"code\":200}', '0', null, '2020-10-04 21:13:46');
INSERT INTO `sys_oper_log` VALUES ('335', '代码生成', '6', 'com.linkwechat.generator.controller.GenController.importTableSave()', 'POST', '1', 'admin', null, '/tool/gen/importTable', '127.0.0.1', '内网IP', 'we_emple_code,we_emple_code_use_scop', '{\"msg\":\"操作成功\",\"code\":200}', '0', null, '2020-10-04 22:40:32');
INSERT INTO `sys_oper_log` VALUES ('336', '代码生成', '2', 'com.linkwechat.generator.controller.GenController.editSave()', 'PUT', '1', 'admin', null, '/tool/gen', '127.0.0.1', '内网IP', '{\"functionAuthor\":\"ruoyi\",\"columns\":[{\"usableColumn\":false,\"columnId\":122,\"isIncrement\":\"0\",\"increment\":false,\"insert\":true,\"dictType\":\"\",\"required\":false,\"superColumn\":false,\"updateBy\":\"\",\"isInsert\":\"1\",\"javaField\":\"id\",\"htmlType\":\"input\",\"edit\":false,\"query\":false,\"sort\":1,\"list\":false,\"params\":{},\"javaType\":\"Long\",\"queryType\":\"EQ\",\"columnType\":\"bigint\",\"createBy\":\"admin\",\"isPk\":\"1\",\"createTime\":1601822431000,\"tableId\":17,\"pk\":true,\"columnName\":\"id\"},{\"usableColumn\":false,\"columnId\":123,\"isIncrement\":\"0\",\"increment\":false,\"insert\":true,\"isList\":\"1\",\"dictType\":\"\",\"required\":false,\"superColumn\":false,\"updateBy\":\"\",\"isInsert\":\"1\",\"javaField\":\"codeType\",\"htmlType\":\"select\",\"edit\":true,\"query\":true,\"columnComment\":\"活码类型:1:批量;2:单人;3:多人;\",\"isQuery\":\"1\",\"sort\":2,\"list\":true,\"params\":{},\"javaType\":\"Long\",\"queryType\":\"EQ\",\"columnType\":\"tinyint\",\"createBy\":\"admin\",\"isPk\":\"0\",\"createTime\":1601822431000,\"isEdit\":\"1\",\"tableId\":17,\"pk\":false,\"columnName\":\"code_type\"},{\"usableColumn\":false,\"columnId\":124,\"isIncrement\":\"0\",\"increment\":false,\"insert\":true,\"isList\":\"1\",\"dictType\":\"\",\"required\":false,\"superColumn\":false,\"updateBy\":\"\",\"isInsert\":\"1\",\"javaField\":\"isJoinConfirmFriends\",\"htmlType\":\"input\",\"edit\":true,\"query\":true,\"columnComment\":\"客户添加时无需经过确认自动成为好友:1:是;0:否\",\"isQuery\":\"1\",\"sort\":3,\"list\":true,\"params\":{},\"javaType\":\"Long\",\"queryType\":\"EQ\",\"columnType\":\"tinyint\",\"createBy\":\"admin\",\"isPk\":\"0\",\"createTime\":1601822431000,\"isEdit\":\"1\",\"tableId\":17,\"pk\":false,\"columnName\":\"is_join_confirm_friends\"},{\"usableColumn\":false,\"columnId\":125,\"isIncrement\":\"0\",\"increment\":false,\"insert\":true,\"isList\":\"1\",\"dictType\":\"\",\"required\":false,\"superColumn\":false,\"updateBy\":\"\",\"isInsert\":\"1\",\"javaField\":\"activityScene\",\"htmlType\":\"input\",\"edit\":true,\"query\":true,\"columnComment\":\"活动场景\",\"isQuery\":\"1\",\"sort\":4,\"list\":true,\"params\":{},\"javaType\":\"String\",\"queryType\":\"EQ\",\"columnType\":\"varchar(70)\",\"createBy\":\"admin\",\"isPk\":\"0\",\"createTime\":1601822431000,\"isEdit\":\"1\",\"tableId\":17,\"pk\":false,\"columnNa', '{\"msg\":\"操作成功\",\"code\":200}', '0', null, '2020-10-04 22:41:09');
INSERT INTO `sys_oper_log` VALUES ('337', '代码生成', '2', 'com.linkwechat.generator.controller.GenController.editSave()', 'PUT', '1', 'admin', null, '/tool/gen', '127.0.0.1', '内网IP', '{\"functionAuthor\":\"ruoyi\",\"columns\":[{\"usableColumn\":false,\"columnId\":130,\"isIncrement\":\"0\",\"increment\":false,\"insert\":true,\"dictType\":\"\",\"required\":false,\"superColumn\":false,\"updateBy\":\"\",\"isInsert\":\"1\",\"javaField\":\"id\",\"htmlType\":\"input\",\"edit\":false,\"query\":false,\"sort\":1,\"list\":false,\"params\":{},\"javaType\":\"Long\",\"queryType\":\"EQ\",\"columnType\":\"bigint\",\"createBy\":\"admin\",\"isPk\":\"1\",\"createTime\":1601822432000,\"tableId\":18,\"pk\":true,\"columnName\":\"id\"},{\"usableColumn\":false,\"columnId\":131,\"isIncrement\":\"0\",\"increment\":false,\"insert\":true,\"isList\":\"1\",\"dictType\":\"\",\"required\":false,\"superColumn\":false,\"updateBy\":\"\",\"isInsert\":\"1\",\"javaField\":\"empleCodeId\",\"htmlType\":\"input\",\"edit\":true,\"query\":true,\"columnComment\":\"员工活码id\",\"isQuery\":\"1\",\"sort\":2,\"list\":true,\"params\":{},\"javaType\":\"Long\",\"queryType\":\"EQ\",\"columnType\":\"bigint\",\"createBy\":\"admin\",\"isPk\":\"0\",\"createTime\":1601822432000,\"isEdit\":\"1\",\"tableId\":18,\"pk\":false,\"columnName\":\"emple_code_id\"},{\"usableColumn\":false,\"columnId\":132,\"isIncrement\":\"0\",\"increment\":false,\"insert\":true,\"isList\":\"1\",\"dictType\":\"\",\"required\":false,\"superColumn\":false,\"updateBy\":\"\",\"isInsert\":\"1\",\"javaField\":\"useUserId\",\"htmlType\":\"input\",\"edit\":true,\"query\":true,\"columnComment\":\"活码类型下业务使用人的id\",\"isQuery\":\"1\",\"sort\":3,\"list\":true,\"params\":{},\"javaType\":\"Long\",\"queryType\":\"EQ\",\"columnType\":\"bigint\",\"createBy\":\"admin\",\"isPk\":\"0\",\"createTime\":1601822432000,\"isEdit\":\"1\",\"tableId\":18,\"pk\":false,\"columnName\":\"use_user_id\"},{\"usableColumn\":false,\"columnId\":133,\"isIncrement\":\"0\",\"increment\":false,\"insert\":true,\"dictType\":\"\",\"required\":false,\"superColumn\":false,\"updateBy\":\"\",\"isInsert\":\"1\",\"javaField\":\"delFlag\",\"htmlType\":\"input\",\"edit\":false,\"query\":false,\"columnComment\":\"0:正常;2:删除;\",\"sort\":4,\"list\":false,\"params\":{},\"javaType\":\"Long\",\"queryType\":\"EQ\",\"columnType\":\"tinyint\",\"createBy\":\"admin\",\"isPk\":\"0\",\"createTime\":1601822432000,\"tableId\":18,\"pk\":false,\"columnName\":\"del_flag\"}],\"businessName\":\"scop\",\"moduleName\":\"wecom\",\"className\":\"WeEmpleCodeUseS', '{\"msg\":\"操作成功\",\"code\":200}', '0', null, '2020-10-04 22:41:25');
INSERT INTO `sys_oper_log` VALUES ('338', '代码生成', '8', 'com.linkwechat.generator.controller.GenController.batchGenCode()', 'GET', '1', 'admin', null, '/tool/gen/batchGenCode', '127.0.0.1', '内网IP', '{}', 'null', '0', null, '2020-10-04 22:41:33');
INSERT INTO `sys_oper_log` VALUES ('339', '代码生成', '6', 'com.linkwechat.generator.controller.GenController.importTableSave()', 'POST', '1', 'admin', null, '/tool/gen/importTable', '127.0.0.1', '内网IP', 'we_emple_code_tag', '{\"msg\":\"操作成功\",\"code\":200}', '0', null, '2020-10-04 23:30:33');
INSERT INTO `sys_oper_log` VALUES ('340', '代码生成', '8', 'com.linkwechat.generator.controller.GenController.batchGenCode()', 'GET', '1', 'admin', null, '/tool/gen/batchGenCode', '127.0.0.1', '内网IP', '{}', 'null', '0', null, '2020-10-04 23:30:39');
INSERT INTO `sys_oper_log` VALUES ('341', '代码生成', '2', 'com.linkwechat.generator.controller.GenController.editSave()', 'PUT', '1', 'admin', null, '/tool/gen', '127.0.0.1', '内网IP', '{\"functionAuthor\":\"ruoyi\",\"columns\":[{\"usableColumn\":false,\"columnId\":134,\"isIncrement\":\"0\",\"increment\":false,\"insert\":true,\"dictType\":\"\",\"required\":false,\"superColumn\":false,\"updateBy\":\"\",\"isInsert\":\"1\",\"javaField\":\"id\",\"htmlType\":\"input\",\"edit\":false,\"query\":false,\"sort\":1,\"list\":false,\"params\":{},\"javaType\":\"Long\",\"queryType\":\"EQ\",\"columnType\":\"bigint\",\"createBy\":\"admin\",\"isPk\":\"1\",\"createTime\":1601825433000,\"tableId\":19,\"pk\":true,\"columnName\":\"id\"},{\"usableColumn\":false,\"columnId\":135,\"isIncrement\":\"0\",\"increment\":false,\"insert\":true,\"isList\":\"1\",\"dictType\":\"\",\"required\":false,\"superColumn\":false,\"updateBy\":\"\",\"isInsert\":\"1\",\"javaField\":\"tagId\",\"htmlType\":\"input\",\"edit\":true,\"query\":true,\"columnComment\":\"标签id\",\"isQuery\":\"1\",\"sort\":2,\"list\":true,\"params\":{},\"javaType\":\"Long\",\"queryType\":\"EQ\",\"columnType\":\"bigint\",\"createBy\":\"admin\",\"isPk\":\"0\",\"createTime\":1601825433000,\"isEdit\":\"1\",\"tableId\":19,\"pk\":false,\"columnName\":\"tag_id\"},{\"usableColumn\":false,\"columnId\":136,\"isIncrement\":\"0\",\"increment\":false,\"insert\":true,\"isList\":\"1\",\"dictType\":\"\",\"required\":false,\"superColumn\":false,\"updateBy\":\"\",\"isInsert\":\"1\",\"javaField\":\"empleCodeId\",\"htmlType\":\"input\",\"edit\":true,\"query\":true,\"columnComment\":\"员工活码id\",\"isQuery\":\"1\",\"sort\":3,\"list\":true,\"params\":{},\"javaType\":\"Long\",\"queryType\":\"EQ\",\"columnType\":\"bigint\",\"createBy\":\"admin\",\"isPk\":\"0\",\"createTime\":1601825433000,\"isEdit\":\"1\",\"tableId\":19,\"pk\":false,\"columnName\":\"emple_code_id\"},{\"usableColumn\":false,\"columnId\":137,\"isIncrement\":\"0\",\"increment\":false,\"insert\":true,\"dictType\":\"\",\"required\":false,\"superColumn\":false,\"updateBy\":\"\",\"isInsert\":\"1\",\"javaField\":\"delFlag\",\"htmlType\":\"input\",\"edit\":false,\"query\":false,\"columnComment\":\"0:正常;2:删除;\",\"sort\":4,\"list\":false,\"params\":{},\"javaType\":\"Long\",\"queryType\":\"EQ\",\"columnType\":\"tinyint\",\"createBy\":\"admin\",\"isPk\":\"0\",\"createTime\":1601825433000,\"tableId\":19,\"pk\":false,\"columnName\":\"del_flag\"}],\"businessName\":\"tag\",\"moduleName\":\"wecom\",\"className\":\"WeEmpleCodeTag\",\"tableName\":\"we_em', '{\"msg\":\"操作成功\",\"code\":200}', '0', null, '2020-10-04 23:33:28');
INSERT INTO `sys_oper_log` VALUES ('342', '代码生成', '8', 'com.linkwechat.generator.controller.GenController.batchGenCode()', 'GET', '1', 'admin', null, '/tool/gen/batchGenCode', '127.0.0.1', '内网IP', '{}', 'null', '0', null, '2020-10-04 23:33:36');
INSERT INTO `sys_oper_log` VALUES ('343', '代码生成', '6', 'com.linkwechat.generator.controller.GenController.importTableSave()', 'POST', '1', 'admin', null, '/tool/gen/importTable', '127.0.0.1', '内网IP', 'we_group_code,we_group_code_actual', '{\"msg\":\"操作成功\",\"code\":200}', '0', null, '2020-10-07 18:46:59');
INSERT INTO `sys_oper_log` VALUES ('344', '代码生成', '2', 'com.linkwechat.generator.controller.GenController.editSave()', 'PUT', '1', 'admin', null, '/tool/gen', '127.0.0.1', '内网IP', '{\"functionAuthor\":\"ruoyi\",\"columns\":[{\"usableColumn\":false,\"columnId\":138,\"isIncrement\":\"0\",\"increment\":false,\"insert\":true,\"dictType\":\"\",\"required\":false,\"superColumn\":false,\"updateBy\":\"\",\"isInsert\":\"1\",\"javaField\":\"id\",\"htmlType\":\"input\",\"edit\":false,\"query\":false,\"sort\":1,\"list\":false,\"params\":{},\"javaType\":\"Long\",\"queryType\":\"EQ\",\"columnType\":\"bigint\",\"createBy\":\"admin\",\"isPk\":\"1\",\"createTime\":1602067618000,\"tableId\":20,\"pk\":true,\"columnName\":\"id\"},{\"usableColumn\":false,\"columnId\":139,\"isIncrement\":\"0\",\"increment\":false,\"insert\":true,\"isList\":\"1\",\"dictType\":\"\",\"required\":false,\"superColumn\":false,\"updateBy\":\"\",\"isInsert\":\"1\",\"javaField\":\"activityHeadUrl\",\"htmlType\":\"input\",\"edit\":true,\"query\":true,\"columnComment\":\"活动头像\",\"isQuery\":\"1\",\"sort\":2,\"list\":true,\"params\":{},\"javaType\":\"String\",\"queryType\":\"EQ\",\"columnType\":\"varchar(60)\",\"createBy\":\"admin\",\"isPk\":\"0\",\"createTime\":1602067618000,\"isEdit\":\"1\",\"tableId\":20,\"pk\":false,\"columnName\":\"activity_head_url\"},{\"usableColumn\":false,\"columnId\":140,\"isIncrement\":\"0\",\"increment\":false,\"insert\":true,\"isList\":\"1\",\"dictType\":\"\",\"required\":false,\"superColumn\":false,\"updateBy\":\"\",\"isInsert\":\"1\",\"javaField\":\"activityName\",\"htmlType\":\"input\",\"edit\":true,\"query\":true,\"columnComment\":\"活动名称\",\"isQuery\":\"1\",\"sort\":3,\"list\":true,\"params\":{},\"javaType\":\"String\",\"queryType\":\"LIKE\",\"columnType\":\"varchar(60)\",\"createBy\":\"admin\",\"isPk\":\"0\",\"createTime\":1602067618000,\"isEdit\":\"1\",\"tableId\":20,\"pk\":false,\"columnName\":\"activity_name\"},{\"usableColumn\":false,\"columnId\":141,\"isIncrement\":\"0\",\"increment\":false,\"insert\":true,\"isList\":\"1\",\"dictType\":\"\",\"required\":false,\"superColumn\":false,\"updateBy\":\"\",\"isInsert\":\"1\",\"javaField\":\"activityScene\",\"htmlType\":\"input\",\"edit\":true,\"query\":true,\"columnComment\":\"场景\",\"isQuery\":\"1\",\"sort\":4,\"list\":true,\"params\":{},\"javaType\":\"String\",\"queryType\":\"EQ\",\"columnType\":\"varchar(60)\",\"createBy\":\"admin\",\"isPk\":\"0\",\"createTime\":1602067618000,\"isEdit\":\"1\",\"tableId\":20,\"pk\":false,\"columnName\":\"activity_scene\"},{\"usabl', '{\"msg\":\"操作成功\",\"code\":200}', '0', null, '2020-10-07 18:48:14');
INSERT INTO `sys_oper_log` VALUES ('345', '代码生成', '2', 'com.linkwechat.generator.controller.GenController.editSave()', 'PUT', '1', 'admin', null, '/tool/gen', '127.0.0.1', '内网IP', '{\"functionAuthor\":\"ruoyi\",\"columns\":[{\"usableColumn\":false,\"columnId\":147,\"isIncrement\":\"0\",\"increment\":false,\"insert\":true,\"dictType\":\"\",\"required\":false,\"superColumn\":false,\"updateBy\":\"\",\"isInsert\":\"1\",\"javaField\":\"id\",\"htmlType\":\"input\",\"edit\":false,\"query\":false,\"sort\":1,\"list\":false,\"params\":{},\"javaType\":\"Long\",\"queryType\":\"EQ\",\"columnType\":\"bigint\",\"createBy\":\"admin\",\"isPk\":\"1\",\"createTime\":1602067619000,\"tableId\":21,\"pk\":true,\"columnName\":\"id\"},{\"usableColumn\":false,\"columnId\":148,\"isIncrement\":\"0\",\"increment\":false,\"insert\":true,\"isList\":\"1\",\"dictType\":\"\",\"required\":false,\"superColumn\":false,\"updateBy\":\"\",\"isInsert\":\"1\",\"javaField\":\"actualGroupQrCode\",\"htmlType\":\"input\",\"edit\":true,\"query\":true,\"columnComment\":\"实际群码\",\"isQuery\":\"1\",\"sort\":2,\"list\":true,\"params\":{},\"javaType\":\"String\",\"queryType\":\"EQ\",\"columnType\":\"varchar(100)\",\"createBy\":\"admin\",\"isPk\":\"0\",\"createTime\":1602067619000,\"isEdit\":\"1\",\"tableId\":21,\"pk\":false,\"columnName\":\"actual_group_qr_code\"},{\"usableColumn\":false,\"columnId\":149,\"isIncrement\":\"0\",\"increment\":false,\"insert\":true,\"isList\":\"1\",\"dictType\":\"\",\"required\":false,\"superColumn\":false,\"updateBy\":\"\",\"isInsert\":\"1\",\"javaField\":\"groupName\",\"htmlType\":\"input\",\"edit\":true,\"query\":true,\"columnComment\":\"群名称\",\"isQuery\":\"1\",\"sort\":3,\"list\":true,\"params\":{},\"javaType\":\"String\",\"queryType\":\"LIKE\",\"columnType\":\"varchar(100)\",\"createBy\":\"admin\",\"isPk\":\"0\",\"createTime\":1602067619000,\"isEdit\":\"1\",\"tableId\":21,\"pk\":false,\"columnName\":\"group_name\"},{\"usableColumn\":false,\"columnId\":150,\"isIncrement\":\"0\",\"increment\":false,\"insert\":true,\"isList\":\"1\",\"dictType\":\"\",\"required\":false,\"superColumn\":false,\"updateBy\":\"\",\"isInsert\":\"1\",\"javaField\":\"effectTime\",\"htmlType\":\"datetime\",\"edit\":true,\"query\":true,\"columnComment\":\"有效期\",\"isQuery\":\"1\",\"sort\":4,\"list\":true,\"params\":{},\"javaType\":\"Date\",\"queryType\":\"EQ\",\"columnType\":\"datetime\",\"createBy\":\"admin\",\"isPk\":\"0\",\"createTime\":1602067619000,\"isEdit\":\"1\",\"tableId\":21,\"pk\":false,\"columnName\":\"effect_time\"},{\"usableColumn', '{\"msg\":\"操作成功\",\"code\":200}', '0', null, '2020-10-07 18:48:33');
INSERT INTO `sys_oper_log` VALUES ('346', '代码生成', '8', 'com.linkwechat.generator.controller.GenController.batchGenCode()', 'GET', '1', 'admin', null, '/tool/gen/batchGenCode', '127.0.0.1', '内网IP', '{}', 'null', '0', null, '2020-10-07 18:48:41');
INSERT INTO `sys_oper_log` VALUES ('347', '更新通讯录客户', '2', 'com.linkwechat.web.controller.wecom.WeUserController.edit()', 'PUT', '1', 'admin', null, '/wecom/user', '127.0.0.1', '内网IP', '{\"birthday\":934560000000,\"gender\":1,\"idCard\":\"340123199503212590\",\"qqAccount\":\"18158873858\",\"isLeaderInDept\":[\"0\"],\"enable\":1,\"alias\":\"hannan\",\"id\":1306237123472527360,\"department\":[\"1\"],\"email\":\"18158873858@qq.com\",\"address\":\"安徽省合肥市\",\"wxAccount\":\"18158873858\",\"joinTime\":1584720000000,\"mobile\":\"18158873858\",\"telephone\":\"0551-64658695\",\"params\":{},\"userId\":\"18158873858\",\"createTime\":1602252700000,\"name\":\"hannan\",\"position\":\"JAVA开发工程师\",\"isActivate\":2}', 'null', '1', 'Warning: wrong json format. userid not found, hint: [1602252710_56_7f6e641bb924bd11e407f216a9f62ac8], from ip: 183.160.226.22, more info at https://open.work.weixin.qq.com/devtool/query?e=60111', '2020-10-09 22:11:50');
INSERT INTO `sys_oper_log` VALUES ('348', '更新通讯录客户', '2', 'com.linkwechat.web.controller.wecom.WeUserController.edit()', 'PUT', '1', 'admin', null, '/wecom/user', '127.0.0.1', '内网IP', '{\"birthday\":934560000000,\"gender\":1,\"idCard\":\"340123199503212590\",\"qqAccount\":\"18158873858\",\"isLeaderInDept\":[\"0\"],\"enable\":1,\"alias\":\"hannan\",\"id\":1306237123472527360,\"department\":[\"1\"],\"email\":\"18158873858@qq.com\",\"address\":\"安徽省合肥市\",\"wxAccount\":\"18158873858\",\"joinTime\":1584720000000,\"mobile\":\"18158873858\",\"telephone\":\"0551-64658695\",\"params\":{},\"userId\":\"18158873858\",\"createTime\":1602252700000,\"name\":\"hannan\",\"position\":\"JAVA开发工程师\",\"isActivate\":2}', 'null', '1', 'Warning: wrong json format. userid not found, hint: [1602252721_46_23ec90fb2ddb0a440ee0537a55f8832f], from ip: 183.160.226.22, more info at https://open.work.weixin.qq.com/devtool/query?e=60111', '2020-10-09 22:12:01');
INSERT INTO `sys_oper_log` VALUES ('349', '更新通讯录客户', '2', 'com.linkwechat.web.controller.wecom.WeUserController.edit()', 'PUT', '1', 'admin', null, '/wecom/user', '127.0.0.1', '内网IP', '{\"birthday\":934560000000,\"gender\":1,\"idCard\":\"340123199503212590\",\"qqAccount\":\"18158873858\",\"isLeaderInDept\":[\"0\"],\"enable\":1,\"alias\":\"hannan\",\"id\":1306237123472527360,\"department\":[\"1\"],\"email\":\"18158873858@qq.com\",\"address\":\"安徽省合肥市\",\"wxAccount\":\"18158873858\",\"joinTime\":1584720000000,\"mobile\":\"18158873858\",\"telephone\":\"0551-64658695\",\"params\":{},\"userId\":\"18158873858\",\"createTime\":1602252700000,\"name\":\"hannan\",\"position\":\"JAVA开发工程师\",\"isActivate\":2}', 'null', '1', 'Warning: wrong json format. userid not found, hint: [1602252780_52_946b2c905df5b92be84fb7aee8129104], from ip: 183.160.226.22, more info at https://open.work.weixin.qq.com/devtool/query?e=60111', '2020-10-09 22:13:31');
INSERT INTO `sys_oper_log` VALUES ('350', '更新通讯录客户', '2', 'com.linkwechat.web.controller.wecom.WeUserController.edit()', 'PUT', '1', 'admin', null, '/wecom/user', '127.0.0.1', '内网IP', '{\"birthday\":934560000000,\"gender\":1,\"idCard\":\"340123199503212590\",\"qqAccount\":\"18158873858\",\"isLeaderInDept\":[\"0\"],\"enable\":1,\"alias\":\"hannan\",\"id\":1306237123472527360,\"department\":[\"1\"],\"email\":\"18158873858@qq.com\",\"address\":\"安徽省合肥市\",\"wxAccount\":\"18158873858\",\"joinTime\":1584720000000,\"mobile\":\"18158873858\",\"telephone\":\"0551-64658695\",\"params\":{},\"userId\":\"18158873850\",\"createTime\":1602252954000,\"name\":\"hannan\",\"position\":\"JAVA开发工程师\",\"isActivate\":2}', 'null', '1', 'Warning: wrong json format. userid not found, hint: [1602252945_54_4f66390f502721340fa568e694ec9cac], from ip: 183.160.226.22, more info at https://open.work.weixin.qq.com/devtool/query?e=60111', '2020-10-09 22:15:45');
INSERT INTO `sys_oper_log` VALUES ('351', '更新通讯录客户', '2', 'com.linkwechat.web.controller.wecom.WeUserController.edit()', 'PUT', '1', 'admin', null, '/wecom/user', '127.0.0.1', '内网IP', '{\"birthday\":934560000000,\"gender\":1,\"idCard\":\"340123199503212590\",\"qqAccount\":\"18158873858\",\"isLeaderInDept\":[\"0\"],\"enable\":1,\"alias\":\"hannan\",\"id\":1306237123472527360,\"department\":[\"1\"],\"email\":\"18158873858@qq.com\",\"address\":\"安徽省合肥市\",\"wxAccount\":\"18158873858\",\"joinTime\":1584720000000,\"mobile\":\"18158873858\",\"telephone\":\"0551-64658695\",\"params\":{},\"userId\":\"18158873850\",\"createTime\":1602252954000,\"name\":\"hannan\",\"position\":\"JAVA开发工程师\",\"isActivate\":2}', 'null', '1', 'Warning: wrong json format. userid not found, hint: [1602252991_81_4a9badcf1cba0ba26438650ebbfee933], from ip: 183.160.226.22, more info at https://open.work.weixin.qq.com/devtool/query?e=60111', '2020-10-09 22:16:36');
INSERT INTO `sys_oper_log` VALUES ('352', '更新通讯录客户', '2', 'com.linkwechat.web.controller.wecom.WeUserController.edit()', 'PUT', '1', 'admin', null, '/wecom/user', '127.0.0.1', '内网IP', '{\"birthday\":934560000000,\"gender\":1,\"idCard\":\"340123199503212590\",\"qqAccount\":\"18158873858\",\"isLeaderInDept\":[\"0\"],\"enable\":1,\"alias\":\"hannan\",\"id\":1306237123472527360,\"department\":[\"1\"],\"email\":\"18158873858@qq.com\",\"address\":\"安徽省合肥市\",\"wxAccount\":\"18158873858\",\"joinTime\":1584720000000,\"mobile\":\"18158873858\",\"telephone\":\"0551-64658695\",\"params\":{},\"userId\":\"18158873850\",\"createTime\":1602252954000,\"name\":\"hannan\",\"position\":\"JAVA开发工程师\",\"isActivate\":2}', 'null', '1', 'Warning: wrong json format. userid not found, hint: [1602253009_56_126ee4b4700cbd1a29ec6b75595fca8d], from ip: 183.160.226.22, more info at https://open.work.weixin.qq.com/devtool/query?e=60111', '2020-10-09 22:16:49');
INSERT INTO `sys_oper_log` VALUES ('353', '更新通讯录客户', '2', 'com.linkwechat.web.controller.wecom.WeUserController.edit()', 'PUT', '1', 'admin', null, '/wecom/user', '127.0.0.1', '内网IP', '{\"birthday\":934560000000,\"gender\":1,\"idCard\":\"340123199503212590\",\"qqAccount\":\"18158873858\",\"isLeaderInDept\":[\"0\"],\"enable\":1,\"alias\":\"hannan\",\"id\":1306237123472527360,\"department\":[\"1\"],\"email\":\"18158873858@qq.com\",\"address\":\"安徽省合肥市\",\"wxAccount\":\"18158873858\",\"joinTime\":1584720000000,\"mobile\":\"18158873858\",\"telephone\":\"0551-64658695\",\"params\":{},\"userId\":\"18158873850\",\"createTime\":1602252954000,\"name\":\"hannan\",\"position\":\"JAVA开发工程师\",\"isActivate\":2}', '{\"msg\":\"操作成功\",\"code\":200}', '0', null, '2020-10-09 22:17:54');
INSERT INTO `sys_oper_log` VALUES ('354', '更新通讯录客户', '2', 'com.linkwechat.web.controller.wecom.WeUserController.edit()', 'PUT', '1', 'admin', null, '/wecom/user', '127.0.0.1', '内网IP', '{\"birthday\":934560000000,\"gender\":1,\"idCard\":\"340123199503212590\",\"qqAccount\":\"18158873858\",\"isLeaderInDept\":[\"0\"],\"enable\":1,\"alias\":\"hannan\",\"id\":1306237123472527360,\"department\":[\"1\"],\"email\":\"18158873858@qq.com\",\"address\":\"安徽省合肥市\",\"wxAccount\":\"18158873858\",\"joinTime\":1584720000000,\"mobile\":\"18158873858\",\"telephone\":\"0551-64658695\",\"params\":{},\"userId\":\"18158873850\",\"createTime\":1602253097000,\"name\":\"HaoN\",\"position\":\"JAVA开发工程师\",\"isActivate\":2}', '{\"msg\":\"操作成功\",\"code\":200}', '0', null, '2020-10-09 22:18:15');
INSERT INTO `sys_oper_log` VALUES ('355', '更新通讯录客户', '2', 'com.linkwechat.web.controller.wecom.WeUserController.edit()', 'PUT', '1', 'admin', null, '/wecom/user', '127.0.0.1', '内网IP', '{\"birthday\":934560000000,\"gender\":1,\"idCard\":\"340123199503212590\",\"qqAccount\":\"18158873858\",\"isLeaderInDept\":[\"0\"],\"enable\":1,\"alias\":\"hannan\",\"id\":1306237123472527360,\"department\":[\"1\"],\"email\":\"18158873858@qq.com\",\"address\":\"安徽省合肥市\",\"wxAccount\":\"18158873858\",\"joinTime\":1584720000000,\"mobile\":\"18158873858\",\"telephone\":\"0551-64658695\",\"params\":{},\"userId\":\"18158873850\",\"createTime\":1602253231000,\"name\":\"Hao\",\"position\":\"JAVA开发工程师\",\"isActivate\":2}', 'null', '1', 'Warning: wrong json format. userid not found, hint: [1602253217_52_be22ac4cc01ae2cd3922a760783a4e03], from ip: 183.160.226.22, more info at https://open.work.weixin.qq.com/devtool/query?e=60111', '2020-10-09 22:20:17');
INSERT INTO `sys_oper_log` VALUES ('356', '更新通讯录客户', '2', 'com.linkwechat.web.controller.wecom.WeUserController.edit()', 'PUT', '1', 'admin', null, '/wecom/user', '127.0.0.1', '内网IP', '{\"birthday\":934560000000,\"gender\":1,\"idCard\":\"340123199503212590\",\"qqAccount\":\"18158873858\",\"isLeaderInDept\":[\"0\"],\"enable\":1,\"alias\":\"hannan\",\"id\":1306237123472527360,\"department\":[\"1\"],\"email\":\"18158873858@qq.com\",\"address\":\"安徽省合肥市\",\"wxAccount\":\"18158873858\",\"joinTime\":1584720000000,\"mobile\":\"18158873858\",\"telephone\":\"0551-64658695\",\"params\":{},\"userId\":\"18158873850\",\"createTime\":1602254575000,\"name\":\"HaoN\",\"position\":\"JAVA开发工程师\",\"isActivate\":2}', 'null', '1', 'Warning: wrong json format. userid not found, hint: [1602254561_53_a914556843faaf656e4bcbc8b4d18a14], from ip: 36.5.49.245, more info at https://open.work.weixin.qq.com/devtool/query?e=60111', '2020-10-09 22:42:41');
INSERT INTO `sys_oper_log` VALUES ('357', '更新通讯录客户', '2', 'com.linkwechat.web.controller.wecom.WeUserController.edit()', 'PUT', '1', 'admin', null, '/wecom/user', '127.0.0.1', '内网IP', '{\"birthday\":934560000000,\"gender\":1,\"idCard\":\"340123199503212590\",\"qqAccount\":\"18158873858\",\"isLeaderInDept\":[\"0\"],\"enable\":1,\"alias\":\"hannan\",\"id\":1306237123472527360,\"department\":[\"1\"],\"email\":\"18158873858@qq.com\",\"address\":\"安徽省合肥市\",\"wxAccount\":\"18158873858\",\"joinTime\":1584720000000,\"mobile\":\"18158873858\",\"telephone\":\"0551-64658695\",\"params\":{},\"userId\":\"18158873850\",\"createTime\":1602254575000,\"name\":\"HaoN\",\"position\":\"JAVA开发工程师\",\"isActivate\":2}', 'null', '1', 'Warning: wrong json format. userid not found, hint: [1602254569_80_44624d17bec0f555503f908b0a3ff33b], from ip: 36.5.49.245, more info at https://open.work.weixin.qq.com/devtool/query?e=60111', '2020-10-09 22:42:49');
INSERT INTO `sys_oper_log` VALUES ('358', '更新通讯录客户', '2', 'com.linkwechat.web.controller.wecom.WeUserController.edit()', 'PUT', '1', 'admin', null, '/wecom/user', '127.0.0.1', '内网IP', '{\"birthday\":934560000000,\"gender\":1,\"idCard\":\"340123199503212590\",\"qqAccount\":\"18158873858\",\"isLeaderInDept\":[\"0\"],\"enable\":1,\"alias\":\"hannan\",\"id\":1306237123472527360,\"department\":[\"1\"],\"email\":\"18158873858@qq.com\",\"address\":\"安徽省合肥市\",\"wxAccount\":\"18158873858\",\"joinTime\":1584720000000,\"mobile\":\"18158873858\",\"telephone\":\"0551-64658695\",\"params\":{},\"userId\":\"18158873850\",\"createTime\":1602254575000,\"name\":\"HaoN\",\"position\":\"JAVA开发工程师\",\"isActivate\":2}', 'null', '1', 'Warning: wrong json format. userid not found, hint: [1602254581_81_45b5532e4638836b2dc117d970800f33], from ip: 36.5.49.245, more info at https://open.work.weixin.qq.com/devtool/query?e=60111', '2020-10-09 22:43:01');
INSERT INTO `sys_oper_log` VALUES ('359', '更新通讯录客户', '2', 'com.linkwechat.web.controller.wecom.WeUserController.edit()', 'PUT', '1', 'admin', null, '/wecom/user', '127.0.0.1', '内网IP', '{\"birthday\":934560000000,\"gender\":1,\"idCard\":\"340123199503212590\",\"qqAccount\":\"18158873858\",\"isLeaderInDept\":[\"0\"],\"enable\":1,\"alias\":\"hannan\",\"id\":1306237123472527360,\"department\":[\"1\"],\"email\":\"18158873858@qq.com\",\"address\":\"安徽省合肥市\",\"wxAccount\":\"18158873858\",\"joinTime\":1584720000000,\"mobile\":\"18158873858\",\"telephone\":\"0551-64658695\",\"params\":{},\"userId\":\"18158873850\",\"createTime\":1602254575000,\"name\":\"HaoN\",\"position\":\"JAVA开发工程师\",\"isActivate\":2}', 'null', '1', 'Warning: wrong json format. userid not found, hint: [1602254605_56_484c16409cdcc9e0c089f8ec41edde3d], from ip: 36.5.49.245, more info at https://open.work.weixin.qq.com/devtool/query?e=60111', '2020-10-09 22:44:01');
INSERT INTO `sys_oper_log` VALUES ('360', '更新通讯录客户', '2', 'com.linkwechat.web.controller.wecom.WeUserController.edit()', 'PUT', '1', 'admin', null, '/wecom/user', '127.0.0.1', '内网IP', '{\"birthday\":934560000000,\"gender\":1,\"idCard\":\"340123199503212590\",\"qqAccount\":\"18158873858\",\"isLeaderInDept\":[\"0\"],\"enable\":1,\"alias\":\"hannan\",\"id\":1306237123472527360,\"department\":[\"1\"],\"email\":\"18158873858@qq.com\",\"address\":\"安徽省合肥市\",\"wxAccount\":\"18158873858\",\"joinTime\":1584720000000,\"mobile\":\"18158873858\",\"telephone\":\"0551-64658695\",\"params\":{},\"userId\":\"18158873850\",\"createTime\":1602254575000,\"name\":\"HaoN\",\"position\":\"JAVA开发工程师\",\"isActivate\":2}', 'null', '1', 'Warning: wrong json format. userid not found, hint: [1602254670_56_3115f3d47b09d405e7536d779204fdda], from ip: 36.5.49.245, more info at https://open.work.weixin.qq.com/devtool/query?e=60111', '2020-10-09 22:44:33');
INSERT INTO `sys_oper_log` VALUES ('361', '更新通讯录客户', '2', 'com.linkwechat.web.controller.wecom.WeUserController.edit()', 'PUT', '1', 'admin', null, '/wecom/user', '127.0.0.1', '内网IP', '{\"birthday\":934560000000,\"gender\":1,\"idCard\":\"340123199503212590\",\"qqAccount\":\"18158873858\",\"isLeaderInDept\":[\"0\"],\"enable\":1,\"alias\":\"hannan\",\"id\":1306237123472527360,\"department\":[\"1\"],\"email\":\"18158873858@qq.com\",\"address\":\"安徽省合肥市\",\"wxAccount\":\"18158873858\",\"joinTime\":1584720000000,\"mobile\":\"18158873858\",\"telephone\":\"0551-64658695\",\"params\":{},\"userId\":\"18158873850\",\"createTime\":1602254575000,\"name\":\"HaoN\",\"position\":\"JAVA开发工程师\",\"isActivate\":2}', 'null', '1', 'Warning: wrong json format. userid not found, hint: [1602254681_81_15ae9d8fd19ffdd6d0358d81c1674526], from ip: 36.5.49.245, more info at https://open.work.weixin.qq.com/devtool/query?e=60111', '2020-10-09 22:44:41');
INSERT INTO `sys_oper_log` VALUES ('362', '更新通讯录客户', '2', 'com.linkwechat.web.controller.wecom.WeUserController.edit()', 'PUT', '1', 'admin', null, '/wecom/user', '127.0.0.1', '内网IP', '{\"birthday\":934560000000,\"gender\":1,\"idCard\":\"340123199503212590\",\"qqAccount\":\"18158873858\",\"isLeaderInDept\":[\"0\"],\"enable\":1,\"alias\":\"hannan\",\"id\":1306237123472527360,\"department\":[\"1\"],\"email\":\"18158873858@qq.com\",\"address\":\"安徽省合肥市\",\"wxAccount\":\"18158873858\",\"joinTime\":1584720000000,\"mobile\":\"18158873858\",\"telephone\":\"0551-64658695\",\"params\":{},\"userId\":\"18158873850\",\"createTime\":1602257389000,\"name\":\"浩南\",\"position\":\"JAVA开发工程师\",\"isActivate\":2}', 'null', '1', 'Warning: wrong json format. userid not found, hint: [1602257416_54_03dbf04a423b578e769ad17e281700ba], from ip: 106.13.201.219, more info at https://open.work.weixin.qq.com/devtool/query?e=60111', '2020-10-09 23:30:16');
INSERT INTO `sys_oper_log` VALUES ('363', '更新通讯录客户', '2', 'com.linkwechat.web.controller.wecom.WeUserController.edit()', 'PUT', '1', 'admin', null, '/wecom/user', '127.0.0.1', '内网IP', '{\"birthday\":934560000000,\"gender\":1,\"idCard\":\"340123199503212590\",\"qqAccount\":\"18158873858\",\"isLeaderInDept\":[\"0\"],\"enable\":1,\"alias\":\"hannan\",\"id\":1306237123472527360,\"department\":[\"1\"],\"email\":\"18158873858@qq.com\",\"address\":\"安徽省合肥市\",\"wxAccount\":\"18158873858\",\"joinTime\":1584720000000,\"mobile\":\"18158873858\",\"telephone\":\"0551-64658695\",\"params\":{},\"userId\":\"18158873850\",\"createTime\":1602258136000,\"name\":\"HaoNa\",\"position\":\"JAVA开发工程师\",\"isActivate\":2}', 'null', '1', 'Warning: wrong json format. userid not found, hint: [1602258152_56_f4e1968b0357cd64586b96beabe72706], from ip: 106.13.201.219, more info at https://open.work.weixin.qq.com/devtool/query?e=60111', '2020-10-09 23:42:33');
INSERT INTO `sys_oper_log` VALUES ('364', '用户管理', '2', 'com.linkwechat.web.controller.system.SysUserController.edit()', 'PUT', '1', 'admin', null, '/system/user', '127.0.0.1', '内网IP', '{\"roles\":[{\"flag\":false,\"roleId\":1,\"admin\":true,\"dataScope\":\"1\",\"params\":{},\"roleSort\":\"1\",\"createTime\":1602579281000,\"roleKey\":\"admin\",\"roleName\":\"超级管理员\",\"status\":\"0\"}],\"phonenumber\":\"15888888889\",\"admin\":true,\"loginDate\":1521171180000,\"remark\":\"管理员\",\"delFlag\":\"0\",\"password\":\"\",\"postIds\":[1],\"loginIp\":\"127.0.0.1\",\"email\":\"ry@163.com\",\"nickName\":\"若依\",\"sex\":\"1\",\"deptId\":103,\"avatar\":\"\",\"dept\":{\"deptName\":\"研发部门\",\"leader\":\"若依\",\"deptId\":103,\"orderNum\":\"1\",\"params\":{},\"parentId\":101,\"children\":[],\"createTime\":1602579281000,\"status\":\"0\"},\"params\":{},\"userName\":\"admin\",\"userId\":1,\"createBy\":\"admin\",\"roleIds\":[1],\"createTime\":1521171180000,\"status\":\"0\"}', 'null', '1', '不允许操作超级管理员用户', '2020-10-13 16:54:46');
INSERT INTO `sys_oper_log` VALUES ('365', '用户管理', '2', 'com.linkwechat.web.controller.system.SysUserController.edit()', 'PUT', '1', 'admin', null, '/system/user', '127.0.0.1', '内网IP', '{\"roles\":[{\"flag\":false,\"roleId\":1,\"admin\":true,\"dataScope\":\"1\",\"params\":{},\"roleSort\":\"1\",\"createTime\":1602579281000,\"roleKey\":\"admin\",\"roleName\":\"超级管理员\",\"status\":\"0\"}],\"phonenumber\":\"15888888889\",\"admin\":true,\"loginDate\":1521171180000,\"remark\":\"管理员\",\"delFlag\":\"0\",\"password\":\"\",\"postIds\":[1],\"loginIp\":\"127.0.0.1\",\"email\":\"ry@163.com\",\"nickName\":\"若依\",\"sex\":\"1\",\"deptId\":103,\"avatar\":\"\",\"dept\":{\"deptName\":\"研发部门\",\"leader\":\"若依\",\"deptId\":103,\"orderNum\":\"1\",\"params\":{},\"parentId\":101,\"children\":[],\"createTime\":1602579281000,\"status\":\"0\"},\"params\":{},\"userName\":\"admin\",\"userId\":1,\"createBy\":\"admin\",\"roleIds\":[1],\"createTime\":1521171180000,\"status\":\"0\"}', 'null', '1', '不允许操作超级管理员用户', '2020-10-13 16:54:49');
INSERT INTO `sys_oper_log` VALUES ('366', '用户管理', '2', 'com.linkwechat.web.controller.system.SysUserController.edit()', 'PUT', '1', 'admin', null, '/system/user', '127.0.0.1', '内网IP', '{\"roles\":[{\"flag\":false,\"roleId\":1,\"admin\":true,\"dataScope\":\"1\",\"params\":{},\"roleSort\":\"1\",\"createTime\":1602579281000,\"roleKey\":\"admin\",\"roleName\":\"超级管理员\",\"status\":\"0\"}],\"phonenumber\":\"15888888889\",\"admin\":true,\"loginDate\":1521171180000,\"remark\":\"管理员\",\"delFlag\":\"0\",\"password\":\"\",\"postIds\":[1],\"loginIp\":\"127.0.0.1\",\"email\":\"ry@163.com\",\"nickName\":\"若依\",\"sex\":\"1\",\"deptId\":103,\"avatar\":\"\",\"dept\":{\"deptName\":\"研发部门\",\"leader\":\"若依\",\"deptId\":103,\"orderNum\":\"1\",\"params\":{},\"parentId\":101,\"children\":[],\"createTime\":1602579281000,\"status\":\"0\"},\"params\":{},\"userName\":\"admin\",\"userId\":1,\"createBy\":\"admin\",\"roleIds\":[1],\"createTime\":1521171180000,\"status\":\"0\"}', 'null', '1', '不允许操作超级管理员用户', '2020-10-13 16:54:51');
INSERT INTO `sys_oper_log` VALUES ('367', '角色管理', '2', 'com.linkwechat.web.controller.system.SysRoleController.edit()', 'PUT', '1', 'admin', null, '/system/role', '127.0.0.1', '内网IP', '{\"flag\":false,\"roleId\":2,\"admin\":false,\"remark\":\"普通角色2\",\"dataScope\":\"2\",\"delFlag\":\"0\",\"params\":{},\"roleSort\":\"2\",\"createTime\":1521171180000,\"updateBy\":\"admin\",\"roleKey\":\"common\",\"roleName\":\"普通角色\",\"menuIds\":[1,100,1001,1002,1003,1004,1005,1006,1007,101,1008,1009,1010,1011,1012,102,1013,1014,1015,1016,103,1017,1018,1019,1020,104,1021,1022,1023,1024,1025,105,1026,1027,1028,1029,1030,106,1031,1032,1033,1034,1035,107,1036,1037,1038,1039,108,500,1040,1041,1042,501,1043,1044,1045,2,109,1046,1047,1048,110,1049,1050,1051,1052,1053,1054,111,112,3,113,114,1055,1058,1056,1057,1059,1060,115,4],\"status\":\"0\"}', '{\"msg\":\"操作成功\",\"code\":200}', '0', null, '2020-10-13 16:55:05');
INSERT INTO `sys_oper_log` VALUES ('368', '角色管理', '2', 'com.linkwechat.web.controller.system.SysRoleController.edit()', 'PUT', '1', 'admin', null, '/system/role', '127.0.0.1', '内网IP', '{\"flag\":false,\"roleId\":2,\"admin\":false,\"remark\":\"普通角色\",\"dataScope\":\"2\",\"delFlag\":\"0\",\"params\":{},\"roleSort\":\"2\",\"createTime\":1521171180000,\"updateBy\":\"admin\",\"roleKey\":\"common\",\"roleName\":\"普通角色\",\"menuIds\":[1,100,1001,1002,1003,1004,1005,1006,1007,101,1008,1009,1010,1011,1012,102,1013,1014,1015,1016,103,1017,1018,1019,1020,104,1021,1022,1023,1024,1025,105,1026,1027,1028,1029,1030,106,1031,1032,1033,1034,1035,107,1036,1037,1038,1039,108,500,1040,1041,1042,501,1043,1044,1045,2,109,1046,1047,1048,110,1049,1050,1051,1052,1053,1054,111,112,3,113,114,1055,1058,1056,1057,1059,1060,115,4],\"status\":\"0\"}', '{\"msg\":\"操作成功\",\"code\":200}', '0', null, '2020-10-13 16:55:10');
INSERT INTO `sys_oper_log` VALUES ('369', '标签组', '2', 'com.linkwechat.web.controller.wecom.WeTagGroupController.edit()', 'PUT', '1', 'admin', null, '/wecom/group', '192.168.89.38', '内网IP', '{\"weTags\":[{\"groupId\":1307292899272167424,\"params\":{},\"createTime\":1602579394000,\"name\":\"安稳\",\"id\":1307292899272167425}],\"params\":{},\"gourpName\":\"615610\",\"createTime\":1600517890000,\"id\":1307292899272167424}', '{\"msg\":\"操作成功\",\"code\":200}', '0', null, '2020-10-13 16:56:43');
INSERT INTO `sys_oper_log` VALUES ('370', '员工活码', '1', 'com.linkwechat.web.controller.wecom.WeEmpleCodeController.add()', 'POST', '1', 'admin', null, '/wecom/code', '127.0.0.1', '内网IP', '{\"codeType\":1,\"delFlag\":0,\"params\":{},\"activityScene\":\"活动添加\",\"weEmpleCodeUseScops\":[{\"delFlag\":0,\"params\":{},\"empleCodeId\":1316025116123074560,\"createTime\":1602599812905,\"id\":1316025116123074561,\"useUserId\":18158873850}],\"createTime\":1602599812903,\"id\":1316025116123074560,\"welcomeMsg\":\"欢迎加我好友\",\"isJoinConfirmFriends\":false}', 'null', '1', '', '2020-10-13 22:37:02');
INSERT INTO `sys_oper_log` VALUES ('371', '员工活码', '1', 'com.linkwechat.web.controller.wecom.WeEmpleCodeController.add()', 'POST', '1', 'admin', null, '/wecom/code', '127.0.0.1', '内网IP', '{\"codeType\":1,\"delFlag\":0,\"params\":{},\"activityScene\":\"活动添加\",\"weEmpleCodeUseScops\":[{\"delFlag\":0,\"params\":{},\"empleCodeId\":1316026794918416384,\"createTime\":1602600213161,\"id\":1316026794918416385,\"useUserId\":18158873850}],\"createTime\":1602600213159,\"id\":1316026794918416384,\"welcomeMsg\":\"欢迎加我好友\",\"isJoinConfirmFriends\":false}', '{\"msg\":\"操作成功\",\"code\":200}', '0', null, '2020-10-13 22:44:00');
INSERT INTO `sys_oper_log` VALUES ('372', '员工活码', '1', 'com.linkwechat.web.controller.wecom.WeEmpleCodeController.add()', 'POST', '1', 'admin', null, '/wecom/code', '127.0.0.1', '内网IP', '{\"codeType\":1,\"delFlag\":0,\"params\":{},\"activityScene\":\"活动添加\",\"weEmpleCodeUseScops\":[{\"delFlag\":0,\"params\":{},\"empleCodeId\":1316027939124547584,\"createTime\":1602600485962,\"id\":1316027939128741888,\"useUserId\":18158873850}],\"createTime\":1602600485959,\"id\":1316027939124547584,\"welcomeMsg\":\"欢迎加我好友\",\"isJoinConfirmFriends\":false}', 'null', '1', 'Could not commit JDBC transaction; nested exception is com.mysql.cj.jdbc.exceptions.CommunicationsException: Communications link failure\n\nThe last packet successfully received from the server was 753,891 milliseconds ago.  The last packet sent successfully to the server was 753,915 milliseconds ago.', '2020-10-13 23:00:32');
INSERT INTO `sys_oper_log` VALUES ('373', '企业id相关配置', '1', 'com.linkwechat.web.controller.wecom.WeCorpAccountController.add()', 'POST', '1', 'admin', null, '/wecom/corp', '127.0.0.1', '内网IP', '{\"contactSecret\":\"vLol2EwiTLoYo2eMhgDfzvEz8RvW4AbZD1ReejJSvaY\",\"corpId\":\"wwc8ebf1e203204332\",\"companyName\":\"珠海市新正新制衣有限公司\",\"corpSecret\":\"vLol2EwiTLoYo2eMhgDfzvEz8RvW4AbZD1ReejJSvaY\",\"params\":{},\"createTime\":1602654995535}', 'null', '1', 'nested exception is org.apache.ibatis.reflection.ReflectionException: There is no getter for property named \'contact_secret\' in \'class com.linkwechat.wecom.domain.WeCorpAccount\'', '2020-10-14 13:56:35');
INSERT INTO `sys_oper_log` VALUES ('374', '企业id相关配置', '1', 'com.linkwechat.web.controller.wecom.WeCorpAccountController.add()', 'POST', '1', 'admin', null, '/wecom/corp', '127.0.0.1', '内网IP', '{\"contactSecret\":\"vLol2EwiTLoYo2eMhgDfzvEz8RvW4AbZD1ReejJSvaY\",\"corpId\":\"vLol2EwiTLoYo2eMhgDfzvEz8RvW4AbZD1ReejJSvaY\",\"companyName\":\"adfs\",\"corpSecret\":\"vLol2EwiTLoYo2eMhgDfzvEz8RvW4AbZD1ReejJSvaY\",\"params\":{},\"createTime\":1602655035108}', 'null', '1', 'nested exception is org.apache.ibatis.reflection.ReflectionException: There is no getter for property named \'contact_secret\' in \'class com.linkwechat.wecom.domain.WeCorpAccount\'', '2020-10-14 13:57:15');
INSERT INTO `sys_oper_log` VALUES ('375', '企业微信客户同步接口', '3', 'com.linkwechat.web.controller.wecom.WeCustomerController.synchWeCustomer()', 'GET', '1', 'admin', null, '/wecom/customer/synchWeCustomer', '127.0.0.1', '内网IP', '{}', '{\"msg\":\"后台开始同步数据，请稍后关注进度\",\"code\":200}', '0', null, '2020-10-14 14:24:52');
INSERT INTO `sys_oper_log` VALUES ('376', '欢迎语模板', '2', 'com.linkwechat.web.controller.wecom.WeMsgTlpController.edit()', 'PUT', '1', 'admin', null, '/wecom/tlp', '127.0.0.1', '内网IP', '{\"delFlag\":0,\"params\":{},\"welcomeMsgTplType\":1,\"createTime\":1602659534377,\"id\":1316275606131970048,\"welcomeMsg\":\"特色儿童#客户昵称#\"}', '{\"msg\":\"操作失败\",\"code\":500}', '0', null, '2020-10-14 15:12:14');
INSERT INTO `sys_oper_log` VALUES ('377', '代码生成', '8', 'com.linkwechat.generator.controller.GenController.batchGenCode()', 'GET', '1', 'admin', null, '/tool/gen/batchGenCode', '36.113.10.52', 'XX XX', '{}', 'null', '0', null, '2020-10-14 16:06:50');
INSERT INTO `sys_oper_log` VALUES ('378', '代码生成', '8', 'com.linkwechat.generator.controller.GenController.batchGenCode()', 'GET', '1', 'admin', null, '/tool/gen/batchGenCode', '36.113.10.52', 'XX XX', '{}', 'null', '0', null, '2020-10-14 16:06:54');
INSERT INTO `sys_oper_log` VALUES ('379', '企业id相关配置', '1', 'com.linkwechat.web.controller.wecom.WeCorpAccountController.add()', 'POST', '1', 'admin', null, '/wecom/corp', '127.0.0.1', '内网IP', '{\"contactSecret\":\"Vk7NEu9gIWS8e0FeXYz9KXxQsC6caAAA4pHCzjSLfoA\",\"corpId\":\"ww3e907e975452cbf5\",\"companyName\":\"杭州阿里巴巴科技有限公司\",\"corpSecret\":\"oFgYPyHBfuVjfEycofwZ2UpWZ3cCmlmWSrIY9RWB-EI\",\"params\":{},\"createTime\":1602687039182}', 'null', '1', 'nested exception is org.apache.ibatis.reflection.ReflectionException: There is no getter for property named \'contact_secret\' in \'class com.linkwechat.wecom.domain.WeCorpAccount\'', '2020-10-14 22:50:12');
INSERT INTO `sys_oper_log` VALUES ('380', '企业id相关配置', '1', 'com.linkwechat.web.controller.wecom.WeCorpAccountController.add()', 'POST', '1', 'admin', null, '/wecom/corp', '127.0.0.1', '内网IP', '{\"contactSecret\":\"1\",\"corpId\":\"1\",\"companyName\":\"1\",\"corpSecret\":\"1\",\"params\":{},\"createTime\":1602687384437}', 'null', '1', 'nested exception is org.apache.ibatis.reflection.ReflectionException: There is no getter for property named \'contact_secret\' in \'class com.linkwechat.wecom.domain.WeCorpAccount\'', '2020-10-14 22:55:58');
INSERT INTO `sys_oper_log` VALUES ('381', '企业id相关配置', '1', 'com.linkwechat.web.controller.wecom.WeCorpAccountController.add()', 'POST', '1', 'admin', null, '/wecom/corp', '127.0.0.1', '内网IP', '{\"contactSecret\":\"1\",\"corpId\":\"1\",\"companyName\":\"1\",\"corpSecret\":\"1\",\"params\":{},\"createTime\":1602687517084}', 'null', '1', 'nested exception is org.apache.ibatis.reflection.ReflectionException: There is no getter for property named \'contact_secret\' in \'class com.linkwechat.wecom.domain.WeCorpAccount\'', '2020-10-14 22:58:10');
INSERT INTO `sys_oper_log` VALUES ('382', '企业id相关配置', '1', 'com.linkwechat.web.controller.wecom.WeCorpAccountController.add()', 'POST', '1', 'admin', null, '/wecom/corp', '127.0.0.1', '内网IP', '{\"contactSecret\":\"1\",\"corpId\":\"1\",\"companyName\":\"1\",\"corpSecret\":\"1\",\"params\":{},\"createTime\":1602687574695,\"id\":5}', '{\"msg\":\"操作成功\",\"code\":200}', '0', null, '2020-10-14 22:59:08');
INSERT INTO `sys_oper_log` VALUES ('383', '企业id相关配置', '2', 'com.linkwechat.web.controller.wecom.WeCorpAccountController.edit()', 'PUT', '1', 'admin', null, '/wecom/corp', '127.0.0.1', '内网IP', '{\"contactSecret\":\"2\",\"corpId\":\"1\",\"companyName\":\"1\",\"corpSecret\":\"2\",\"updateTime\":1602688051079,\"delFlag\":\"0\",\"params\":{},\"createTime\":1602687575000,\"id\":5,\"status\":\"1\"}', '{\"msg\":\"操作成功\",\"code\":200}', '0', null, '2020-10-14 23:07:04');
INSERT INTO `sys_oper_log` VALUES ('384', '企业id相关配置', '1', 'com.linkwechat.web.controller.wecom.WeCorpAccountController.add()', 'POST', '1', 'admin', null, '/wecom/corp', '127.0.0.1', '内网IP', '{\"contactSecret\":\"222\",\"corpId\":\"222\",\"companyName\":\"222\",\"corpSecret\":\"222\",\"updateTime\":1602747172432,\"params\":{},\"createTime\":1602747172432,\"id\":6}', '{\"msg\":\"操作成功\",\"code\":200}', '0', null, '2020-10-15 15:32:50');
INSERT INTO `sys_oper_log` VALUES ('385', '企业id相关配置', '2', 'com.linkwechat.web.controller.wecom.WeCorpAccountController.edit()', 'PUT', '1', 'admin', null, '/wecom/corp', '127.0.0.1', '内网IP', '{\"contactSecret\":\"333\",\"corpId\":\"222\",\"companyName\":\"222\",\"corpSecret\":\"333\",\"updateTime\":1602747172000,\"delFlag\":\"0\",\"params\":{},\"createTime\":1602747172000,\"id\":6,\"status\":\"1\"}', '{\"msg\":\"操作成功\",\"code\":200}', '0', null, '2020-10-15 15:32:59');
INSERT INTO `sys_oper_log` VALUES ('386', '启用有效企业微信账号', '3', 'com.linkwechat.web.controller.wecom.WeCorpAccountController.startWeCorpAccount()', 'PUT', '1', 'admin', null, '/wecom/corp/startVailWeCorpAccount/1', '127.0.0.1', '内网IP', '1', '{\"msg\":\"操作成功\",\"code\":200}', '0', null, '2020-10-15 15:56:03');
INSERT INTO `sys_oper_log` VALUES ('387', '通讯录相关客户', '1', 'com.linkwechat.web.controller.wecom.WeUserController.add()', 'POST', '1', 'admin', null, '/wecom/user', '127.0.0.1', '内网IP', '{\"birthday\":1602691200000,\"gender\":1,\"idCard\":\"340123199503212590\",\"qqAccount\":\"1539136324\",\"isLeaderInDept\":[\"0\"],\"enable\":1,\"alias\":\"HaoN\",\"id\":1316672813779783680,\"department\":[\"1\"],\"email\":\"1539136324@qq.com\",\"address\":\"安徽省合肥市\",\"wxAccount\":\"18158873850\",\"joinTime\":1602691200000,\"mobile\":\"18158873850\",\"telephone\":\"0551-67654683\",\"updateTime\":1602754236060,\"params\":{},\"userId\":\"18158873850\",\"createTime\":1602754236060,\"name\":\"盛锡勇\",\"position\":\"JAVA开发工程师\",\"isActivate\":2}', 'null', '1', 'Warning: wrong json format. invalid name, hint: [1602754235_56_71f1129a4593504ebf2a5ef45b18f587], from ip: 36.5.153.165, more info at https://open.work.weixin.qq.com/devtool/query?e=60112', '2020-10-15 17:30:35');
INSERT INTO `sys_oper_log` VALUES ('388', '通讯录相关客户', '1', 'com.linkwechat.web.controller.wecom.WeUserController.add()', 'POST', '1', 'admin', null, '/wecom/user', '127.0.0.1', '内网IP', '{\"gender\":1,\"isLeaderInDept\":[\"undefined\"],\"enable\":1,\"id\":1316675080889176064,\"department\":[\"1\"],\"mobile\":\"18158873850\",\"updateTime\":1602754776581,\"params\":{},\"userId\":\"18158873850\",\"createTime\":1602754776581,\"name\":\"HaoN\",\"isActivate\":2}', 'null', '1', 'Warning: wrong json format. invalid name, hint: [1602754775_46_42ab6fb7a9a3676ab1a497bb821f0d56], from ip: 36.5.153.165, more info at https://open.work.weixin.qq.com/devtool/query?e=60112', '2020-10-15 17:39:35');
INSERT INTO `sys_oper_log` VALUES ('389', '通讯录相关客户', '1', 'com.linkwechat.web.controller.wecom.WeUserController.add()', 'POST', '1', null, null, '/wecom/user', '127.0.0.1', '内网IP', '{\"gender\":1,\"isLeaderInDept\":[\"undefined\"],\"enable\":1,\"id\":1316675430677352448,\"department\":[\"1\"],\"mobile\":\"18158873850\",\"updateTime\":1602754859974,\"params\":{},\"userId\":\"18158873850\",\"createTime\":1602754859974,\"name\":\"HMM\",\"isActivate\":2}', 'null', '1', 'Could not roll back JDBC transaction; nested exception is java.sql.SQLNonTransientConnectionException: Communications link failure during rollback(). Transaction resolution unknown.', '2020-10-15 22:19:57');
INSERT INTO `sys_oper_log` VALUES ('390', '通讯录相关客户', '1', 'com.linkwechat.web.controller.wecom.WeUserController.add()', 'POST', '1', 'admin', null, '/wecom/user', '127.0.0.1', '内网IP', '{\"gender\":1,\"isLeaderInDept\":[\"undefined\"],\"enable\":1,\"id\":1316746441338785792,\"department\":[\"1\"],\"mobile\":\"18158873850\",\"updateTime\":1602771790238,\"params\":{},\"userId\":\"18158873850\",\"createTime\":1602771790238,\"name\":\"HM\",\"isActivate\":2}', 'null', '1', 'Warning: wrong json format. invalid name, hint: [1602771801_54_243d4ba7eea85d7da1ec4ead6c3238fd], from ip: 36.5.50.116, more info at https://open.work.weixin.qq.com/devtool/query?e=60112', '2020-10-15 22:25:18');
INSERT INTO `sys_oper_log` VALUES ('391', '通讯录相关客户', '1', 'com.linkwechat.web.controller.wecom.WeUserController.add()', 'POST', '1', 'admin', null, '/wecom/user', '127.0.0.1', '内网IP', '{\"gender\":1,\"isLeaderInDept\":[\"undefined\"],\"enable\":1,\"id\":1316747615077011456,\"department\":[\"1\"],\"mobile\":\"18158873850\",\"updateTime\":1602772070075,\"params\":{},\"userId\":\"18158873850\",\"createTime\":1602772070075,\"name\":\"HMMM\",\"isActivate\":2}', 'null', '1', 'com.linkwechat.common.exception.wecom.WeComException: Warning: wrong json format. invalid name, hint: [1602772069_56_0b1d89c1bbac61ae64a8029c1b7ad089], from ip: 36.5.50.116, more info at https://open.work.weixin.qq.com/devtool/query?e=60112', '2020-10-15 22:27:50');
INSERT INTO `sys_oper_log` VALUES ('392', '通讯录相关客户', '1', 'com.linkwechat.web.controller.wecom.WeUserController.add()', 'POST', '1', 'admin', null, '/wecom/user', '127.0.0.1', '内网IP', '{\"gender\":1,\"isLeaderInDept\":[\"undefined\"],\"enable\":1,\"id\":1316748690890821632,\"department\":[\"1\"],\"mobile\":\"18158873850\",\"updateTime\":1602772326568,\"params\":{},\"userId\":\"18158873850\",\"createTime\":1602772326568,\"name\":\"HMMM\",\"isActivate\":2}', 'null', '1', 'com.linkwechat.common.exception.wecom.WeComException: Warning: wrong json format. invalid name, hint: [1602772326_52_a50c3002392e2e49de6d3401a37ce4f2], from ip: 36.5.50.116, more info at https://open.work.weixin.qq.com/devtool/query?e=60112', '2020-10-15 22:32:06');
INSERT INTO `sys_oper_log` VALUES ('393', '通讯录相关客户', '1', 'com.linkwechat.web.controller.wecom.WeUserController.add()', 'POST', '1', 'admin', null, '/wecom/user', '127.0.0.1', '内网IP', '{\"gender\":1,\"isLeaderInDept\":[\"undefined\"],\"enable\":1,\"id\":1316750538003582976,\"department\":[\"1\"],\"mobile\":\"18158873850\",\"updateTime\":1602772766953,\"params\":{},\"userId\":\"18158873850\",\"createTime\":1602772766953,\"name\":\"YYU\",\"isActivate\":2}', 'null', '1', 'com.linkwechat.common.exception.wecom.WeComException: Warning: wrong json format. invalid name, hint: [1602772766_80_e27170a60b2163681b045d2a5fc1791b], from ip: 36.5.50.116, more info at https://open.work.weixin.qq.com/devtool/query?e=60112', '2020-10-15 22:39:37');
INSERT INTO `sys_oper_log` VALUES ('394', '通讯录相关客户', '1', 'com.linkwechat.web.controller.wecom.WeUserController.add()', 'POST', '1', 'admin', null, '/wecom/user', '127.0.0.1', '内网IP', '{\"gender\":1,\"isLeaderInDept\":[\"undefined\"],\"enable\":1,\"id\":1316753182994599936,\"department\":[\"1\"],\"mobile\":\"18158873850\",\"updateTime\":1602773397570,\"params\":{},\"userId\":\"18158873850\",\"createTime\":1602773397570,\"name\":\"HMM\",\"isActivate\":2}', 'null', '1', 'com.linkwechat.common.exception.wecom.WeComException: Warning: wrong json format. invalid name, hint: [1602773396_56_868142d90df224acb21d74fd6c5a0216], from ip: 36.5.50.116, more info at https://open.work.weixin.qq.com/devtool/query?e=60112', '2020-10-15 22:49:57');
INSERT INTO `sys_oper_log` VALUES ('395', '通讯录相关客户', '1', 'com.linkwechat.web.controller.wecom.WeUserController.add()', 'POST', '1', 'admin', null, '/wecom/user', '127.0.0.1', '内网IP', '{\"gender\":1,\"isLeaderInDept\":[\"undefined\"],\"enable\":1,\"id\":1316753561572478976,\"department\":[\"1\"],\"mobile\":\"18158873850\",\"updateTime\":1602773487831,\"params\":{},\"userId\":\"18158873850\",\"createTime\":1602773487831,\"name\":\"HM\",\"isActivate\":2}', 'null', '1', 'com.linkwechat.common.exception.wecom.WeComException: Warning: wrong json format. invalid name, hint: [1602773487_53_f27106e2754aadace94e1e187ae5b0b0], from ip: 36.5.50.116, more info at https://open.work.weixin.qq.com/devtool/query?e=60112', '2020-10-15 22:51:27');
INSERT INTO `sys_oper_log` VALUES ('396', '通讯录相关客户', '1', 'com.linkwechat.web.controller.wecom.WeUserController.add()', 'POST', '1', 'admin', null, '/wecom/user', '127.0.0.1', '内网IP', '{\"gender\":1,\"isLeaderInDept\":[\"undefined\"],\"enable\":1,\"id\":1316754013932359680,\"department\":[\"1\"],\"mobile\":\"18158873850\",\"updateTime\":1602773595685,\"params\":{},\"userId\":\"18158873850\",\"createTime\":1602773595685,\"name\":\"HMMM\",\"isActivate\":2}', 'null', '1', 'com.linkwechat.common.exception.wecom.WeComException: Warning: wrong json format. invalid name, hint: [1602773594_80_2174a41201a5f8bf5a8e3717070a814b], from ip: 36.5.50.116, more info at https://open.work.weixin.qq.com/devtool/query?e=60112', '2020-10-15 22:54:32');
INSERT INTO `sys_oper_log` VALUES ('397', '通讯录相关客户', '1', 'com.linkwechat.web.controller.wecom.WeUserController.add()', 'POST', '1', 'admin', null, '/wecom/user', '127.0.0.1', '内网IP', '{\"gender\":1,\"isLeaderInDept\":[\"undefined\"],\"enable\":1,\"id\":1316757001442824192,\"department\":[\"1\"],\"mobile\":\"18158873850\",\"updateTime\":1602774307957,\"params\":{},\"userId\":\"18158873850\",\"createTime\":1602774307957,\"name\":\"HMM\",\"isActivate\":2}', 'null', '1', 'com.linkwechat.common.exception.wecom.WeComException: Warning: wrong json format. invalid name, hint: [1602774307_52_00f62c8f647d94929d7ab22856f1a2d8], from ip: 36.5.50.116, more info at https://open.work.weixin.qq.com/devtool/query?e=60112', '2020-10-15 23:06:19');
INSERT INTO `sys_oper_log` VALUES ('398', '通讯录相关客户', '1', 'com.linkwechat.web.controller.wecom.WeUserController.add()', 'POST', '1', 'admin', null, '/wecom/user', '127.0.0.1', '内网IP', '{\"gender\":1,\"isLeaderInDept\":[\"undefined\"],\"enable\":1,\"id\":1316757638280777728,\"department\":[\"1\"],\"mobile\":\"18158873850\",\"updateTime\":1602774459794,\"params\":{},\"userId\":\"18158873850\",\"createTime\":1602774459794,\"name\":\"HMMM\",\"isActivate\":2}', 'null', '1', '{\"errcode\":60112,\"errmsg\":\"Warning: wrong json format. invalid name, hint: [1602774458_54_adf46c2c1af9948ceb5fe722594cfcd2], from ip: 36.5.50.116, more info at https://open.work.weixin.qq.com/devtool/query?e=60112\"}', '2020-10-15 23:07:39');
INSERT INTO `sys_oper_log` VALUES ('399', '通讯录相关客户', '1', 'com.linkwechat.web.controller.wecom.WeUserController.add()', 'POST', '1', 'admin', null, '/wecom/user', '127.0.0.1', '内网IP', '{\"gender\":1,\"isLeaderInDept\":[\"undefined\"],\"enable\":1,\"id\":1316757881579769856,\"department\":[\"1\"],\"mobile\":\"18158873850\",\"updateTime\":1602774517803,\"params\":{},\"userId\":\"18158873850\",\"createTime\":1602774517803,\"name\":\"hmmm\",\"isActivate\":2}', 'null', '1', '{\"errcode\":60112,\"errmsg\":\"Warning: wrong json format. invalid name, hint: [1602774516_80_5eabd79d7d06ac0bc77006341c901792], from ip: 36.5.50.116, more info at https://open.work.weixin.qq.com/devtool/query?e=60112\"}', '2020-10-15 23:08:57');
INSERT INTO `sys_oper_log` VALUES ('400', '通讯录相关客户', '1', 'com.linkwechat.web.controller.wecom.WeUserController.add()', 'POST', '1', 'admin', null, '/wecom/user', '127.0.0.1', '内网IP', '{\"gender\":1,\"isLeaderInDept\":[\"undefined\"],\"enable\":1,\"id\":1316758063113441280,\"department\":[\"1\"],\"mobile\":\"18158873850\",\"updateTime\":1602774561085,\"params\":{},\"userId\":\"18158873850\",\"createTime\":1602774561085,\"name\":\"HTTT\",\"isActivate\":2}', 'null', '1', '{\"errcode\":60112,\"errmsg\":\"Warning: wrong json format. invalid name, hint: [1602774559_80_b5bd425dc5c7ea1127620a0babed7b33], from ip: 36.5.50.116, more info at https://open.work.weixin.qq.com/devtool/query?e=60112\"}', '2020-10-15 23:09:56');
INSERT INTO `sys_oper_log` VALUES ('401', '通讯录相关客户', '1', 'com.linkwechat.web.controller.wecom.WeUserController.add()', 'POST', '1', 'admin', null, '/wecom/user', '127.0.0.1', '内网IP', '{\"gender\":1,\"isLeaderInDept\":[\"undefined\"],\"enable\":1,\"id\":1316758693878042624,\"department\":[\"1\"],\"mobile\":\"18158873850\",\"updateTime\":1602774711468,\"params\":{},\"userId\":\"18158873850\",\"createTime\":1602774711468,\"name\":\"HMMM\",\"isActivate\":2}', 'null', '1', '{\"errcode\":60112,\"errmsg\":\"Warning: wrong json format. invalid name, hint: [1602774710_80_d6bcc1b85b9030646a341f427eaf9d71], from ip: 36.5.50.116, more info at https://open.work.weixin.qq.com/devtool/query?e=60112\"}', '2020-10-15 23:16:02');
INSERT INTO `sys_oper_log` VALUES ('402', '通讯录相关客户', '1', 'com.linkwechat.web.controller.wecom.WeUserController.add()', 'POST', '1', 'admin', null, '/wecom/user', '127.0.0.1', '内网IP', '{\"gender\":1,\"isLeaderInDept\":[\"undefined\"],\"enable\":1,\"id\":1316762099883577344,\"department\":[\"1\"],\"mobile\":\"18158873850\",\"updateTime\":1602775523523,\"params\":{},\"userId\":\"18158873850\",\"createTime\":1602775523523,\"name\":\"HM\",\"isActivate\":2}', 'null', '1', '{\"errcode\":60112,\"errmsg\":\"Warning: wrong json format. invalid name, hint: [1602775522_54_05de6ee16a01f7ddaac13cfa0ee70885], from ip: 36.5.50.116, more info at https://open.work.weixin.qq.com/devtool/query?e=60112\"}', '2020-10-15 23:25:22');
INSERT INTO `sys_oper_log` VALUES ('403', '企业微信客户同步接口', '3', 'com.linkwechat.web.controller.wecom.WeCustomerController.synchWeCustomer()', 'GET', '1', 'admin', null, '/wecom/customer/synchWeCustomer', '127.0.0.1', '内网IP', '{}', '{\"msg\":\"后台开始同步数据，请稍后关注进度\",\"code\":200}', '0', null, '2020-10-16 13:54:18');
INSERT INTO `sys_oper_log` VALUES ('404', '通讯录相关客户', '1', 'com.linkwechat.web.controller.wecom.WeUserController.add()', 'POST', '1', 'admin', null, '/wecom/user', '127.0.0.1', '内网IP', '{\"gender\":1,\"isLeaderInDept\":[\"undefined\"],\"enable\":1,\"id\":1317124490840379392,\"department\":[\"1\"],\"mobile\":\"18158873850\",\"updateTime\":1602861924256,\"params\":{},\"userId\":\"18158873850\",\"createTime\":1602861924256,\"name\":\"盛锡勇\",\"isActivate\":2}', 'null', '1', '{\"errcode\":60112,\"errmsg\":\"Warning: wrong json format. invalid name, hint: [1602861925_52_304692be236000ae09699eebd5dee766], from ip: 36.5.50.116, more info at https://open.work.weixin.qq.com/devtool/query?e=60112\"}', '2020-10-16 23:25:25');
INSERT INTO `sys_oper_log` VALUES ('405', '通讯录相关客户', '1', 'com.linkwechat.web.controller.wecom.WeUserController.add()', 'POST', '1', 'admin', null, '/wecom/user', '127.0.0.1', '内网IP', '{\"gender\":1,\"isLeaderInDept\":[\"undefined\"],\"enable\":1,\"id\":1317124887285993472,\"department\":[\"1\"],\"mobile\":\"18158873850\",\"updateTime\":1602862018782,\"params\":{},\"userId\":\"18158873850\",\"createTime\":1602862018782,\"name\":\"盛锡勇\",\"isActivate\":2}', 'null', '1', '{\"errcode\":60112,\"errmsg\":\"Warning: wrong json format. invalid name, hint: [1602862036_53_8890d43d05c1caa17d4731e4e2ff4270], from ip: 36.5.50.116, more info at https://open.work.weixin.qq.com/devtool/query?e=60112\"}', '2020-10-16 23:27:17');
INSERT INTO `sys_oper_log` VALUES ('406', '通讯录相关客户', '1', 'com.linkwechat.web.controller.wecom.WeUserController.add()', 'POST', '1', 'admin', null, '/wecom/user', '127.0.0.1', '内网IP', '{\"gender\":1,\"isLeaderInDept\":[\"undefined\"],\"enable\":1,\"id\":1317125509779427328,\"department\":[\"1\"],\"mobile\":\"18158873850\",\"updateTime\":1602862167197,\"params\":{},\"userId\":\"18158873850\",\"createTime\":1602862167197,\"name\":\"HaoN\",\"isActivate\":2}', 'null', '1', '{\"errcode\":60112,\"errmsg\":\"Warning: wrong json format. invalid name, hint: [1602862171_52_4aba9a361c76a324f08e52e6add0c4a7], from ip: 36.5.50.116, more info at https://open.work.weixin.qq.com/devtool/query?e=60112\"}', '2020-10-16 23:29:31');
INSERT INTO `sys_oper_log` VALUES ('407', '企业微信组织架构相关', '1', 'com.linkwechat.web.controller.wecom.WeDepartmentController.add()', 'POST', '1', 'admin', null, '/wecom/department', '127.0.0.1', '内网IP', '{\"createTime\":1602868077835,\"name\":\"开发部\",\"updateTime\":1602868077835,\"params\":{},\"parentId\":1}', 'null', '1', '\r\n### Error updating database.  Cause: java.sql.SQLException: Field \'id\' doesn\'t have a default value\r\n### The error may involve com.linkwechat.wecom.mapper.WeDepartmentMapper.insertWeDepartment-Inline\r\n### The error occurred while setting parameters\r\n### SQL: insert into we_department          ( name,             parent_id )           values ( ?,             ? )\r\n### Cause: java.sql.SQLException: Field \'id\' doesn\'t have a default value\n; Field \'id\' doesn\'t have a default value; nested exception is java.sql.SQLException: Field \'id\' doesn\'t have a default value', '2020-10-17 01:07:56');
INSERT INTO `sys_oper_log` VALUES ('408', '企业微信组织架构相关', '1', 'com.linkwechat.web.controller.wecom.WeDepartmentController.add()', 'POST', '1', 'admin', null, '/wecom/department', '127.0.0.1', '内网IP', '{\"createTime\":1602868196758,\"name\":\"开发部\",\"updateTime\":1602868196758,\"params\":{},\"parentId\":1}', 'null', '1', '\r\n### Error updating database.  Cause: java.sql.SQLException: Field \'id\' doesn\'t have a default value\r\n### The error may involve com.linkwechat.wecom.mapper.WeDepartmentMapper.insertWeDepartment-Inline\r\n### The error occurred while setting parameters\r\n### SQL: insert into we_department          ( name,             parent_id )           values ( ?,             ? )\r\n### Cause: java.sql.SQLException: Field \'id\' doesn\'t have a default value\n; Field \'id\' doesn\'t have a default value; nested exception is java.sql.SQLException: Field \'id\' doesn\'t have a default value', '2020-10-17 01:10:02');
INSERT INTO `sys_oper_log` VALUES ('409', '企业微信组织架构相关', '1', 'com.linkwechat.web.controller.wecom.WeDepartmentController.add()', 'POST', '1', 'admin', null, '/wecom/department', '127.0.0.1', '内网IP', '{\"createTime\":1602868478834,\"name\":\"开发部\",\"updateTime\":1602868478834,\"id\":1317151983509049344,\"params\":{},\"parentId\":1}', 'null', '1', '{\"errcode\":60001,\"errmsg\":\"Warning: wrong json format. department invalid length, hint: [1602868478_54_57292de8fbb20e01d3b232155e167aa8], from ip: 36.5.50.116, more info at https://open.work.weixin.qq.com/devtool/query?e=60001\"}', '2020-10-17 01:14:38');
INSERT INTO `sys_oper_log` VALUES ('410', '企业微信组织架构相关', '2', 'com.linkwechat.web.controller.wecom.WeDepartmentController.edit()', 'PUT', '1', 'admin', null, '/wecom/department', '127.0.0.1', '内网IP', '{\"createTime\":1602868186000,\"name\":\"总经办1\",\"updateTime\":1602868186000,\"id\":4294967295,\"params\":{},\"parentId\":1}', 'null', '1', '{\"errcode\":60003,\"errmsg\":\"Warning: wrong json format. department not found, hint: [1602868539_46_8f2c56c9aff2bf27f9a2cd8784dae1a1], from ip: 36.5.50.116, more info at https://open.work.weixin.qq.com/devtool/query?e=60003\"}', '2020-10-17 01:15:39');
INSERT INTO `sys_oper_log` VALUES ('411', '企业微信组织架构相关', '2', 'com.linkwechat.web.controller.wecom.WeDepartmentController.edit()', 'PUT', '1', 'admin', null, '/wecom/department', '127.0.0.1', '内网IP', '{\"createTime\":1602868186000,\"name\":\"总经办1\",\"updateTime\":1602868186000,\"id\":4294967295,\"params\":{},\"parentId\":1}', 'null', '1', '{\"errcode\":60003,\"errmsg\":\"Warning: wrong json format. department not found, hint: [1602868559_81_d2cb4d7e087b31b2f62bfc1fbc4f1fff], from ip: 36.5.50.116, more info at https://open.work.weixin.qq.com/devtool/query?e=60003\"}', '2020-10-17 01:15:59');
INSERT INTO `sys_oper_log` VALUES ('412', '企业微信组织架构相关', '1', 'com.linkwechat.web.controller.wecom.WeDepartmentController.add()', 'POST', '1', 'admin', null, '/wecom/department', '127.0.0.1', '内网IP', '{\"createTime\":1602868686678,\"name\":\"TTT\",\"updateTime\":1602868686678,\"id\":1317152854523383808,\"params\":{},\"parentId\":1}', 'null', '1', '{\"errcode\":60001,\"errmsg\":\"Warning: wrong json format. department invalid length, hint: [1602868685_81_a76e2402dce476136897b9a2d6cc52a8], from ip: 36.5.50.116, more info at https://open.work.weixin.qq.com/devtool/query?e=60001\"}', '2020-10-17 01:18:05');
INSERT INTO `sys_oper_log` VALUES ('413', '企业微信组织架构相关', '1', 'com.linkwechat.web.controller.wecom.WeDepartmentController.add()', 'POST', '1', 'admin', null, '/wecom/department', '127.0.0.1', '内网IP', '{\"createTime\":1602868789682,\"name\":\"RRR\",\"updateTime\":1602868789682,\"id\":1317153287048400896,\"params\":{},\"parentId\":1}', 'null', '1', '{\"errcode\":60001,\"errmsg\":\"Warning: wrong json format. department invalid length, hint: [1602868788_52_0e03bc4f42793dcfd497f4f75f7e970c], from ip: 36.5.50.116, more info at https://open.work.weixin.qq.com/devtool/query?e=60001\"}', '2020-10-17 01:19:48');
INSERT INTO `sys_oper_log` VALUES ('414', '企业微信组织架构相关', '1', 'com.linkwechat.web.controller.wecom.WeDepartmentController.add()', 'POST', '1', 'admin', null, '/wecom/department', '127.0.0.1', '内网IP', '{\"createTime\":1602868921330,\"name\":\"开发部\",\"updateTime\":1602868921330,\"id\":1317153839232716800,\"params\":{},\"parentId\":1}', 'null', '1', '{\"errcode\":60008,\"errmsg\":\"Warning: wrong json format. department existed, hint: [1602868920_81_ddcd72310d972be7fb02fbf459902a7a], from ip: 36.5.50.116, more info at https://open.work.weixin.qq.com/devtool/query?e=60008\"}', '2020-10-17 01:22:00');
INSERT INTO `sys_oper_log` VALUES ('415', '企业微信组织架构相关', '1', 'com.linkwechat.web.controller.wecom.WeDepartmentController.add()', 'POST', '1', 'admin', null, '/wecom/department', '127.0.0.1', '内网IP', '{\"createTime\":1602868969704,\"name\":\"美工部\",\"updateTime\":1602868969704,\"id\":1317154041679187968,\"params\":{},\"parentId\":1}', 'null', '1', '{\"errcode\":60008,\"errmsg\":\"Warning: wrong json format. department existed, hint: [1602868968_56_5257f1b64af0b3e28ff09a341e9335db], from ip: 36.5.50.116, more info at https://open.work.weixin.qq.com/devtool/query?e=60008\"}', '2020-10-17 01:22:48');
INSERT INTO `sys_oper_log` VALUES ('416', '企业微信组织架构相关', '1', 'com.linkwechat.web.controller.wecom.WeDepartmentController.add()', 'POST', '1', 'admin', null, '/wecom/department', '127.0.0.1', '内网IP', '{\"createTime\":1602868999138,\"name\":\"编辑部\",\"updateTime\":1602868999138,\"id\":1317154165104971776,\"params\":{},\"parentId\":1}', 'null', '1', '{\"errcode\":60008,\"errmsg\":\"Warning: wrong json format. department existed, hint: [1602868997_80_df7806e6a47e485f3d7706eb01fc33da], from ip: 36.5.50.116, more info at https://open.work.weixin.qq.com/devtool/query?e=60008\"}', '2020-10-17 01:23:17');
INSERT INTO `sys_oper_log` VALUES ('417', '企业微信组织架构相关', '2', 'com.linkwechat.web.controller.wecom.WeDepartmentController.edit()', 'PUT', '1', 'admin', null, '/wecom/department', '127.0.0.1', '内网IP', '{\"createTime\":1602869007000,\"name\":\"总经办1\",\"updateTime\":1602869007000,\"id\":4294967295,\"params\":{},\"parentId\":1}', '{\"msg\":\"操作成功\",\"code\":200}', '0', null, '2020-10-17 01:23:30');
INSERT INTO `sys_oper_log` VALUES ('418', '通讯录相关客户', '1', 'com.linkwechat.web.controller.wecom.WeUserController.add()', 'POST', '1', 'admin', null, '/wecom/user', '127.0.0.1', '内网IP', '{\"birthday\":1602000000000,\"gender\":1,\"idCard\":\"340123199503212590\",\"qqAccount\":\"1539136324\",\"isLeaderInDept\":[\"0\"],\"enable\":1,\"alias\":\"HaoN\",\"id\":1317155822161235968,\"department\":[\"4294967295\"],\"email\":\"1539136324@qq.com\",\"address\":\"安徽省合肥市肥东县\",\"wxAccount\":\"HaoNSheng\",\"joinTime\":1602691200000,\"mobile\":\"18158873850\",\"telephone\":\"055167654683\",\"updateTime\":1602869394232,\"params\":{},\"userId\":\"18158873850\",\"createTime\":1602869394232,\"name\":\"盛锡勇\",\"position\":\"JAVA开工工程师\",\"isActivate\":2}', '{\"msg\":\"操作成功\",\"code\":200}', '0', null, '2020-10-17 01:29:53');
INSERT INTO `sys_oper_log` VALUES ('419', '企业微信组织架构相关', '2', 'com.linkwechat.web.controller.wecom.WeDepartmentController.edit()', 'PUT', '1', 'admin', null, '/wecom/department', '127.0.0.1', '内网IP', '{\"createTime\":1602869012000,\"name\":\"总经办\",\"updateTime\":1602869012000,\"id\":4294967295,\"params\":{},\"parentId\":1}', '{\"msg\":\"操作成功\",\"code\":200}', '0', null, '2020-10-17 01:30:36');
INSERT INTO `sys_oper_log` VALUES ('420', '更新通讯录客户', '2', 'com.linkwechat.web.controller.wecom.WeUserController.edit()', 'PUT', '1', 'admin', null, '/wecom/user', '127.0.0.1', '内网IP', '{\"gender\":1,\"isLeaderInDept\":[\"0\"],\"enable\":1,\"alias\":\"HaoN\",\"id\":1317156386995572748,\"department\":[\"4294967295\"],\"email\":\"1539136324@qq.com\",\"address\":\"安徽省合肥市肥东县\",\"mobile\":\"18158873850\",\"telephone\":\"055167654683\",\"updateTime\":1602869802000,\"params\":{},\"userId\":\"18158873850\",\"createTime\":1602869802000,\"name\":\"盛锡勇\",\"position\":\"JAVA开工工程师\",\"isActivate\":2}', '{\"msg\":\"操作成功\",\"code\":200}', '0', null, '2020-10-17 01:37:55');
INSERT INTO `sys_oper_log` VALUES ('421', '更新通讯录客户', '2', 'com.linkwechat.web.controller.wecom.WeUserController.edit()', 'PUT', '1', 'admin', null, '/wecom/user', '127.0.0.1', '内网IP', '{\"gender\":1,\"isLeaderInDept\":[\"0\"],\"enable\":1,\"alias\":\"HaoN\",\"id\":1317156386995572748,\"department\":[\"4294967295\"],\"email\":\"1539136324@qq.com\",\"address\":\"安徽省合肥市肥东县\",\"wxAccount\":\"18158873850\",\"mobile\":\"18158873850\",\"telephone\":\"055167654683\",\"updateTime\":1602900951000,\"params\":{},\"userId\":\"18158873850\",\"createTime\":1602900951000,\"name\":\"盛锡勇\",\"position\":\"JAVA开工工程师\",\"isActivate\":2}', '{\"msg\":\"操作成功\",\"code\":200}', '0', null, '2020-10-17 10:16:14');
INSERT INTO `sys_oper_log` VALUES ('422', '更新通讯录客户', '2', 'com.linkwechat.web.controller.wecom.WeUserController.edit()', 'PUT', '1', 'admin', null, '/wecom/user', '127.0.0.1', '内网IP', '{\"gender\":1,\"isLeaderInDept\":[\"0\"],\"enable\":1,\"alias\":\"HaoN\",\"id\":1317156386995572748,\"department\":[\"4294967295\"],\"email\":\"1539136324@qq.com\",\"address\":\"安徽省合肥市肥东县\",\"wxAccount\":\"18158873850\",\"joinTime\":1602172800000,\"mobile\":\"18158873850\",\"telephone\":\"055167654683\",\"updateTime\":1602900975000,\"params\":{},\"userId\":\"18158873850\",\"createTime\":1602900975000,\"name\":\"盛锡勇\",\"position\":\"JAVA开工工程师\",\"isActivate\":2}', '{\"msg\":\"操作成功\",\"code\":200}', '0', null, '2020-10-17 10:16:34');
INSERT INTO `sys_oper_log` VALUES ('423', '更新通讯录客户', '2', 'com.linkwechat.web.controller.wecom.WeUserController.edit()', 'PUT', '1', 'admin', null, '/wecom/user', '127.0.0.1', '内网IP', '{\"gender\":1,\"isLeaderInDept\":[\"0\"],\"enable\":1,\"alias\":\"HaoN\",\"id\":1317294378229829643,\"department\":[\"4294967295\"],\"email\":\"1539136324@qq.com\",\"address\":\"安徽省合肥市肥东县\",\"wxAccount\":\"HaoNSheng\",\"mobile\":\"18158873850\",\"telephone\":\"055167654683\",\"updateTime\":1602902440000,\"params\":{},\"userId\":\"18158873850\",\"createTime\":1602902440000,\"name\":\"盛锡勇\",\"position\":\"JAVA开工工程师\",\"isActivate\":2}', '{\"msg\":\"操作成功\",\"code\":200}', '0', null, '2020-10-17 10:40:54');
INSERT INTO `sys_oper_log` VALUES ('424', '更新通讯录客户', '2', 'com.linkwechat.web.controller.wecom.WeUserController.edit()', 'PUT', '1', 'admin', null, '/wecom/user', '127.0.0.1', '内网IP', '{\"gender\":1,\"isLeaderInDept\":[\"0\"],\"enable\":1,\"alias\":\"HaoN\",\"id\":1317294378229829643,\"department\":[\"4294967295\"],\"email\":\"1539136324@qq.com\",\"address\":\"安徽省合肥市肥东县\",\"wxAccount\":\"HaoNSheng\",\"joinTime\":1603468800000,\"mobile\":\"18158873850\",\"telephone\":\"055167654683\",\"updateTime\":1602902454000,\"params\":{},\"userId\":\"18158873850\",\"createTime\":1602902454000,\"name\":\"盛锡勇\",\"position\":\"JAVA开工工程师\",\"isActivate\":2}', '{\"msg\":\"操作成功\",\"code\":200}', '0', null, '2020-10-17 10:41:04');
INSERT INTO `sys_oper_log` VALUES ('425', '更新通讯录客户', '2', 'com.linkwechat.web.controller.wecom.WeUserController.edit()', 'PUT', '1', 'admin', null, '/wecom/user', '127.0.0.1', '内网IP', '{\"gender\":1,\"isLeaderInDept\":[\"0\"],\"enable\":1,\"alias\":\"HaoN\",\"id\":1317294597587734537,\"department\":[\"4294967295\"],\"email\":\"1539136324@qq.com\",\"address\":\"安徽省合肥市肥东县\",\"joinTime\":1602864000000,\"mobile\":\"18158873850\",\"telephone\":\"055167654683\",\"updateTime\":1602902579000,\"params\":{},\"userId\":\"18158873850\",\"createTime\":1602902579000,\"name\":\"盛锡勇\",\"position\":\"JAVA开工工程师\",\"isActivate\":2}', '{\"msg\":\"操作成功\",\"code\":200}', '0', null, '2020-10-17 10:43:10');
INSERT INTO `sys_oper_log` VALUES ('426', '更新通讯录客户', '2', 'com.linkwechat.web.controller.wecom.WeUserController.edit()', 'PUT', '1', 'admin', null, '/wecom/user', '127.0.0.1', '内网IP', '{\"gender\":1,\"isLeaderInDept\":[\"0\"],\"enable\":1,\"alias\":\"HaoN\",\"id\":1317295680842240007,\"department\":[\"4294967295\"],\"email\":\"1539136324@qq.com\",\"address\":\"安徽省合肥市肥东县\",\"joinTime\":1602864000000,\"mobile\":\"18158873850\",\"telephone\":\"055167654683\",\"updateTime\":1602902774000,\"params\":{},\"userId\":\"18158873850\",\"createTime\":1602902774000,\"name\":\"盛锡勇\",\"position\":\"JAVA开工工程师\",\"isActivate\":2}', '{\"msg\":\"操作成功\",\"code\":200}', '0', null, '2020-10-17 10:46:21');
INSERT INTO `sys_oper_log` VALUES ('427', '更新通讯录客户', '2', 'com.linkwechat.web.controller.wecom.WeUserController.edit()', 'PUT', '1', 'admin', null, '/wecom/user', '127.0.0.1', '内网IP', '{\"gender\":1,\"isLeaderInDept\":[\"0\"],\"enable\":1,\"alias\":\"HaoN\",\"id\":1317295680842240007,\"department\":[\"4294967295\"],\"email\":\"1539136324@qq.com\",\"address\":\"安徽省合肥市肥东县\",\"joinTime\":1602777600000,\"mobile\":\"18158873850\",\"telephone\":\"055167654683\",\"updateTime\":1602902968000,\"params\":{},\"userId\":\"18158873850\",\"createTime\":1602902968000,\"name\":\"盛锡勇\",\"position\":\"JAVA开工工程师\",\"isActivate\":2}', '{\"msg\":\"操作成功\",\"code\":200}', '0', null, '2020-10-17 10:49:36');
INSERT INTO `sys_oper_log` VALUES ('428', '标签组', '2', 'com.linkwechat.web.controller.wecom.WeTagGroupController.edit()', 'PUT', '1', 'admin', null, '/wecom/group', '127.0.0.1', '内网IP', '{\"weTags\":[{\"groupId\":1309836214345535488,\"updateTime\":1602903425000,\"params\":{},\"createTime\":1602903425000,\"name\":\"上德若谷\",\"id\":1309836214345535489},{\"updateTime\":1602905732447,\"params\":{},\"createTime\":1602905732447,\"name\":\"rrr\",\"id\":1317308235681763328}],\"updateTime\":1602903425000,\"params\":{},\"gourpName\":\"是各色\",\"createTime\":1601124264000,\"id\":1309836214345535488}', '{\"msg\":\"操作成功\",\"code\":200}', '0', null, '2020-10-17 11:35:32');
INSERT INTO `sys_oper_log` VALUES ('429', '标签组', '1', 'com.linkwechat.web.controller.wecom.WeTagGroupController.add()', 'POST', '1', 'admin', null, '/wecom/group', '127.0.0.1', '内网IP', '{\"weTags\":[{\"groupId\":1317314690765950976,\"updateTime\":1602907271459,\"params\":{},\"createTime\":1602907271459,\"name\":\"OO7\",\"id\":1317314690765950977}],\"updateTime\":1602907271459,\"params\":{},\"gourpName\":\"客户分组\",\"createTime\":1602907271459,\"id\":1317314690765950976}', 'null', '1', '', '2020-10-17 12:01:11');
INSERT INTO `sys_oper_log` VALUES ('430', '标签组', '1', 'com.linkwechat.web.controller.wecom.WeTagGroupController.add()', 'POST', '1', 'admin', null, '/wecom/group', '127.0.0.1', '内网IP', '{\"weTags\":[{\"groupId\":1317315232892325888,\"updateTime\":1602907400712,\"params\":{},\"createTime\":1602907400712,\"name\":\"OO7\",\"id\":1317315232892325889}],\"updateTime\":1602907400710,\"params\":{},\"gourpName\":\"客户分组\",\"createTime\":1602907400710,\"id\":1317315232892325888}', 'null', '1', 'com.dtflys.forest.exceptions.ForestRuntimeException: com.alibaba.fastjson.JSONException: default constructor not found. class com.linkwechat.wecom.domain.dto.WeCropGroupTagDto', '2020-10-17 12:03:20');
INSERT INTO `sys_oper_log` VALUES ('431', '标签组', '1', 'com.linkwechat.web.controller.wecom.WeTagGroupController.add()', 'POST', '1', 'admin', null, '/wecom/group', '127.0.0.1', '内网IP', '{\"weTags\":[{\"groupId\":1317315672971284480,\"updateTime\":1602907505635,\"params\":{},\"createTime\":1602907505635,\"name\":\"OO7\",\"id\":1317315672971284481}],\"updateTime\":1602907505633,\"params\":{},\"gourpName\":\"客户分组\",\"createTime\":1602907505633,\"id\":1317315672971284480}', 'null', '1', 'com.dtflys.forest.exceptions.ForestRuntimeException: com.alibaba.fastjson.JSONException: default constructor not found. class com.linkwechat.wecom.domain.dto.WeCropGroupTagDto', '2020-10-17 12:05:11');
INSERT INTO `sys_oper_log` VALUES ('432', '标签组', '1', 'com.linkwechat.web.controller.wecom.WeTagGroupController.add()', 'POST', '1', 'admin', null, '/wecom/group', '127.0.0.1', '内网IP', '{\"weTags\":[{\"groupId\":1317316089088184320,\"updateTime\":1602907604845,\"params\":{},\"createTime\":1602907604845,\"name\":\"OO7\",\"id\":1317316089088184321}],\"updateTime\":1602907604842,\"params\":{},\"gourpName\":\"客户分组\",\"createTime\":1602907604842,\"id\":1317316089088184320}', 'null', '1', '{\"errcode\":41018,\"errmsg\":\"missing tagname, hint: [1602907610_106_6fa590e38c807ef0ded3c70dcdc62008], from ip: 36.5.50.116, more info at https://open.work.weixin.qq.com/devtool/query?e=41018\"}', '2020-10-17 12:06:50');
INSERT INTO `sys_oper_log` VALUES ('433', '标签组', '1', 'com.linkwechat.web.controller.wecom.WeTagGroupController.add()', 'POST', '1', 'admin', null, '/wecom/group', '127.0.0.1', '内网IP', '{\"weTags\":[{\"groupId\":1317316634771329024,\"updateTime\":1602907734946,\"params\":{},\"createTime\":1602907734946,\"name\":\"OO7\",\"id\":1317316634771329025}],\"updateTime\":1602907734943,\"params\":{},\"gourpName\":\"客户分组\",\"createTime\":1602907734943,\"id\":1317316634771329024}', 'null', '1', '{\"errcode\":41018,\"errmsg\":\"missing tagname, hint: [1602907768_106_c9f3f5a7d95698ebda125409b5351b6a], from ip: 36.5.50.116, more info at https://open.work.weixin.qq.com/devtool/query?e=41018\"}', '2020-10-17 12:09:28');
INSERT INTO `sys_oper_log` VALUES ('434', '标签组', '1', 'com.linkwechat.web.controller.wecom.WeTagGroupController.add()', 'POST', '1', 'admin', null, '/wecom/group', '127.0.0.1', '内网IP', '{\"weTags\":[{\"groupId\":1317317210062065664,\"updateTime\":1602907872106,\"params\":{},\"createTime\":1602907872106,\"name\":\"OO7\",\"id\":1317317210062065665}],\"updateTime\":1602907872103,\"params\":{},\"gourpName\":\"客户分组\",\"createTime\":1602907872103,\"id\":1317317210062065664}', 'null', '1', '{\"errcode\":48002,\"errmsg\":\"api forbidden, hint: [1602907872_106_23db6f3c2d1213a6e0172a4831563006], from ip: 36.5.50.116, more info at https://open.work.weixin.qq.com/devtool/query?e=48002\"}', '2020-10-17 12:11:12');
INSERT INTO `sys_oper_log` VALUES ('435', '标签组', '1', 'com.linkwechat.web.controller.wecom.WeTagGroupController.add()', 'POST', '1', 'admin', null, '/wecom/group', '127.0.0.1', '内网IP', '{\"weTags\":[{\"groupId\":1317317844194693120,\"updateTime\":1602908023295,\"params\":{},\"createTime\":1602908023295,\"name\":\"OO7\",\"id\":1317317844194693121}],\"updateTime\":1602908023292,\"params\":{},\"gourpName\":\"客户分组\",\"createTime\":1602908023292,\"id\":1317317844194693120}', 'null', '1', '{\"errcode\":48002,\"errmsg\":\"api forbidden, hint: [1602908023_99_a6adcdcd82970c59e5d41adca0a68461], from ip: 36.5.50.116, more info at https://open.work.weixin.qq.com/devtool/query?e=48002\"}', '2020-10-17 12:13:43');
INSERT INTO `sys_oper_log` VALUES ('436', '标签组', '1', 'com.linkwechat.web.controller.wecom.WeTagGroupController.add()', 'POST', '1', 'admin', null, '/wecom/group', '127.0.0.1', '内网IP', '{\"weTags\":[{\"groupId\":1317318075581861888,\"updateTime\":1602908078462,\"params\":{},\"createTime\":1602908078462,\"name\":\"TTTTTT\",\"id\":1317318075581861889}],\"updateTime\":1602908078462,\"params\":{},\"gourpName\":\"TTT\",\"createTime\":1602908078462,\"id\":1317318075581861888}', 'null', '1', '{\"errcode\":48002,\"errmsg\":\"api forbidden, hint: [1602908078_106_890987a7a37eb4e90f37eaa82dbbbf2f], from ip: 36.5.50.116, more info at https://open.work.weixin.qq.com/devtool/query?e=48002\"}', '2020-10-17 12:14:38');
INSERT INTO `sys_oper_log` VALUES ('437', '标签组', '1', 'com.linkwechat.web.controller.wecom.WeTagGroupController.add()', 'POST', '1', 'admin', null, '/wecom/group', '127.0.0.1', '内网IP', '{\"weTags\":[{\"groupId\":1317318487600926720,\"updateTime\":1602908176695,\"params\":{},\"createTime\":1602908176695,\"name\":\"TTTTTT\",\"id\":1317318487600926721}],\"updateTime\":1602908176695,\"params\":{},\"gourpName\":\"TTT\",\"createTime\":1602908176695,\"id\":1317318487600926720}', 'null', '1', '{\"errcode\":48002,\"errmsg\":\"api forbidden, hint: [1602908176_98_daa776cc2811ba303cd7d19746f7f89b], from ip: 36.5.50.116, more info at https://open.work.weixin.qq.com/devtool/query?e=48002\"}', '2020-10-17 12:16:16');
INSERT INTO `sys_oper_log` VALUES ('438', '标签组', '1', 'com.linkwechat.web.controller.wecom.WeTagGroupController.add()', 'POST', '1', 'admin', null, '/wecom/group', '127.0.0.1', '内网IP', '{\"weTags\":[{\"groupId\":1317318492508262400,\"updateTime\":1602908177865,\"params\":{},\"createTime\":1602908177865,\"name\":\"TTTTTT\",\"id\":1317318492508262401}],\"updateTime\":1602908177865,\"params\":{},\"gourpName\":\"TTT\",\"createTime\":1602908177865,\"id\":1317318492508262400}', 'null', '1', '{\"errcode\":48002,\"errmsg\":\"api forbidden, hint: [1602908177_99_0dede2816c0669c295564328ec1f3551], from ip: 36.5.50.116, more info at https://open.work.weixin.qq.com/devtool/query?e=48002\"}', '2020-10-17 12:16:17');
INSERT INTO `sys_oper_log` VALUES ('439', '标签组', '1', 'com.linkwechat.web.controller.wecom.WeTagGroupController.add()', 'POST', '1', 'admin', null, '/wecom/group', '127.0.0.1', '内网IP', '{\"weTags\":[{\"groupId\":1317318494743826432,\"updateTime\":1602908178398,\"params\":{},\"createTime\":1602908178398,\"name\":\"TTTTTT\",\"id\":1317318494743826433}],\"updateTime\":1602908178398,\"params\":{},\"gourpName\":\"TTT\",\"createTime\":1602908178398,\"id\":1317318494743826432}', 'null', '1', '{\"errcode\":48002,\"errmsg\":\"api forbidden, hint: [1602908177_107_d51656fae49d5deeed70e993425e402e], from ip: 36.5.50.116, more info at https://open.work.weixin.qq.com/devtool/query?e=48002\"}', '2020-10-17 12:16:18');
INSERT INTO `sys_oper_log` VALUES ('440', '标签组', '1', 'com.linkwechat.web.controller.wecom.WeTagGroupController.add()', 'POST', '1', 'admin', null, '/wecom/group', '127.0.0.1', '内网IP', '{\"weTags\":[{\"groupId\":1317318495549132800,\"updateTime\":1602908178590,\"params\":{},\"createTime\":1602908178590,\"name\":\"TTTTTT\",\"id\":1317318495549132801}],\"updateTime\":1602908178590,\"params\":{},\"gourpName\":\"TTT\",\"createTime\":1602908178590,\"id\":1317318495549132800}', 'null', '1', '{\"errcode\":48002,\"errmsg\":\"api forbidden, hint: [1602908178_106_388ebcce6a2b7498d34fc3636698f452], from ip: 36.5.50.116, more info at https://open.work.weixin.qq.com/devtool/query?e=48002\"}', '2020-10-17 12:16:18');
INSERT INTO `sys_oper_log` VALUES ('441', '标签组', '1', 'com.linkwechat.web.controller.wecom.WeTagGroupController.add()', 'POST', '1', 'admin', null, '/wecom/group', '127.0.0.1', '内网IP', '{\"weTags\":[{\"groupId\":1317318496383799296,\"updateTime\":1602908178789,\"params\":{},\"createTime\":1602908178789,\"name\":\"TTTTTT\",\"id\":1317318496383799297}],\"updateTime\":1602908178789,\"params\":{},\"gourpName\":\"TTT\",\"createTime\":1602908178789,\"id\":1317318496383799296}', 'null', '1', '{\"errcode\":48002,\"errmsg\":\"api forbidden, hint: [1602908178_107_83cbd90e409083994f635eabba513574], from ip: 36.5.50.116, more info at https://open.work.weixin.qq.com/devtool/query?e=48002\"}', '2020-10-17 12:16:18');
INSERT INTO `sys_oper_log` VALUES ('442', '标签组', '1', 'com.linkwechat.web.controller.wecom.WeTagGroupController.add()', 'POST', '1', 'admin', null, '/wecom/group', '127.0.0.1', '内网IP', '{\"weTags\":[{\"groupId\":1317318497193299968,\"updateTime\":1602908178982,\"params\":{},\"createTime\":1602908178982,\"name\":\"TTTTTT\",\"id\":1317318497193299969}],\"updateTime\":1602908178982,\"params\":{},\"gourpName\":\"TTT\",\"createTime\":1602908178982,\"id\":1317318497193299968}', 'null', '1', '{\"errcode\":48002,\"errmsg\":\"api forbidden, hint: [1602908178_99_df064715811fd950b829bd4097eb678a], from ip: 36.5.50.116, more info at https://open.work.weixin.qq.com/devtool/query?e=48002\"}', '2020-10-17 12:16:18');
INSERT INTO `sys_oper_log` VALUES ('443', '标签组', '1', 'com.linkwechat.web.controller.wecom.WeTagGroupController.add()', 'POST', '1', 'admin', null, '/wecom/group', '127.0.0.1', '内网IP', '{\"weTags\":[{\"groupId\":1317318498040549376,\"updateTime\":1602908179184,\"params\":{},\"createTime\":1602908179184,\"name\":\"TTTTTT\",\"id\":1317318498040549377}],\"updateTime\":1602908179184,\"params\":{},\"gourpName\":\"TTT\",\"createTime\":1602908179184,\"id\":1317318498040549376}', 'null', '1', '{\"errcode\":48002,\"errmsg\":\"api forbidden, hint: [1602908178_99_97eca9835a8dec93122d0438b71a310d], from ip: 36.5.50.116, more info at https://open.work.weixin.qq.com/devtool/query?e=48002\"}', '2020-10-17 12:16:18');
INSERT INTO `sys_oper_log` VALUES ('444', '标签组', '1', 'com.linkwechat.web.controller.wecom.WeTagGroupController.add()', 'POST', '1', 'admin', null, '/wecom/group', '127.0.0.1', '内网IP', '{\"weTags\":[{\"groupId\":1317318498912964608,\"updateTime\":1602908179392,\"params\":{},\"createTime\":1602908179392,\"name\":\"TTTTTT\",\"id\":1317318498912964609}],\"updateTime\":1602908179392,\"params\":{},\"gourpName\":\"TTT\",\"createTime\":1602908179392,\"id\":1317318498912964608}', 'null', '1', '{\"errcode\":48002,\"errmsg\":\"api forbidden, hint: [1602908178_99_e70746a46a95e5d7f16f0aa63a115e5e], from ip: 36.5.50.116, more info at https://open.work.weixin.qq.com/devtool/query?e=48002\"}', '2020-10-17 12:16:19');
INSERT INTO `sys_oper_log` VALUES ('445', '标签组', '1', 'com.linkwechat.web.controller.wecom.WeTagGroupController.add()', 'POST', '1', 'admin', null, '/wecom/group', '127.0.0.1', '内网IP', '{\"weTags\":[{\"groupId\":1317318499705688064,\"updateTime\":1602908179581,\"params\":{},\"createTime\":1602908179581,\"name\":\"TTTTTT\",\"id\":1317318499705688065}],\"updateTime\":1602908179581,\"params\":{},\"gourpName\":\"TTT\",\"createTime\":1602908179581,\"id\":1317318499705688064}', 'null', '1', '{\"errcode\":48002,\"errmsg\":\"api forbidden, hint: [1602908179_99_462fb19b10f7a9b305d40b05aeca4c63], from ip: 36.5.50.116, more info at https://open.work.weixin.qq.com/devtool/query?e=48002\"}', '2020-10-17 12:16:19');
INSERT INTO `sys_oper_log` VALUES ('446', '标签组', '1', 'com.linkwechat.web.controller.wecom.WeTagGroupController.add()', 'POST', '1', 'admin', null, '/wecom/group', '127.0.0.1', '内网IP', '{\"weTags\":[{\"groupId\":1317318500578103296,\"updateTime\":1602908179789,\"params\":{},\"createTime\":1602908179789,\"name\":\"TTTTTT\",\"id\":1317318500578103297}],\"updateTime\":1602908179789,\"params\":{},\"gourpName\":\"TTT\",\"createTime\":1602908179789,\"id\":1317318500578103296}', 'null', '1', '{\"errcode\":48002,\"errmsg\":\"api forbidden, hint: [1602908179_100_d873b89b05ec63bbe8c129d951579ac3], from ip: 36.5.50.116, more info at https://open.work.weixin.qq.com/devtool/query?e=48002\"}', '2020-10-17 12:16:19');
INSERT INTO `sys_oper_log` VALUES ('447', '标签组', '1', 'com.linkwechat.web.controller.wecom.WeTagGroupController.add()', 'POST', '1', 'admin', null, '/wecom/group', '127.0.0.1', '内网IP', '{\"weTags\":[{\"groupId\":1317318501341466624,\"updateTime\":1602908179971,\"params\":{},\"createTime\":1602908179971,\"name\":\"TTTTTT\",\"id\":1317318501341466625}],\"updateTime\":1602908179971,\"params\":{},\"gourpName\":\"TTT\",\"createTime\":1602908179971,\"id\":1317318501341466624}', 'null', '1', '{\"errcode\":48002,\"errmsg\":\"api forbidden, hint: [1602908179_107_0197659437da5daa6dffa4f075f2fd8a], from ip: 36.5.50.116, more info at https://open.work.weixin.qq.com/devtool/query?e=48002\"}', '2020-10-17 12:16:19');
INSERT INTO `sys_oper_log` VALUES ('448', '标签组', '1', 'com.linkwechat.web.controller.wecom.WeTagGroupController.add()', 'POST', '1', 'admin', null, '/wecom/group', '127.0.0.1', '内网IP', '{\"weTags\":[{\"groupId\":1317318502285185024,\"updateTime\":1602908180196,\"params\":{},\"createTime\":1602908180196,\"name\":\"TTTTTT\",\"id\":1317318502285185025}],\"updateTime\":1602908180196,\"params\":{},\"gourpName\":\"TTT\",\"createTime\":1602908180196,\"id\":1317318502285185024}', 'null', '1', '{\"errcode\":48002,\"errmsg\":\"api forbidden, hint: [1602908179_106_e47542bccb3a9e04c629c951aa02fc5f], from ip: 36.5.50.116, more info at https://open.work.weixin.qq.com/devtool/query?e=48002\"}', '2020-10-17 12:16:19');
INSERT INTO `sys_oper_log` VALUES ('449', '标签组', '1', 'com.linkwechat.web.controller.wecom.WeTagGroupController.add()', 'POST', '1', 'admin', null, '/wecom/group', '127.0.0.1', '内网IP', '{\"weTags\":[{\"groupId\":1317318503111462912,\"updateTime\":1602908180393,\"params\":{},\"createTime\":1602908180393,\"name\":\"TTTTTT\",\"id\":1317318503111462913}],\"updateTime\":1602908180393,\"params\":{},\"gourpName\":\"TTT\",\"createTime\":1602908180393,\"id\":1317318503111462912}', 'null', '1', '{\"errcode\":48002,\"errmsg\":\"api forbidden, hint: [1602908179_99_272203f78a3b55c03ebc83bc7b891ab3], from ip: 36.5.50.116, more info at https://open.work.weixin.qq.com/devtool/query?e=48002\"}', '2020-10-17 12:16:20');
INSERT INTO `sys_oper_log` VALUES ('450', '标签组', '1', 'com.linkwechat.web.controller.wecom.WeTagGroupController.add()', 'POST', '1', 'admin', null, '/wecom/group', '127.0.0.1', '内网IP', '{\"weTags\":[{\"groupId\":1317318504055181312,\"updateTime\":1602908180619,\"params\":{},\"createTime\":1602908180619,\"name\":\"TTTTTT\",\"id\":1317318504059375616}],\"updateTime\":1602908180618,\"params\":{},\"gourpName\":\"TTT\",\"createTime\":1602908180618,\"id\":1317318504055181312}', 'null', '1', '{\"errcode\":48002,\"errmsg\":\"api forbidden, hint: [1602908180_98_152b57112357202ad10df800f4a2dca3], from ip: 36.5.50.116, more info at https://open.work.weixin.qq.com/devtool/query?e=48002\"}', '2020-10-17 12:16:20');
INSERT INTO `sys_oper_log` VALUES ('451', '标签组', '1', 'com.linkwechat.web.controller.wecom.WeTagGroupController.add()', 'POST', '1', 'admin', null, '/wecom/group', '127.0.0.1', '内网IP', '{\"weTags\":[{\"groupId\":1317318504986316800,\"updateTime\":1602908180840,\"params\":{},\"createTime\":1602908180840,\"name\":\"TTTTTT\",\"id\":1317318504986316801}],\"updateTime\":1602908180840,\"params\":{},\"gourpName\":\"TTT\",\"createTime\":1602908180840,\"id\":1317318504986316800}', 'null', '1', '{\"errcode\":48002,\"errmsg\":\"api forbidden, hint: [1602908180_100_7c61031b293de5a8ef9ea86dfe5cb918], from ip: 36.5.50.116, more info at https://open.work.weixin.qq.com/devtool/query?e=48002\"}', '2020-10-17 12:16:20');
INSERT INTO `sys_oper_log` VALUES ('452', '标签组', '1', 'com.linkwechat.web.controller.wecom.WeTagGroupController.add()', 'POST', '1', 'admin', null, '/wecom/group', '127.0.0.1', '内网IP', '{\"weTags\":[{\"groupId\":1317318505867120640,\"updateTime\":1602908181050,\"params\":{},\"createTime\":1602908181050,\"name\":\"TTTTTT\",\"id\":1317318505867120641}],\"updateTime\":1602908181050,\"params\":{},\"gourpName\":\"TTT\",\"createTime\":1602908181050,\"id\":1317318505867120640}', 'null', '1', '{\"errcode\":48002,\"errmsg\":\"api forbidden, hint: [1602908180_106_d5857351dc73aad4e0774e29a795c900], from ip: 36.5.50.116, more info at https://open.work.weixin.qq.com/devtool/query?e=48002\"}', '2020-10-17 12:16:20');
INSERT INTO `sys_oper_log` VALUES ('453', '标签组', '1', 'com.linkwechat.web.controller.wecom.WeTagGroupController.add()', 'POST', '1', 'admin', null, '/wecom/group', '127.0.0.1', '内网IP', '{\"weTags\":[{\"groupId\":1317318506764701696,\"updateTime\":1602908181264,\"params\":{},\"createTime\":1602908181264,\"name\":\"TTTTTT\",\"id\":1317318506764701697}],\"updateTime\":1602908181264,\"params\":{},\"gourpName\":\"TTT\",\"createTime\":1602908181264,\"id\":1317318506764701696}', 'null', '1', '{\"errcode\":48002,\"errmsg\":\"api forbidden, hint: [1602908180_107_1cb84da3229153cd6f72d5aaf0afd9e6], from ip: 36.5.50.116, more info at https://open.work.weixin.qq.com/devtool/query?e=48002\"}', '2020-10-17 12:16:20');
INSERT INTO `sys_oper_log` VALUES ('454', '标签组', '1', 'com.linkwechat.web.controller.wecom.WeTagGroupController.add()', 'POST', '1', 'admin', null, '/wecom/group', '127.0.0.1', '内网IP', '{\"weTags\":[{\"groupId\":1317318507767140352,\"updateTime\":1602908181503,\"params\":{},\"createTime\":1602908181503,\"name\":\"TTTTTT\",\"id\":1317318507767140353}],\"updateTime\":1602908181503,\"params\":{},\"gourpName\":\"TTT\",\"createTime\":1602908181503,\"id\":1317318507767140352}', 'null', '1', '{\"errcode\":48002,\"errmsg\":\"api forbidden, hint: [1602908180_107_1b0d0589dedeb6392ca802422f531457], from ip: 36.5.50.116, more info at https://open.work.weixin.qq.com/devtool/query?e=48002\"}', '2020-10-17 12:16:21');
INSERT INTO `sys_oper_log` VALUES ('455', '标签组', '1', 'com.linkwechat.web.controller.wecom.WeTagGroupController.add()', 'POST', '1', 'admin', null, '/wecom/group', '127.0.0.1', '内网IP', '{\"weTags\":[{\"groupId\":1317318508702470144,\"updateTime\":1602908181726,\"params\":{},\"createTime\":1602908181726,\"name\":\"TTTTTT\",\"id\":1317318508702470145}],\"updateTime\":1602908181726,\"params\":{},\"gourpName\":\"TTT\",\"createTime\":1602908181726,\"id\":1317318508702470144}', 'null', '1', '{\"errcode\":48002,\"errmsg\":\"api forbidden, hint: [1602908181_107_dd7e6b1d3e88b2708a3d7b737c468a64], from ip: 36.5.50.116, more info at https://open.work.weixin.qq.com/devtool/query?e=48002\"}', '2020-10-17 12:16:21');
INSERT INTO `sys_oper_log` VALUES ('456', '标签组', '1', 'com.linkwechat.web.controller.wecom.WeTagGroupController.add()', 'POST', '1', 'admin', null, '/wecom/group', '127.0.0.1', '内网IP', '{\"weTags\":[{\"groupId\":1317318509641994240,\"updateTime\":1602908181951,\"params\":{},\"createTime\":1602908181951,\"name\":\"TTTTTT\",\"id\":1317318509646188544}],\"updateTime\":1602908181950,\"params\":{},\"gourpName\":\"TTT\",\"createTime\":1602908181950,\"id\":1317318509641994240}', 'null', '1', '{\"errcode\":48002,\"errmsg\":\"api forbidden, hint: [1602908181_100_059150af89df5e796b8520f0ce0d1509], from ip: 36.5.50.116, more info at https://open.work.weixin.qq.com/devtool/query?e=48002\"}', '2020-10-17 12:16:21');
INSERT INTO `sys_oper_log` VALUES ('457', '标签组', '1', 'com.linkwechat.web.controller.wecom.WeTagGroupController.add()', 'POST', '1', 'admin', null, '/wecom/group', '127.0.0.1', '内网IP', '{\"weTags\":[],\"updateTime\":1602908188155,\"params\":{},\"gourpName\":\"TTT\",\"createTime\":1602908188155,\"id\":1317318535667650560}', 'null', '1', '{\"errcode\":41018,\"errmsg\":\"missing tagname, hint: [1602908187_107_c074abc678b46e67f10f79ec5f736232], from ip: 36.5.50.116, more info at https://open.work.weixin.qq.com/devtool/query?e=41018\"}', '2020-10-17 12:16:27');
INSERT INTO `sys_oper_log` VALUES ('458', '企业微信客户同步接口', '3', 'com.linkwechat.web.controller.wecom.WeCustomerController.synchWeCustomer()', 'GET', '1', 'admin', null, '/wecom/customer/synchWeCustomer', '127.0.0.1', '内网IP', '{}', 'null', '1', '{\"errcode\":48002,\"errmsg\":\"api forbidden, hint: [1602908288_107_3191d83d373807378a7f50ea50525a1a], from ip: 36.5.50.116, more info at https://open.work.weixin.qq.com/devtool/query?e=48002\",\"external_userid\":[]}', '2020-10-17 12:18:08');
INSERT INTO `sys_oper_log` VALUES ('459', '标签组', '1', 'com.linkwechat.web.controller.wecom.WeTagGroupController.add()', 'POST', '1', 'admin', null, '/wecom/group', '127.0.0.1', '内网IP', '{\"weTags\":[{\"groupId\":1317321673652965376,\"updateTime\":1602908936309,\"params\":{},\"createTime\":1602908936309,\"name\":\"砍价\",\"id\":1317321673652965377}],\"updateTime\":1602908936309,\"params\":{},\"gourpName\":\"拼多多客户\",\"createTime\":1602908936309,\"id\":1317321673652965376}', '{\"msg\":\"操作成功\",\"code\":200}', '0', null, '2020-10-17 12:28:55');
INSERT INTO `sys_oper_log` VALUES ('460', '标签组', '1', 'com.linkwechat.web.controller.wecom.WeTagGroupController.add()', 'POST', '1', 'admin', null, '/wecom/group', '127.0.0.1', '内网IP', '{\"weTags\":[{\"groupId\":1317322783289643008,\"updateTime\":1602909200867,\"params\":{},\"createTime\":1602909200867,\"name\":\"企业微信\",\"id\":1317322783289643009},{\"groupId\":1317322783289643008,\"updateTime\":1602909200868,\"params\":{},\"createTime\":1602909200868,\"name\":\"个人微信\",\"id\":1317322783293837312}],\"updateTime\":1602909200864,\"params\":{},\"gourpName\":\"微信客户\",\"createBy\":\"admin\",\"createTime\":1602909200864,\"id\":1317322783289643008}', '{\"msg\":\"操作成功\",\"code\":200}', '0', null, '2020-10-17 12:33:20');
INSERT INTO `sys_oper_log` VALUES ('461', '标签组', '1', 'com.linkwechat.web.controller.wecom.WeTagGroupController.add()', 'POST', '1', 'admin', null, '/wecom/group', '127.0.0.1', '内网IP', '{\"weTags\":[{\"groupId\":1317323594224766976,\"updateTime\":1602909394209,\"params\":{},\"createTime\":1602909394209,\"name\":\"ttttt\",\"id\":1317323594228961280}],\"updateTime\":1602909394207,\"params\":{},\"gourpName\":\"ttt\",\"createBy\":\"admin\",\"createTime\":1602909394207,\"id\":1317323594224766976}', '{\"msg\":\"操作成功\",\"code\":200}', '0', null, '2020-10-17 12:36:33');
INSERT INTO `sys_oper_log` VALUES ('462', '标签组', '3', 'com.linkwechat.web.controller.wecom.WeTagGroupController.remove()', 'DELETE', '1', 'admin', null, '/wecom/group/1317321673652965376', '127.0.0.1', '内网IP', '{ids=1317321673652965376}', '{\"msg\":\"操作成功\",\"code\":200}', '0', null, '2020-10-17 12:38:50');
INSERT INTO `sys_oper_log` VALUES ('463', '标签组', '3', 'com.linkwechat.web.controller.wecom.WeTagGroupController.remove()', 'DELETE', '1', 'admin', null, '/wecom/group/1317323594224766976', '127.0.0.1', '内网IP', '{ids=1317323594224766976}', '{\"msg\":\"操作成功\",\"code\":200}', '0', null, '2020-10-17 12:39:05');
INSERT INTO `sys_oper_log` VALUES ('464', '标签组', '3', 'com.linkwechat.web.controller.wecom.WeTagGroupController.remove()', 'DELETE', '1', 'admin', null, '/wecom/group/1317322783289643008', '127.0.0.1', '内网IP', '{ids=1317322783289643008}', '{\"msg\":\"操作成功\",\"code\":200}', '0', null, '2020-10-17 12:39:09');
INSERT INTO `sys_oper_log` VALUES ('465', '标签组', '1', 'com.linkwechat.web.controller.wecom.WeTagGroupController.add()', 'POST', '1', 'admin', null, '/wecom/group', '127.0.0.1', '内网IP', '{\"weTags\":[{\"groupId\":1317324390089756672,\"updateTime\":1602909583958,\"params\":{},\"createTime\":1602909583958,\"name\":\"企业微信\",\"id\":1317324390089756673},{\"groupId\":1317324390089756672,\"updateTime\":1602909583958,\"params\":{},\"createTime\":1602909583958,\"name\":\"个人微信\",\"id\":1317324390089756674}],\"updateTime\":1602909583958,\"params\":{},\"gourpName\":\"微信用户\",\"createBy\":\"admin\",\"createTime\":1602909583958,\"id\":1317324390089756672}', '{\"msg\":\"操作成功\",\"code\":200}', '0', null, '2020-10-17 12:39:43');
INSERT INTO `sys_oper_log` VALUES ('466', '标签组', '2', 'com.linkwechat.web.controller.wecom.WeTagGroupController.edit()', 'PUT', '1', 'admin', null, '/wecom/group', '127.0.0.1', '内网IP', '{\"weTags\":[{\"groupId\":1317324390089756672,\"updateTime\":1602909584000,\"params\":{},\"createTime\":1602909584000,\"name\":\"企业微信\",\"id\":1317324390089756673},{\"groupId\":1317324390089756672,\"updateTime\":1602909584000,\"params\":{},\"createTime\":1602909584000,\"name\":\"个人微信\",\"id\":1317324390089756674}],\"updateTime\":1602909584000,\"params\":{},\"gourpName\":\"微信用户\",\"createBy\":\"admin\",\"createTime\":1602909584000,\"id\":1317324390089756672}', '{\"msg\":\"操作成功\",\"code\":200}', '0', null, '2020-10-17 12:47:48');
INSERT INTO `sys_oper_log` VALUES ('467', '标签组', '1', 'com.linkwechat.web.controller.wecom.WeTagGroupController.add()', 'POST', '1', 'admin', null, '/wecom/group', '127.0.0.1', '内网IP', '{\"weTags\":[{\"groupId\":1317327330657570816,\"updateTime\":1602910285044,\"params\":{},\"createTime\":1602910285044,\"name\":\"TTT\",\"id\":1317327330657570817}],\"updateTime\":1602910285044,\"params\":{},\"gourpName\":\"TT\",\"createBy\":\"admin\",\"createTime\":1602910285044,\"id\":1317327330657570816}', '{\"msg\":\"操作成功\",\"code\":200}', '0', null, '2020-10-17 12:51:24');
INSERT INTO `sys_oper_log` VALUES ('468', '标签组', '1', 'com.linkwechat.web.controller.wecom.WeTagGroupController.add()', 'POST', '1', 'admin', null, '/wecom/group', '127.0.0.1', '内网IP', '{\"weTags\":[],\"updateTime\":1602910414926,\"params\":{},\"gourpName\":\"QQ用户\",\"createBy\":\"admin\",\"createTime\":1602910414926,\"id\":1317327875422162944}', '{\"msg\":\"操作成功\",\"code\":200}', '0', null, '2020-10-17 12:53:34');
INSERT INTO `sys_oper_log` VALUES ('469', '标签组', '2', 'com.linkwechat.web.controller.wecom.WeTagGroupController.edit()', 'PUT', '1', 'admin', null, '/wecom/group', '127.0.0.1', '内网IP', '{\"weTags\":[{\"groupId\":1317324390089756672,\"updateTime\":1602910476000,\"params\":{},\"createTime\":1602910476000,\"name\":\"企业微信\",\"id\":1317322783289643009},{\"groupId\":1317324390089756672,\"updateTime\":1602910476000,\"params\":{},\"createTime\":1602910476000,\"name\":\"个人微信\",\"id\":1317322783293837312}],\"updateTime\":1602910476000,\"params\":{},\"gourpName\":\"微信用户\",\"createBy\":\"admin\",\"createTime\":1602909584000,\"id\":1317324390089756672}', '{\"msg\":\"操作成功\",\"code\":200}', '0', null, '2020-10-17 12:55:51');
INSERT INTO `sys_oper_log` VALUES ('470', '标签组', '1', 'com.linkwechat.web.controller.wecom.WeTagGroupController.add()', 'POST', '1', 'admin', null, '/wecom/group', '127.0.0.1', '内网IP', '{\"weTags\":[{\"updateTime\":1602912791873,\"params\":{},\"createTime\":1602912791873,\"name\":\"企业微信客户\",\"id\":1317337845060472833}],\"updateTime\":1602912791870,\"params\":{},\"gourpName\":\"微信客户\",\"createBy\":\"admin\",\"createTime\":1602912791870,\"id\":1317337845060472832}', 'null', '1', 'com.dtflys.forest.exceptions.ForestRuntimeException: com.alibaba.fastjson.JSONException: default constructor not found. class com.linkwechat.wecom.domain.dto.WeCropGroupTagDto', '2020-10-17 13:33:12');
INSERT INTO `sys_oper_log` VALUES ('471', '标签组', '1', 'com.linkwechat.web.controller.wecom.WeTagGroupController.add()', 'POST', '1', 'admin', null, '/wecom/group', '127.0.0.1', '内网IP', '{\"weTags\":[{\"updateTime\":1602949345775,\"params\":{},\"createTime\":1602949345775,\"name\":\"个人用户\",\"id\":1317491163237847040},{\"updateTime\":1602949345776,\"params\":{},\"createTime\":1602949345776,\"name\":\"企业用户\",\"id\":1317491163242041344}],\"updateTime\":1602949345776,\"params\":{},\"gourpName\":\"拼多多客户\",\"createTime\":1602949345776}', 'null', '1', 'com.dtflys.forest.exceptions.ForestRuntimeException: com.alibaba.fastjson.JSONException: default constructor not found. class com.linkwechat.wecom.domain.dto.tag.WeCropGroupTagDto', '2020-10-17 23:43:11');
INSERT INTO `sys_oper_log` VALUES ('472', '标签组', '1', 'com.linkwechat.web.controller.wecom.WeTagGroupController.add()', 'POST', '1', 'admin', null, '/wecom/group', '127.0.0.1', '内网IP', '{\"weTags\":[{\"updateTime\":1602949518319,\"params\":{},\"createTime\":1602949518319,\"name\":\"个人QQ\",\"id\":1317491886956613632},{\"updateTime\":1602949518323,\"params\":{},\"createTime\":1602949518323,\"name\":\"企业QQ\",\"id\":1317491886956613633}],\"updateTime\":1602949518323,\"params\":{},\"gourpName\":\"QQ用户\",\"createTime\":1602949518323}', 'null', '1', 'com.dtflys.forest.exceptions.ForestRuntimeException: com.alibaba.fastjson.JSONException: default constructor not found. class com.linkwechat.wecom.domain.dto.tag.WeCropGroupTagDto', '2020-10-17 23:45:23');
INSERT INTO `sys_oper_log` VALUES ('473', '标签组', '1', 'com.linkwechat.web.controller.wecom.WeTagGroupController.add()', 'POST', '1', 'admin', null, '/wecom/group', '127.0.0.1', '内网IP', '{\"weTags\":[{\"updateTime\":1602949651638,\"params\":{},\"createTime\":1602949651638,\"name\":\"淘宝个人买家\",\"id\":1317492446132834304},{\"updateTime\":1602949651641,\"params\":{},\"createTime\":1602949651641,\"name\":\"淘宝企业买家\",\"id\":1317492446132834305}],\"updateTime\":1602949651641,\"params\":{},\"gourpName\":\"淘宝\",\"createTime\":1602949651641}', '{\"msg\":\"操作成功\",\"code\":200}', '0', null, '2020-10-17 23:47:32');
INSERT INTO `sys_oper_log` VALUES ('474', '标签组', '1', 'com.linkwechat.web.controller.wecom.WeTagGroupController.add()', 'POST', '1', 'admin', null, '/wecom/group', '127.0.0.1', '内网IP', '{\"weTags\":[{\"updateTime\":1602950058299,\"params\":{},\"createTime\":1602950058299,\"name\":\"苹果11\",\"id\":1317494151796887552},{\"updateTime\":1602950058303,\"params\":{},\"createTime\":1602950058303,\"name\":\"苹果12\",\"id\":1317494151796887553}],\"updateTime\":1602950058303,\"params\":{},\"gourpName\":\"苹果手机\",\"createTime\":1602950058303}', 'null', '1', '{\"errcode\":41018,\"errmsg\":\"missing tagname, hint: [1602950058_98_61f655bc43d12dda5fd69014e24bc684], from ip: 36.5.48.94, more info at https://open.work.weixin.qq.com/devtool/query?e=41018\"}', '2020-10-17 23:54:18');
INSERT INTO `sys_oper_log` VALUES ('475', '标签组', '1', 'com.linkwechat.web.controller.wecom.WeTagGroupController.add()', 'POST', '1', 'admin', null, '/wecom/group', '127.0.0.1', '内网IP', '{\"weTags\":[{\"updateTime\":1602950136709,\"params\":{},\"createTime\":1602950136709,\"name\":\"苹果11\",\"id\":1317494480663875584},{\"updateTime\":1602950136712,\"params\":{},\"createTime\":1602950136712,\"name\":\"苹果12\",\"id\":1317494480668069888}],\"updateTime\":1602950136712,\"params\":{},\"gourpName\":\"苹果手机\",\"createTime\":1602950136712}', 'null', '1', '{\"errcode\":41018,\"errmsg\":\"missing tagname, hint: [1602950136_99_38ec07cfef9b3ce141bb4029453a984b], from ip: 36.5.48.94, more info at https://open.work.weixin.qq.com/devtool/query?e=41018\"}', '2020-10-17 23:55:37');
INSERT INTO `sys_oper_log` VALUES ('476', '标签组', '1', 'com.linkwechat.web.controller.wecom.WeTagGroupController.add()', 'POST', '1', 'admin', null, '/wecom/group', '127.0.0.1', '内网IP', '{\"weTags\":[{\"updateTime\":1602950176648,\"params\":{},\"createTime\":1602950176648,\"name\":\"头条个人版\",\"id\":1317494648171794432}],\"updateTime\":1602950176648,\"params\":{},\"gourpName\":\"今日头条\",\"createTime\":1602950176648}', 'null', '1', '{\"errcode\":41018,\"errmsg\":\"missing tagname, hint: [1602950176_98_9231a78e5a3ce11c6fac29704a31d243], from ip: 36.5.48.94, more info at https://open.work.weixin.qq.com/devtool/query?e=41018\"}', '2020-10-17 23:56:16');
INSERT INTO `sys_oper_log` VALUES ('477', '标签组', '1', 'com.linkwechat.web.controller.wecom.WeTagGroupController.add()', 'POST', '1', 'admin', null, '/wecom/group', '127.0.0.1', '内网IP', '{\"weTags\":[{\"updateTime\":1602950270975,\"params\":{},\"createTime\":1602950270975,\"name\":\"头条个人版\",\"id\":1317495043820490752}],\"updateTime\":1602950270979,\"params\":{},\"gourpName\":\"今日头条\",\"createTime\":1602950270979}', 'null', '1', 'Unable to find non-private method: getElementData with 0 params.', '2020-10-17 23:57:50');
INSERT INTO `sys_oper_log` VALUES ('478', '标签组', '1', 'com.linkwechat.web.controller.wecom.WeTagGroupController.add()', 'POST', '1', 'admin', null, '/wecom/group', '127.0.0.1', '内网IP', '{\"weTags\":[{\"updateTime\":1602950391316,\"params\":{},\"createTime\":1602950391316,\"name\":\"头条个人版\",\"id\":1317495548563034112}],\"updateTime\":1602950391319,\"params\":{},\"gourpName\":\"今日头条\",\"createTime\":1602950391319}', 'null', '1', 'com.dtflys.forest.exceptions.ForestRuntimeException: com.alibaba.fastjson.JSONException: default constructor not found. class com.linkwechat.wecom.domain.dto.tag.WeCropGroupTagDto', '2020-10-18 00:00:03');
INSERT INTO `sys_oper_log` VALUES ('479', '标签组', '1', 'com.linkwechat.web.controller.wecom.WeTagGroupController.add()', 'POST', '1', 'admin', null, '/wecom/group', '127.0.0.1', '内网IP', '{\"weTags\":[{\"updateTime\":1602950517724,\"params\":{},\"createTime\":1602950517724,\"name\":\"小米手机\",\"id\":1317496078760808448},{\"updateTime\":1602950517727,\"params\":{},\"createTime\":1602950517727,\"name\":\"小米手环\",\"id\":1317496078760808449}],\"updateTime\":1602950517727,\"params\":{},\"gourpName\":\"小米\",\"createTime\":1602950517727}', 'null', '1', 'com.dtflys.forest.exceptions.ForestRuntimeException: com.alibaba.fastjson.JSONException: default constructor not found. class com.linkwechat.wecom.domain.dto.tag.WeCropGroupTagDto', '2020-10-18 00:02:02');
INSERT INTO `sys_oper_log` VALUES ('480', '标签组', '1', 'com.linkwechat.web.controller.wecom.WeTagGroupController.add()', 'POST', '1', 'admin', null, '/wecom/group', '127.0.0.1', '内网IP', '{\"weTags\":[{\"updateTime\":1602950704462,\"params\":{},\"createTime\":1602950704462,\"name\":\"小米手机\",\"id\":1317496861996748800},{\"updateTime\":1602950704465,\"params\":{},\"createTime\":1602950704465,\"name\":\"小米手环\",\"id\":1317496861996748801}],\"updateTime\":1602950704465,\"params\":{},\"gourpName\":\"小米\",\"createTime\":1602950704465}', 'null', '1', '{\"errcode\":40071,\"errmsg\":\"Warning: wrong json format. UserTag Name Already Exist, hint: [1602950708_99_9df53d11f7674cb6e31a5f0f5f4e8ac6], from ip: 36.5.48.94, more info at https://open.work.weixin.qq.com/devtool/query?e=40071\"}', '2020-10-18 00:05:08');
INSERT INTO `sys_oper_log` VALUES ('481', '标签组', '1', 'com.linkwechat.web.controller.wecom.WeTagGroupController.add()', 'POST', '1', 'admin', null, '/wecom/group', '127.0.0.1', '内网IP', '{\"weTags\":[{\"updateTime\":1602950757899,\"params\":{},\"createTime\":1602950757899,\"name\":\"搜索\",\"id\":1317497086115188736},{\"updateTime\":1602950757899,\"params\":{},\"createTime\":1602950757899,\"name\":\"外卖\",\"id\":1317497086115188737},{\"updateTime\":1602950757899,\"params\":{},\"createTime\":1602950757899,\"name\":\"医院\",\"id\":1317497086115188738}],\"updateTime\":1602950757899,\"params\":{},\"gourpName\":\"百度\",\"createTime\":1602950757899}', '{\"msg\":\"操作成功\",\"code\":200}', '0', null, '2020-10-18 00:06:04');
INSERT INTO `sys_oper_log` VALUES ('482', '标签组', '1', 'com.linkwechat.web.controller.wecom.WeTagGroupController.add()', 'POST', '1', 'admin', null, '/wecom/group', '127.0.0.1', '内网IP', '{\"weTags\":[{\"updateTime\":1602951424295,\"params\":{},\"createTime\":1602951424295,\"name\":\"王者荣耀\",\"id\":1317499881182597120},{\"updateTime\":1602951424295,\"params\":{},\"createTime\":1602951424295,\"name\":\"和平金鹰\",\"id\":1317499881182597121}],\"updateTime\":1602951424295,\"params\":{},\"gourpName\":\"腾讯游戏\",\"createTime\":1602951424295}', '{\"msg\":\"操作成功\",\"code\":200}', '0', null, '2020-10-18 00:17:04');
INSERT INTO `sys_oper_log` VALUES ('483', '用户管理', '2', 'com.linkwechat.web.controller.system.SysUserController.edit()', 'PUT', '1', 'admin', null, '/system/user', '127.0.0.1', '内网IP', '{\"roles\":[{\"flag\":false,\"roleId\":1,\"admin\":true,\"updateTime\":1603014708000,\"dataScope\":\"1\",\"params\":{},\"roleSort\":\"1\",\"createTime\":1603014708000,\"roleKey\":\"admin\",\"roleName\":\"超级管理员\",\"status\":\"0\"}],\"phonenumber\":\"15888888888\",\"admin\":true,\"loginDate\":1521171180000,\"remark\":\"管理员\",\"delFlag\":\"0\",\"password\":\"\",\"postIds\":[1],\"loginIp\":\"127.0.0.1\",\"email\":\"ry@163.com\",\"nickName\":\"若依\",\"sex\":\"1\",\"deptId\":103,\"updateTime\":1603014708000,\"avatar\":\"\",\"dept\":{\"deptName\":\"研发部门\",\"leader\":\"若依\",\"deptId\":103,\"orderNum\":\"1\",\"updateTime\":1603014708000,\"params\":{},\"parentId\":101,\"children\":[],\"createTime\":1603014708000,\"status\":\"0\"},\"params\":{},\"userName\":\"admin\",\"userId\":1,\"createBy\":\"admin\",\"roleIds\":[1],\"createTime\":1521171180000,\"status\":\"0\"}', 'null', '1', '不允许操作超级管理员用户', '2020-10-18 17:51:50');
INSERT INTO `sys_oper_log` VALUES ('484', '菜单管理', '2', 'com.linkwechat.web.controller.system.SysMenuController.edit()', 'PUT', '1', 'admin', null, '/system/menu', '127.0.0.1', '内网IP', '{\"visible\":\"0\",\"icon\":\"guide\",\"orderNum\":\"4\",\"menuName\":\"塬微官网\",\"updateTime\":1603014726000,\"params\":{},\"parentId\":0,\"path\":\"http://test.org\",\"children\":[],\"createTime\":1521171180000,\"updateBy\":\"admin\",\"isFrame\":\"0\",\"menuId\":4,\"menuType\":\"M\",\"perms\":\"\",\"status\":\"0\"}', '{\"msg\":\"操作成功\",\"code\":200}', '0', null, '2020-10-18 17:52:08');
INSERT INTO `sys_oper_log` VALUES ('485', '标签组', '1', 'com.linkwechat.web.controller.wecom.WeTagGroupController.add()', 'POST', '1', 'admin', null, '/wecom/group', '127.0.0.1', '内网IP', '{\"weTags\":[{\"name\":\"ns\"},{\"name\":\"3DS\"}],\"gourpName\":\"任天堂\"}', '{\"msg\":\"操作成功\",\"code\":200}', '0', null, '2020-10-18 21:48:38');
INSERT INTO `sys_oper_log` VALUES ('486', '标签组', '1', 'com.linkwechat.web.controller.wecom.WeTagGroupController.add()', 'POST', '1', 'admin', null, '/wecom/group', '127.0.0.1', '内网IP', '{\"weTags\":[],\"gourpName\":\"索尼\"}', 'null', '1', '{\"errcode\":41018,\"errmsg\":\"missing tagname, hint: [1603029197_98_9cba854902dce9be84942e7e8a6bbe00], from ip: 36.5.48.94, more info at https://open.work.weixin.qq.com/devtool/query?e=41018\"}', '2020-10-18 21:53:18');
INSERT INTO `sys_oper_log` VALUES ('487', '标签组', '1', 'com.linkwechat.web.controller.wecom.WeTagGroupController.add()', 'POST', '1', 'admin', null, '/wecom/group', '127.0.0.1', '内网IP', '{\"weTags\":[],\"groupId\":\"1317826830827487233\",\"gourpName\":\"索尼\"}', '{\"msg\":\"操作成功\",\"code\":200}', '0', null, '2020-10-18 21:56:15');
INSERT INTO `sys_oper_log` VALUES ('488', '标签组', '2', 'com.linkwechat.web.controller.wecom.WeTagGroupController.edit()', 'PUT', '1', 'admin', null, '/wecom/group', '127.0.0.1', '内网IP', '{\"weTags\":[{\"createTime\":1603029768000,\"groupId\":\"1317826830827487233\",\"id\":1317828479001169922,\"status\":\"1\"},{\"name\":\"PSP1000\"},{\"name\":\"psp2000\"}],\"createTime\":1603029768000,\"groupId\":\"1317826830827487233\",\"id\":1317828479001169921,\"gourpName\":\"索尼\",\"status\":\"0\"}', '{\"msg\":\"操作失败\",\"code\":500}', '0', null, '2020-10-18 22:04:44');
INSERT INTO `sys_oper_log` VALUES ('489', '标签组', '2', 'com.linkwechat.web.controller.wecom.WeTagGroupController.edit()', 'PUT', '1', 'admin', null, '/wecom/group', '127.0.0.1', '内网IP', '{\"weTags\":[{\"createTime\":1603029768000,\"groupId\":\"1317826830827487233\",\"id\":1317828479001169922,\"status\":\"1\"},{\"name\":\"PSP100\"}],\"createTime\":1603029768000,\"groupId\":\"1317826830827487233\",\"id\":1317828479001169921,\"gourpName\":\"索尼\",\"status\":\"0\"}', '{\"msg\":\"操作失败\",\"code\":500}', '0', null, '2020-10-18 22:05:13');
INSERT INTO `sys_oper_log` VALUES ('490', '标签组', '2', 'com.linkwechat.web.controller.wecom.WeTagGroupController.edit()', 'PUT', '1', 'admin', null, '/wecom/group', '127.0.0.1', '内网IP', '{\"weTags\":[{\"createTime\":1603030178000,\"groupId\":\"et2H-nDQAA2aaiybL71v9qCMY8WY-Sww\",\"name\":\"淘宝个人买家\",\"id\":1317824964581265425},{\"createTime\":1603030178000,\"groupId\":\"et2H-nDQAA2aaiybL71v9qCMY8WY-Sww\",\"name\":\"淘宝企业买家\",\"id\":1317824964581265426}],\"createBy\":\"admin\",\"createTime\":1603028930000,\"groupId\":\"et2H-nDQAA2aaiybL71v9qCMY8WY-Sww\",\"id\":1317824964581265424,\"gourpName\":\"淘宝\",\"status\":\"0\"}', 'null', '1', '{\"errcode\":40071,\"errmsg\":\"Warning: wrong json format. UserTag Name Already Exist, hint: [1603030197_106_5d1c6750ee72fc9b1a015c0c384a65de], from ip: 36.5.48.94, more info at https://open.work.weixin.qq.com/devtool/query?e=40071\"}', '2020-10-18 22:09:57');
INSERT INTO `sys_oper_log` VALUES ('491', '标签组', '2', 'com.linkwechat.web.controller.wecom.WeTagGroupController.edit()', 'PUT', '1', 'admin', null, '/wecom/group', '127.0.0.1', '内网IP', '{\"weTags\":[{\"createTime\":1603030367000,\"tagId\":\"et2H-nDQAA3icdZOzN-7_FYCPnfsU9EA\",\"groupId\":\"et2H-nDQAA2aaiybL71v9qCMY8WY-Sww\",\"name\":\"淘宝个人买家\",\"id\":1317824964581265425},{\"createTime\":1603030367000,\"tagId\":\"et2H-nDQAAJZoVWTVE2ibFlIoS_rLsBQ\",\"groupId\":\"et2H-nDQAA2aaiybL71v9qCMY8WY-Sww\",\"name\":\"淘宝企业买家\",\"id\":1317824964581265426}],\"createBy\":\"admin\",\"createTime\":1603028930000,\"groupId\":\"et2H-nDQAA2aaiybL71v9qCMY8WY-Sww\",\"id\":1317824964581265424,\"gourpName\":\"淘宝\",\"status\":\"0\"}', 'null', '1', '{\"errcode\":41018,\"errmsg\":\"missing tagname, hint: [1603030375_98_a6f29f8614a98c876b670186491c5dc8], from ip: 36.5.48.94, more info at https://open.work.weixin.qq.com/devtool/query?e=41018\"}', '2020-10-18 22:12:55');
INSERT INTO `sys_oper_log` VALUES ('492', '标签组', '2', 'com.linkwechat.web.controller.wecom.WeTagGroupController.edit()', 'PUT', '1', 'admin', null, '/wecom/group', '127.0.0.1', '内网IP', '{\"weTags\":[{\"createTime\":1603030367000,\"tagId\":\"et2H-nDQAA3icdZOzN-7_FYCPnfsU9EA\",\"groupId\":\"et2H-nDQAA2aaiybL71v9qCMY8WY-Sww\",\"name\":\"淘宝个人买家\",\"id\":1317824964581265425,\"status\":\"1\"},{\"createTime\":1603030367000,\"tagId\":\"et2H-nDQAAJZoVWTVE2ibFlIoS_rLsBQ\",\"groupId\":\"et2H-nDQAA2aaiybL71v9qCMY8WY-Sww\",\"name\":\"淘宝企业买家\",\"id\":1317824964581265426,\"status\":\"1\"},{\"name\":\"来往\"}],\"createBy\":\"admin\",\"createTime\":1603028930000,\"groupId\":\"et2H-nDQAA2aaiybL71v9qCMY8WY-Sww\",\"id\":1317824964581265424,\"gourpName\":\"淘宝\",\"status\":\"0\"}', 'null', '1', 'com.linkwechat.wecom.domain.WeTagGroup cannot be cast to com.linkwechat.wecom.domain.WeTag', '2020-10-18 22:14:53');
INSERT INTO `sys_oper_log` VALUES ('493', '标签组', '1', 'com.linkwechat.web.controller.wecom.WeTagGroupController.add()', 'POST', '1', 'admin', null, '/wecom/group', '127.0.0.1', '内网IP', '{\"weTags\":[{\"name\":\"win10\"}],\"gourpName\":\"微软\"}', 'null', '1', 'com.linkwechat.wecom.mapper.WeTagMapper.insert (batch index #1) failed. Cause: java.sql.BatchUpdateException: Field \'id\' doesn\'t have a default value\n; Field \'id\' doesn\'t have a default value; nested exception is java.sql.BatchUpdateException: Field \'id\' doesn\'t have a default value', '2020-10-18 22:19:44');
INSERT INTO `sys_oper_log` VALUES ('494', '标签组', '1', 'com.linkwechat.web.controller.wecom.WeTagGroupController.add()', 'POST', '1', 'admin', null, '/wecom/group', '127.0.0.1', '内网IP', '{\"weTags\":[{\"name\":\"office\"}],\"gourpName\":\"微软\"}', '{\"msg\":\"操作成功\",\"code\":200}', '0', null, '2020-10-18 22:21:58');
INSERT INTO `sys_oper_log` VALUES ('495', '标签组', '1', 'com.linkwechat.web.controller.wecom.WeTagGroupController.add()', 'POST', '1', 'admin', null, '/wecom/group', '127.0.0.1', '内网IP', '{\"weTags\":[{\"createTime\":1603030967000,\"tagId\":\"et2H-nDQAA3icdZOzN-7_FYCPnfsU9EA\",\"groupId\":\"et2H-nDQAA2aaiybL71v9qCMY8WY-Sww\",\"name\":\"淘宝个人买家\"},{\"createTime\":1603030967000,\"tagId\":\"et2H-nDQAAJZoVWTVE2ibFlIoS_rLsBQ\",\"groupId\":\"et2H-nDQAA2aaiybL71v9qCMY8WY-Sww\",\"name\":\"淘宝企业买家\"},{\"createTime\":1603030967000,\"tagId\":\"et2H-nDQAAtkWwODlo3VuIETCZlWcUqw\",\"groupId\":\"et2H-nDQAA2aaiybL71v9qCMY8WY-Sww\",\"name\":\"来往\"}],\"createBy\":\"admin\",\"createTime\":1603030958000,\"groupId\":\"et2H-nDQAA2aaiybL71v9qCMY8WY-Sww\",\"gourpName\":\"淘宝\",\"status\":\"0\"}', 'null', '1', '{\"errcode\":41018,\"errmsg\":\"missing tagname, hint: [1603031007_107_27e1681c480d9c33d0b0485e1577e21d], from ip: 36.5.48.94, more info at https://open.work.weixin.qq.com/devtool/query?e=41018\"}', '2020-10-18 22:23:27');
INSERT INTO `sys_oper_log` VALUES ('496', '标签组', '3', 'com.linkwechat.web.controller.wecom.WeTagGroupController.remove()', 'DELETE', '1', 'admin', null, '/wecom/group/et2H-nDQAA2aaiybL71v9qCMY8WY-Sww', '127.0.0.1', '内网IP', '{ids=et2H-nDQAA2aaiybL71v9qCMY8WY-Sww}', 'null', '1', '\r\n### Error updating database.  Cause: java.sql.SQLSyntaxErrorException: Unknown column \'id\' in \'where clause\'\r\n### The error may exist in file [F:\\projects\\link-wechat\\linkwe-wecom\\target\\classes\\mapper\\wecom\\WeTagGroupMapper.xml]\r\n### The error may involve com.linkwechat.wecom.mapper.WeTagGroupMapper.deleteWeTagGroupByIds-Inline\r\n### The error occurred while setting parameters\r\n### SQL: update we_tag_group set status=1         where id in          (               ?          )\r\n### Cause: java.sql.SQLSyntaxErrorException: Unknown column \'id\' in \'where clause\'\n; bad SQL grammar []; nested exception is java.sql.SQLSyntaxErrorException: Unknown column \'id\' in \'where clause\'', '2020-10-18 22:53:23');
INSERT INTO `sys_oper_log` VALUES ('497', '标签组', '3', 'com.linkwechat.web.controller.wecom.WeTagGroupController.remove()', 'DELETE', '1', 'admin', null, '/wecom/group/et2H-nDQAA2aaiybL71v9qCMY8WY-Sww', '127.0.0.1', '内网IP', '{ids=et2H-nDQAA2aaiybL71v9qCMY8WY-Sww}', '{\"msg\":\"操作成功\",\"code\":200}', '0', null, '2020-10-18 22:56:08');
INSERT INTO `sys_oper_log` VALUES ('498', '标签组', '1', 'com.linkwechat.web.controller.wecom.WeTagGroupController.add()', 'POST', '1', 'admin', null, '/wecom/group', '127.0.0.1', '内网IP', '{\"weTags\":[{\"createTime\":1603033128000,\"tagId\":\"et2H-nDQAAbncXTRdlInYQWDYTXwdp2A\",\"groupId\":\"et2H-nDQAA6z3FMzFzpJqrPELxeShssg\",\"name\":\"个人QQ\"},{\"createTime\":1603033128000,\"tagId\":\"et2H-nDQAAmv0a_E2-ycrSFZeUq4CVAw\",\"groupId\":\"et2H-nDQAA6z3FMzFzpJqrPELxeShssg\",\"name\":\"企业QQ\"},{\"name\":\"集团QQ\"}],\"createBy\":\"admin\",\"createTime\":1603033120000,\"groupId\":\"et2H-nDQAA6z3FMzFzpJqrPELxeShssg\",\"gourpName\":\"QQ用户\",\"status\":\"0\"}', '{\"msg\":\"操作成功\",\"code\":200}', '0', null, '2020-10-18 23:03:51');
INSERT INTO `sys_oper_log` VALUES ('499', '标签组', '1', 'com.linkwechat.web.controller.wecom.WeTagGroupController.add()', 'POST', '1', 'admin', null, '/wecom/group', '127.0.0.1', '内网IP', '{\"weTags\":[{\"createTime\":1603033431000,\"tagId\":\"et2H-nDQAAbncXTRdlInYQWDYTXwdp2A\",\"groupId\":\"et2H-nDQAA6z3FMzFzpJqrPELxeShssg\",\"name\":\"个人QQ\"},{\"createTime\":1603033431000,\"tagId\":\"et2H-nDQAAek97KwuRxo7bU-OKScbj7Q\",\"groupId\":\"et2H-nDQAA6z3FMzFzpJqrPELxeShssg\",\"name\":\"集团QQ\"},{\"createTime\":1603033431000,\"tagId\":\"et2H-nDQAAmv0a_E2-ycrSFZeUq4CVAw\",\"groupId\":\"et2H-nDQAA6z3FMzFzpJqrPELxeShssg\",\"name\":\"企业QQ\"}],\"createBy\":\"admin\",\"createTime\":1603033431000,\"groupId\":\"et2H-nDQAA6z3FMzFzpJqrPELxeShssg\",\"gourpName\":\"QQ用户\",\"status\":\"0\"}', 'null', '1', '{\"errcode\":41018,\"errmsg\":\"missing tagname, hint: [1603033451_106_6f0a5c45573977563945d3e751c60173], from ip: 36.5.48.94, more info at https://open.work.weixin.qq.com/devtool/query?e=41018\"}', '2020-10-18 23:04:11');
INSERT INTO `sys_oper_log` VALUES ('500', '标签组', '2', 'com.linkwechat.web.controller.wecom.WeTagGroupController.edit()', 'PUT', '1', 'admin', null, '/wecom/group', '127.0.0.1', '内网IP', '{\"weTags\":[{\"tagId\":\"et2H-nDQAAbncXTRdlInYQWDYTXwdp2A\",\"groupId\":\"et2H-nDQAA6z3FMzFzpJqrPELxeShssg\",\"name\":\"个人QQ\"}],\"groupId\":\"et2H-nDQAA6z3FMzFzpJqrPELxeShssg\",\"gourpName\":\"QQ用户\"}', 'null', '1', 'nested exception is org.apache.ibatis.reflection.ReflectionException: There is no getter for property named \'id\' in \'class com.linkwechat.wecom.domain.WeTagGroup\'', '2020-10-18 23:07:39');
INSERT INTO `sys_oper_log` VALUES ('501', '标签组', '2', 'com.linkwechat.web.controller.wecom.WeTagGroupController.edit()', 'PUT', '1', 'admin', null, '/wecom/group', '127.0.0.1', '内网IP', '{\"weTags\":[{\"tagId\":\"et2H-nDQAAbncXTRdlInYQWDYTXwdp2A\",\"groupId\":\"et2H-nDQAA6z3FMzFzpJqrPELxeShssg\",\"name\":\"个人QQ\"}],\"groupId\":\"et2H-nDQAA6z3FMzFzpJqrPELxeShssg\",\"gourpName\":\"QQ用户\"}', '{\"msg\":\"操作成功\",\"code\":200}', '0', null, '2020-10-18 23:17:41');
INSERT INTO `sys_oper_log` VALUES ('502', '标签组', '2', 'com.linkwechat.web.controller.wecom.WeTagGroupController.edit()', 'PUT', '1', 'admin', null, '/wecom/group', '127.0.0.1', '内网IP', '{\"weTags\":[{\"tagId\":\"1317848650322444290\",\"groupId\":\"et2H-nDQAA6z3FMzFzpJqrPELxeShssg\",\"name\":\"企业QQ\"}],\"groupId\":\"et2H-nDQAA6z3FMzFzpJqrPELxeShssg\",\"gourpName\":\"QQ用户\"}', '{\"msg\":\"操作成功\",\"code\":200}', '0', null, '2020-10-18 23:22:59');
INSERT INTO `sys_oper_log` VALUES ('503', '标签组', '2', 'com.linkwechat.web.controller.wecom.WeTagGroupController.edit()', 'PUT', '1', 'admin', null, '/wecom/group', '127.0.0.1', '内网IP', '{\"weTags\":[{\"tagId\":\"个人QQ\",\"groupId\":\"et2H-nDQAA6z3FMzFzpJqrPELxeShssg\",\"name\":\"个人QQ用户\",\"status\":\"\"}],\"groupId\":\"et2H-nDQAA6z3FMzFzpJqrPELxeShssg\",\"gourpName\":\"QQ用户\"}', 'null', '1', '{\"errcode\":40068,\"errmsg\":\"invalid tagid, hint: [1603035926_99_da6c8a85c23d020cb2ab591b0c2df7d5], from ip: 36.5.48.94, more info at https://open.work.weixin.qq.com/devtool/query?e=40068\"}', '2020-10-18 23:45:26');
INSERT INTO `sys_oper_log` VALUES ('504', '标签组', '2', 'com.linkwechat.web.controller.wecom.WeTagGroupController.edit()', 'PUT', '1', 'admin', null, '/wecom/group', '127.0.0.1', '内网IP', '{\"weTags\":[{\"tagId\":\"et2H-nDQAAbncXTRdlInYQWDYTXwdp2A\",\"groupId\":\"et2H-nDQAA6z3FMzFzpJqrPELxeShssg\",\"name\":\"个人QQ用户\",\"status\":\"\"}],\"groupId\":\"et2H-nDQAA6z3FMzFzpJqrPELxeShssg\",\"gourpName\":\"QQ用户\"}', 'null', '1', '{\"errcode\":40068,\"errmsg\":\"invalid tagid, hint: [1603035979_107_cecf337b946ca0a622fc85ce99a71c8e], from ip: 36.5.48.94, more info at https://open.work.weixin.qq.com/devtool/query?e=40068\"}', '2020-10-18 23:46:19');
INSERT INTO `sys_oper_log` VALUES ('505', '标签组', '2', 'com.linkwechat.web.controller.wecom.WeTagGroupController.edit()', 'PUT', '1', 'admin', null, '/wecom/group', '127.0.0.1', '内网IP', '{\"weTags\":[{\"tagId\":\"et2H-nDQAAbncXTRdlInYQWDYTXwdp2A\",\"groupId\":\"et2H-nDQAA6z3FMzFzpJqrPELxeShssg\",\"name\":\"个人QQ用户\",\"status\":\"\"}],\"groupId\":\"et2H-nDQAA6z3FMzFzpJqrPELxeShssg\",\"gourpName\":\"QQ用户\"}', 'null', '1', '{\"errcode\":40068,\"errmsg\":\"invalid tagid, hint: [1603036180_106_b575ccee39604c7c89e1b44cdcf8c9e1], from ip: 36.5.48.94, more info at https://open.work.weixin.qq.com/devtool/query?e=40068\"}', '2020-10-18 23:49:40');
INSERT INTO `sys_oper_log` VALUES ('506', '标签组', '2', 'com.linkwechat.web.controller.wecom.WeTagGroupController.edit()', 'PUT', '1', 'admin', null, '/wecom/group', '127.0.0.1', '内网IP', '{\"weTags\":[{\"tagId\":\"et2H-nDQAAbncXTRdlInYQWDYTXwdp2A\",\"groupId\":\"et2H-nDQAA6z3FMzFzpJqrPELxeShssg\",\"name\":\"个人QQ用户\",\"status\":\"\"}],\"groupId\":\"et2H-nDQAA6z3FMzFzpJqrPELxeShssg\",\"gourpName\":\"QQ用户\"}', 'null', '1', '{\"errcode\":40068,\"errmsg\":\"invalid tagid, hint: [1603036392_100_51bcdc6d819d7c9ec6b08dd2c69d1edf], from ip: 36.5.48.94, more info at https://open.work.weixin.qq.com/devtool/query?e=40068\"}', '2020-10-18 23:53:12');
INSERT INTO `sys_oper_log` VALUES ('507', '新增企业id相关配置', '1', 'com.linkwechat.web.controller.wecom.WeCorpAccountController.add()', 'POST', '1', 'admin', null, '/wecom/corp', '127.0.0.1', '内网IP', '{\"contactSecret\":\"1\",\"corpId\":\"1\",\"companyName\":\"1\",\"corpSecret\":\"1\",\"updateTime\":1603071926109,\"params\":{},\"createTime\":1603071926109,\"id\":7}', '{\"msg\":\"操作成功\",\"code\":200}', '0', null, '2020-10-19 09:45:27');
INSERT INTO `sys_oper_log` VALUES ('508', '企业微信客户同步接口', '3', 'com.linkwechat.web.controller.wecom.WeCustomerController.synchWeCustomer()', 'GET', '1', 'admin', null, '/wecom/customer/synchWeCustomer', '127.0.0.1', '内网IP', '{}', 'null', '1', '{\"errcode\":48002,\"errmsg\":\"api forbidden, hint: [1603073075_98_8fb6cdee8426cb8734cc1064ccfa07fd], from ip: 36.5.154.182, more info at https://open.work.weixin.qq.com/devtool/query?e=48002\",\"external_userid\":[]}', '2020-10-19 10:04:35');
INSERT INTO `sys_oper_log` VALUES ('509', '企业微信客户同步接口', '3', 'com.linkwechat.web.controller.wecom.WeCustomerController.synchWeCustomer()', 'GET', '1', 'admin', null, '/wecom/customer/synchWeCustomer', '127.0.0.1', '内网IP', '{}', 'null', '1', '{\"errcode\":48002,\"errmsg\":\"api forbidden, hint: [1603073075_106_06fcbccbb2bdeb5f516840b9c80b2204], from ip: 36.5.154.182, more info at https://open.work.weixin.qq.com/devtool/query?e=48002\",\"external_userid\":[]}', '2020-10-19 10:04:35');
INSERT INTO `sys_oper_log` VALUES ('510', '企业微信客户同步接口', '3', 'com.linkwechat.web.controller.wecom.WeCustomerController.synchWeCustomer()', 'GET', '1', 'admin', null, '/wecom/customer/synchWeCustomer', '127.0.0.1', '内网IP', '{}', 'null', '1', '{\"errcode\":48002,\"errmsg\":\"api forbidden, hint: [1603073076_106_f5075bca79d49d46cb21d2842935e81b], from ip: 36.5.154.182, more info at https://open.work.weixin.qq.com/devtool/query?e=48002\",\"external_userid\":[]}', '2020-10-19 10:04:36');
INSERT INTO `sys_oper_log` VALUES ('511', '启用有效企业微信账号', '3', 'com.linkwechat.web.controller.wecom.WeCorpAccountController.startWeCorpAccount()', 'PUT', '1', 'admin', null, '/wecom/corp/startVailWeCorpAccount/1', '127.0.0.1', '内网IP', '1', '{\"msg\":\"操作成功\",\"code\":200}', '0', null, '2020-10-19 13:08:48');
INSERT INTO `sys_oper_log` VALUES ('512', '启用有效企业微信账号', '3', 'com.linkwechat.web.controller.wecom.WeCorpAccountController.startWeCorpAccount()', 'PUT', '1', 'admin', null, '/wecom/corp/startVailWeCorpAccount/1', '127.0.0.1', '内网IP', '1', '{\"msg\":\"操作成功\",\"code\":200}', '0', null, '2020-10-19 14:32:20');
INSERT INTO `sys_oper_log` VALUES ('513', '启用有效企业微信账号', '3', 'com.linkwechat.web.controller.wecom.WeCorpAccountController.startWeCorpAccount()', 'PUT', '1', 'admin', null, '/wecom/corp/startVailWeCorpAccount/1', '127.0.0.1', '内网IP', '1', '{\"msg\":\"操作成功\",\"code\":200}', '0', null, '2020-10-19 14:32:28');
INSERT INTO `sys_oper_log` VALUES ('514', '启用有效企业微信账号', '3', 'com.linkwechat.web.controller.wecom.WeCorpAccountController.startWeCorpAccount()', 'PUT', '1', 'admin', null, '/wecom/corp/startVailWeCorpAccount/1', '127.0.0.1', '内网IP', '1', '{\"msg\":\"操作成功\",\"code\":200}', '0', null, '2020-10-19 14:32:53');
INSERT INTO `sys_oper_log` VALUES ('515', '启用有效企业微信账号', '3', 'com.linkwechat.web.controller.wecom.WeCorpAccountController.startWeCorpAccount()', 'PUT', '1', 'admin', null, '/wecom/corp/startVailWeCorpAccount/1', '127.0.0.1', '内网IP', '1', '{\"msg\":\"操作成功\",\"code\":200}', '0', null, '2020-10-19 14:36:20');
INSERT INTO `sys_oper_log` VALUES ('516', '启用有效企业微信账号', '3', 'com.linkwechat.web.controller.wecom.WeCorpAccountController.startWeCorpAccount()', 'PUT', '1', 'admin', null, '/wecom/corp/startVailWeCorpAccount/ww24262ce93851488f', '127.0.0.1', '内网IP', 'ww24262ce93851488f', '{\"msg\":\"操作成功\",\"code\":200}', '0', null, '2020-10-19 14:36:22');
INSERT INTO `sys_oper_log` VALUES ('517', '启用有效企业微信账号', '3', 'com.linkwechat.web.controller.wecom.WeCorpAccountController.startWeCorpAccount()', 'PUT', '1', 'admin', null, '/wecom/corp/startVailWeCorpAccount/1', '127.0.0.1', '内网IP', '1', '{\"msg\":\"操作成功\",\"code\":200}', '0', null, '2020-10-19 14:36:24');
INSERT INTO `sys_oper_log` VALUES ('518', '企业微信客户同步接口', '3', 'com.linkwechat.web.controller.wecom.WeCustomerController.synchWeCustomer()', 'GET', '1', 'admin', null, '/wecom/customer/synchWeCustomer', '127.0.0.1', '内网IP', '{}', 'null', '1', '{\"errcode\":40013,\"errmsg\":\"invalid corpid, hint: [1603114050_47_011a4c87075b015d0113a8675868fb1f], from ip: 106.13.201.219, more info at https://open.work.weixin.qq.com/devtool/query?e=40013\"}', '2020-10-19 21:27:31');
INSERT INTO `sys_oper_log` VALUES ('519', '企业微信客户同步接口', '3', 'com.linkwechat.web.controller.wecom.WeCustomerController.synchWeCustomer()', 'GET', '1', 'admin', null, '/wecom/customer/synchWeCustomer', '127.0.0.1', '内网IP', '{}', 'null', '1', '{\"errcode\":40013,\"errmsg\":\"invalid corpid, hint: [1603114061_47_6dcbc506c4b52f8494b641e3ce627970], from ip: 106.13.201.219, more info at https://open.work.weixin.qq.com/devtool/query?e=40013\"}', '2020-10-19 21:27:41');
INSERT INTO `sys_oper_log` VALUES ('520', '企业微信客户同步接口', '3', 'com.linkwechat.web.controller.wecom.WeCustomerController.synchWeCustomer()', 'GET', '1', 'admin', null, '/wecom/customer/synchWeCustomer', '127.0.0.1', '内网IP', '{}', 'null', '1', '{\"errcode\":40013,\"errmsg\":\"invalid corpid, hint: [1603114340_50_1a2b14b431536b9920b1a295cc90f512], from ip: 36.5.50.131, more info at https://open.work.weixin.qq.com/devtool/query?e=40013\"}', '2020-10-19 21:32:20');
INSERT INTO `sys_oper_log` VALUES ('521', '启用有效企业微信账号', '3', 'com.linkwechat.web.controller.wecom.WeCorpAccountController.startWeCorpAccount()', 'PUT', '1', 'admin', null, '/wecom/corp/startVailWeCorpAccount/ww24262ce93851488f', '127.0.0.1', '内网IP', 'ww24262ce93851488f', '{\"msg\":\"操作成功\",\"code\":200}', '0', null, '2020-10-19 21:32:56');
INSERT INTO `sys_oper_log` VALUES ('522', '企业微信客户同步接口', '3', 'com.linkwechat.web.controller.wecom.WeCustomerController.synchWeCustomer()', 'GET', '1', 'admin', null, '/wecom/customer/synchWeCustomer', '127.0.0.1', '内网IP', '{}', 'null', '1', '{\"errcode\":48002,\"errmsg\":\"api forbidden, hint: [1603114511_100_2f315d9c8f9b445987be1d12c2ff1fc8], from ip: 36.5.50.131, more info at https://open.work.weixin.qq.com/devtool/query?e=48002\",\"external_userid\":[]}', '2020-10-19 21:35:11');
INSERT INTO `sys_oper_log` VALUES ('523', '企业微信客户同步接口', '3', 'com.linkwechat.web.controller.wecom.WeCustomerController.synchWeCustomer()', 'GET', '1', 'admin', null, '/wecom/customer/synchWeCustomer', '127.0.0.1', '内网IP', '{}', 'null', '1', '{\"errcode\":48002,\"errmsg\":\"api forbidden, hint: [1603114604_106_fdf03213c20f924273f0f9600e68aa08], from ip: 36.5.50.131, more info at https://open.work.weixin.qq.com/devtool/query?e=48002\",\"external_userid\":[]}', '2020-10-19 21:37:35');
INSERT INTO `sys_oper_log` VALUES ('524', '企业微信客户同步接口', '3', 'com.linkwechat.web.controller.wecom.WeCustomerController.synchWeCustomer()', 'GET', '1', 'admin', null, '/wecom/customer/synchWeCustomer', '127.0.0.1', '内网IP', '{}', 'null', '1', '{\"errcode\":84061,\"errmsg\":\"not external contact, hint: [1603114753_100_43ede209bb236c2a6a57bb2140def4c9], from ip: 36.5.50.131, more info at https://open.work.weixin.qq.com/devtool/query?e=84061\",\"external_userid\":[]}', '2020-10-19 21:42:16');
INSERT INTO `sys_oper_log` VALUES ('525', '企业微信客户同步接口', '3', 'com.linkwechat.web.controller.wecom.WeCustomerController.synchWeCustomer()', 'GET', '1', 'admin', null, '/wecom/customer/synchWeCustomer', '127.0.0.1', '内网IP', '{}', 'null', '1', '{\"errcode\":48002,\"errmsg\":\"api forbidden, hint: [1603115512_106_3263cf56aa10fefbf8eddc704780dcd8], from ip: 36.5.50.131, more info at https://open.work.weixin.qq.com/devtool/query?e=48002\",\"follow_user\":[]}', '2020-10-19 21:52:38');
INSERT INTO `sys_oper_log` VALUES ('526', '企业微信客户同步接口', '3', 'com.linkwechat.web.controller.wecom.WeCustomerController.synchWeCustomer()', 'GET', '1', 'admin', null, '/wecom/customer/synchWeCustomer', '127.0.0.1', '内网IP', '{}', 'null', '1', 'Can not set java.lang.String field com.linkwechat.wecom.domain.WeFlowerCustomerRel.addWay to java.lang.Integer', '2020-10-19 21:54:45');
INSERT INTO `sys_oper_log` VALUES ('527', '企业微信客户同步接口', '3', 'com.linkwechat.web.controller.wecom.WeCustomerController.synchWeCustomer()', 'GET', '1', 'admin', null, '/wecom/customer/synchWeCustomer', '127.0.0.1', '内网IP', '{}', 'null', '1', 'Can not set java.lang.String field com.linkwechat.wecom.domain.WeFlowerCustomerRel.addWay to java.lang.Integer', '2020-10-19 21:56:17');
INSERT INTO `sys_oper_log` VALUES ('528', '启用有效企业微信账号', '3', 'com.linkwechat.web.controller.wecom.WeCorpAccountController.startWeCorpAccount()', 'PUT', '1', 'admin', null, '/wecom/corp/startVailWeCorpAccount/1', '127.0.0.1', '内网IP', '1', '{\"msg\":\"操作成功\",\"code\":200}', '0', null, '2020-10-19 22:22:42');
INSERT INTO `sys_oper_log` VALUES ('529', '启用有效企业微信账号', '3', 'com.linkwechat.web.controller.wecom.WeCorpAccountController.startWeCorpAccount()', 'PUT', '1', 'admin', null, '/wecom/corp/startVailWeCorpAccount/ww24262ce93851488f', '127.0.0.1', '内网IP', 'ww24262ce93851488f', '{\"msg\":\"操作成功\",\"code\":200}', '0', null, '2020-10-19 22:22:49');
INSERT INTO `sys_oper_log` VALUES ('530', '企业微信客户同步接口', '3', 'com.linkwechat.web.controller.wecom.WeCustomerController.synchWeCustomer()', 'GET', '1', 'admin', null, '/wecom/customer/synchWeCustomer', '127.0.0.1', '内网IP', '{}', 'null', '1', 'com.dtflys.forest.exceptions.ForestRuntimeException: com.alibaba.fastjson.JSONException: create instance error, class com.linkwechat.wecom.domain.dto.customer.ExternalUserDetail$Tag', '2020-10-19 23:27:51');
INSERT INTO `sys_oper_log` VALUES ('531', '企业微信客户同步接口', '3', 'com.linkwechat.web.controller.wecom.WeCustomerController.synchWeCustomer()', 'GET', '1', 'admin', null, '/wecom/customer/synchWeCustomer', '127.0.0.1', '内网IP', '{}', 'null', '1', 'com.dtflys.forest.exceptions.ForestRuntimeException: com.alibaba.fastjson.JSONException: create instance error, class com.linkwechat.wecom.domain.dto.customer.ExternalUserDetail$Tag', '2020-10-19 23:29:20');
INSERT INTO `sys_oper_log` VALUES ('532', '企业微信客户同步接口', '3', 'com.linkwechat.web.controller.wecom.WeCustomerController.synchWeCustomer()', 'GET', '1', 'admin', null, '/wecom/customer/synchWeCustomer', '127.0.0.1', '内网IP', '{}', 'null', '1', 'com.dtflys.forest.exceptions.ForestRuntimeException: com.alibaba.fastjson.JSONException: create instance error, class com.linkwechat.wecom.domain.dto.customer.ExternalUserDetail$Tag', '2020-10-19 23:34:47');
INSERT INTO `sys_oper_log` VALUES ('533', '企业微信客户同步接口', '3', 'com.linkwechat.web.controller.wecom.WeCustomerController.synchWeCustomer()', 'GET', '1', 'admin', null, '/wecom/customer/synchWeCustomer', '127.0.0.1', '内网IP', '{}', '{\"msg\":\"后台开始同步数据，请稍后关注进度\",\"code\":200}', '0', null, '2020-10-19 23:42:55');
INSERT INTO `sys_oper_log` VALUES ('534', '企业微信客户同步接口', '3', 'com.linkwechat.web.controller.wecom.WeCustomerController.synchWeCustomer()', 'GET', '1', 'admin', null, '/wecom/customer/synchWeCustomer', '127.0.0.1', '内网IP', '{}', '{\"msg\":\"后台开始同步数据，请稍后关注进度\",\"code\":200}', '0', null, '2020-10-19 23:45:50');
INSERT INTO `sys_oper_log` VALUES ('535', '企业微信客户同步接口', '3', 'com.linkwechat.web.controller.wecom.WeCustomerController.synchWeCustomer()', 'GET', '1', 'admin', null, '/wecom/customer/synchWeCustomer', '127.0.0.1', '内网IP', '{}', '{\"msg\":\"后台开始同步数据，请稍后关注进度\",\"code\":200}', '0', null, '2020-10-20 00:04:02');
INSERT INTO `sys_oper_log` VALUES ('536', '企业微信客户同步接口', '3', 'com.linkwechat.web.controller.wecom.WeCustomerController.synchWeCustomer()', 'GET', '1', 'admin', null, '/wecom/customer/synchWeCustomer', '127.0.0.1', '内网IP', '{}', 'null', '1', '', '2020-10-20 00:06:33');
INSERT INTO `sys_oper_log` VALUES ('537', '企业微信客户同步接口', '3', 'com.linkwechat.web.controller.wecom.WeCustomerController.synchWeCustomer()', 'GET', '1', 'admin', null, '/wecom/customer/synchWeCustomer', '127.0.0.1', '内网IP', '{}', 'null', '1', '', '2020-10-20 00:07:42');
INSERT INTO `sys_oper_log` VALUES ('538', '企业微信客户同步接口', '3', 'com.linkwechat.web.controller.wecom.WeCustomerController.synchWeCustomer()', 'GET', '1', 'admin', null, '/wecom/customer/synchWeCustomer', '127.0.0.1', '内网IP', '{}', 'null', '1', 'Unable to find non-private method: getElementData with 0 params.', '2020-10-20 00:08:47');
INSERT INTO `sys_oper_log` VALUES ('539', '企业微信客户同步接口', '3', 'com.linkwechat.web.controller.wecom.WeCustomerController.synchWeCustomer()', 'GET', '1', 'admin', null, '/wecom/customer/synchWeCustomer', '127.0.0.1', '内网IP', '{}', '{\"msg\":\"后台开始同步数据，请稍后关注进度\",\"code\":200}', '0', null, '2020-10-20 00:10:53');
INSERT INTO `sys_oper_log` VALUES ('540', '标签组', '1', 'com.linkwechat.web.controller.wecom.WeTagGroupController.add()', 'POST', '1', 'admin', null, '/wecom/group', '127.0.0.1', '内网IP', '{\"weTags\":[],\"groupId\":\"1318224378718068737\",\"gourpName\":\"afea\"}', '{\"msg\":\"操作成功\",\"code\":200}', '0', null, '2020-10-20 00:15:58');
INSERT INTO `sys_oper_log` VALUES ('541', '标签组', '1', 'com.linkwechat.web.controller.wecom.WeTagGroupController.add()', 'POST', '1', 'admin', null, '/wecom/group', '127.0.0.1', '内网IP', '{\"weTags\":[{\"createTime\":1603124784000,\"groupId\":\"1318224378718068737\"}],\"createTime\":1603124784000,\"groupId\":\"1318224378718068737\",\"gourpName\":\"afea\",\"status\":\"0\"}', 'null', '1', '{\"errcode\":41018,\"errmsg\":\"missing tagname, hint: [1603124829_107_c0e66a1a33c43e88ca5f94e5ab84df5f], from ip: 106.13.201.219, more info at https://open.work.weixin.qq.com/devtool/query?e=41018\"}', '2020-10-20 00:27:09');
INSERT INTO `sys_oper_log` VALUES ('542', '标签组', '2', 'com.linkwechat.web.controller.wecom.WeTagGroupController.edit()', 'PUT', '1', 'admin', null, '/wecom/group', '127.0.0.1', '内网IP', '{\"weTags\":[],\"createTime\":1603125345000,\"groupId\":\"1318224378718068737\",\"gourpName\":\"afea\",\"status\":\"0\"}', '{\"msg\":\"操作成功\",\"code\":200}', '0', null, '2020-10-20 00:36:16');
INSERT INTO `sys_oper_log` VALUES ('543', '标签组', '2', 'com.linkwechat.web.controller.wecom.WeTagGroupController.edit()', 'PUT', '1', 'admin', null, '/wecom/group', '127.0.0.1', '内网IP', '{\"weTags\":[],\"createTime\":1603125345000,\"groupId\":\"1318224378718068737\",\"gourpName\":\"afea\",\"status\":\"0\"}', '{\"msg\":\"操作成功\",\"code\":200}', '0', null, '2020-10-20 00:38:14');
INSERT INTO `sys_oper_log` VALUES ('544', '标签组', '2', 'com.linkwechat.web.controller.wecom.WeTagGroupController.edit()', 'PUT', '1', 'admin', null, '/wecom/group', '127.0.0.1', '内网IP', '{\"weTags\":[{\"name\":\"dgzd\"}],\"createTime\":1603125345000,\"groupId\":\"1318224378718068737\",\"gourpName\":\"afea\",\"status\":\"0\"}', 'null', '1', '{\"errcode\":41017,\"errmsg\":\"missing tagid, hint: [1603126048_100_89438d45fe5a361929b0fc604057d177], from ip: 106.13.201.219, more info at https://open.work.weixin.qq.com/devtool/query?e=41017\"}', '2020-10-20 00:47:28');
INSERT INTO `sys_oper_log` VALUES ('545', '标签组', '2', 'com.linkwechat.web.controller.wecom.WeTagGroupController.edit()', 'PUT', '1', 'admin', null, '/wecom/group', '127.0.0.1', '内网IP', '{\"weTags\":[{\"name\":\"dgzd\"}],\"createTime\":1603125345000,\"groupId\":\"1318224378718068737\",\"gourpName\":\"afea\",\"status\":\"0\"}', 'null', '1', '{\"errcode\":40071,\"errmsg\":\"UserTag Name Already Exist, hint: [1603126131_107_55f3358761a00a9d7992f0fab80a31db], from ip: 106.13.201.219, more info at https://open.work.weixin.qq.com/devtool/query?e=40071\"}', '2020-10-20 00:48:51');
INSERT INTO `sys_oper_log` VALUES ('546', '标签组', '2', 'com.linkwechat.web.controller.wecom.WeTagGroupController.edit()', 'PUT', '1', 'admin', null, '/wecom/group', '127.0.0.1', '内网IP', '{\"weTags\":[{\"name\":\"2656\"}],\"createTime\":1603125345000,\"groupId\":\"1318224378718068737\",\"gourpName\":\"afea\",\"status\":\"0\"}', 'null', '1', '{\"errcode\":41017,\"errmsg\":\"missing tagid, hint: [1603126731_99_07b4f0c67028ef6b4d5f21f0d40e3aa6], from ip: 106.13.201.219, more info at https://open.work.weixin.qq.com/devtool/query?e=41017\"}', '2020-10-20 00:58:51');

-- ----------------------------
-- Table structure for sys_post
-- ----------------------------
DROP TABLE IF EXISTS `sys_post`;
CREATE TABLE `sys_post` (
  `post_id` bigint NOT NULL AUTO_INCREMENT COMMENT '岗位ID',
  `post_code` varchar(64) NOT NULL COMMENT '岗位编码',
  `post_name` varchar(50) NOT NULL COMMENT '岗位名称',
  `post_sort` int NOT NULL COMMENT '显示顺序',
  `status` char(1) NOT NULL COMMENT '状态（0正常 1停用）',
  `create_by` varchar(64) DEFAULT '' COMMENT '创建者',
  `create_time` datetime DEFAULT NULL COMMENT '创建时间',
  `update_by` varchar(64) DEFAULT '' COMMENT '更新者',
  `update_time` datetime DEFAULT NULL COMMENT '更新时间',
  `remark` varchar(500) DEFAULT NULL COMMENT '备注',
  PRIMARY KEY (`post_id`)
) ENGINE=InnoDB AUTO_INCREMENT=5 DEFAULT CHARSET=utf8mb4 COLLATE=utf8mb4_0900_ai_ci COMMENT='岗位信息表';

-- ----------------------------
-- Records of sys_post
-- ----------------------------
INSERT INTO `sys_post` VALUES ('1', 'ceo', '董事长', '1', '0', 'admin', '2018-03-16 11:33:00', 'ry', '2018-03-16 11:33:00', '');
INSERT INTO `sys_post` VALUES ('2', 'se', '项目经理', '2', '0', 'admin', '2018-03-16 11:33:00', 'ry', '2018-03-16 11:33:00', '');
INSERT INTO `sys_post` VALUES ('3', 'hr', '人力资源', '3', '0', 'admin', '2018-03-16 11:33:00', 'ry', '2018-03-16 11:33:00', '');
INSERT INTO `sys_post` VALUES ('4', 'user', '普通员工', '4', '0', 'admin', '2018-03-16 11:33:00', 'ry', '2018-03-16 11:33:00', '');

-- ----------------------------
-- Table structure for sys_role
-- ----------------------------
DROP TABLE IF EXISTS `sys_role`;
CREATE TABLE `sys_role` (
  `role_id` bigint NOT NULL AUTO_INCREMENT COMMENT '角色ID',
  `role_name` varchar(30) NOT NULL COMMENT '角色名称',
  `role_key` varchar(100) NOT NULL COMMENT '角色权限字符串',
  `role_sort` int NOT NULL COMMENT '显示顺序',
  `data_scope` char(1) DEFAULT '1' COMMENT '数据范围（1：全部数据权限 2：自定数据权限 3：本部门数据权限 4：本部门及以下数据权限）',
  `status` char(1) NOT NULL COMMENT '角色状态（0正常 1停用）',
  `del_flag` char(1) DEFAULT '0' COMMENT '删除标志（0代表存在 2代表删除）',
  `create_by` varchar(64) DEFAULT '' COMMENT '创建者',
  `create_time` datetime DEFAULT NULL COMMENT '创建时间',
  `update_by` varchar(64) DEFAULT '' COMMENT '更新者',
  `update_time` datetime DEFAULT NULL COMMENT '更新时间',
  `remark` varchar(500) DEFAULT NULL COMMENT '备注',
  PRIMARY KEY (`role_id`)
) ENGINE=InnoDB AUTO_INCREMENT=100 DEFAULT CHARSET=utf8mb4 COLLATE=utf8mb4_0900_ai_ci COMMENT='角色信息表';

-- ----------------------------
-- Records of sys_role
-- ----------------------------
INSERT INTO `sys_role` VALUES ('1', '超级管理员', 'admin', '1', '1', '0', '0', 'admin', '2018-03-16 11:33:00', 'ry', '2018-03-16 11:33:00', '超级管理员');
INSERT INTO `sys_role` VALUES ('2', '普通角色', 'common', '2', '2', '0', '0', 'admin', '2018-03-16 11:33:00', 'admin', '2020-10-13 16:55:10', '普通角色');

-- ----------------------------
-- Table structure for sys_role_dept
-- ----------------------------
DROP TABLE IF EXISTS `sys_role_dept`;
CREATE TABLE `sys_role_dept` (
  `role_id` bigint NOT NULL COMMENT '角色ID',
  `dept_id` bigint NOT NULL COMMENT '部门ID',
  PRIMARY KEY (`role_id`,`dept_id`)
) ENGINE=InnoDB DEFAULT CHARSET=utf8mb4 COLLATE=utf8mb4_0900_ai_ci COMMENT='角色和部门关联表';

-- ----------------------------
-- Records of sys_role_dept
-- ----------------------------
INSERT INTO `sys_role_dept` VALUES ('2', '100');
INSERT INTO `sys_role_dept` VALUES ('2', '101');
INSERT INTO `sys_role_dept` VALUES ('2', '105');

-- ----------------------------
-- Table structure for sys_role_menu
-- ----------------------------
DROP TABLE IF EXISTS `sys_role_menu`;
CREATE TABLE `sys_role_menu` (
  `role_id` bigint NOT NULL COMMENT '角色ID',
  `menu_id` bigint NOT NULL COMMENT '菜单ID',
  PRIMARY KEY (`role_id`,`menu_id`)
) ENGINE=InnoDB DEFAULT CHARSET=utf8mb4 COLLATE=utf8mb4_0900_ai_ci COMMENT='角色和菜单关联表';

-- ----------------------------
-- Records of sys_role_menu
-- ----------------------------
INSERT INTO `sys_role_menu` VALUES ('2', '1');
INSERT INTO `sys_role_menu` VALUES ('2', '2');
INSERT INTO `sys_role_menu` VALUES ('2', '3');
INSERT INTO `sys_role_menu` VALUES ('2', '4');
INSERT INTO `sys_role_menu` VALUES ('2', '100');
INSERT INTO `sys_role_menu` VALUES ('2', '101');
INSERT INTO `sys_role_menu` VALUES ('2', '102');
INSERT INTO `sys_role_menu` VALUES ('2', '103');
INSERT INTO `sys_role_menu` VALUES ('2', '104');
INSERT INTO `sys_role_menu` VALUES ('2', '105');
INSERT INTO `sys_role_menu` VALUES ('2', '106');
INSERT INTO `sys_role_menu` VALUES ('2', '107');
INSERT INTO `sys_role_menu` VALUES ('2', '108');
INSERT INTO `sys_role_menu` VALUES ('2', '109');
INSERT INTO `sys_role_menu` VALUES ('2', '110');
INSERT INTO `sys_role_menu` VALUES ('2', '111');
INSERT INTO `sys_role_menu` VALUES ('2', '112');
INSERT INTO `sys_role_menu` VALUES ('2', '113');
INSERT INTO `sys_role_menu` VALUES ('2', '114');
INSERT INTO `sys_role_menu` VALUES ('2', '115');
INSERT INTO `sys_role_menu` VALUES ('2', '500');
INSERT INTO `sys_role_menu` VALUES ('2', '501');
INSERT INTO `sys_role_menu` VALUES ('2', '1001');
INSERT INTO `sys_role_menu` VALUES ('2', '1002');
INSERT INTO `sys_role_menu` VALUES ('2', '1003');
INSERT INTO `sys_role_menu` VALUES ('2', '1004');
INSERT INTO `sys_role_menu` VALUES ('2', '1005');
INSERT INTO `sys_role_menu` VALUES ('2', '1006');
INSERT INTO `sys_role_menu` VALUES ('2', '1007');
INSERT INTO `sys_role_menu` VALUES ('2', '1008');
INSERT INTO `sys_role_menu` VALUES ('2', '1009');
INSERT INTO `sys_role_menu` VALUES ('2', '1010');
INSERT INTO `sys_role_menu` VALUES ('2', '1011');
INSERT INTO `sys_role_menu` VALUES ('2', '1012');
INSERT INTO `sys_role_menu` VALUES ('2', '1013');
INSERT INTO `sys_role_menu` VALUES ('2', '1014');
INSERT INTO `sys_role_menu` VALUES ('2', '1015');
INSERT INTO `sys_role_menu` VALUES ('2', '1016');
INSERT INTO `sys_role_menu` VALUES ('2', '1017');
INSERT INTO `sys_role_menu` VALUES ('2', '1018');
INSERT INTO `sys_role_menu` VALUES ('2', '1019');
INSERT INTO `sys_role_menu` VALUES ('2', '1020');
INSERT INTO `sys_role_menu` VALUES ('2', '1021');
INSERT INTO `sys_role_menu` VALUES ('2', '1022');
INSERT INTO `sys_role_menu` VALUES ('2', '1023');
INSERT INTO `sys_role_menu` VALUES ('2', '1024');
INSERT INTO `sys_role_menu` VALUES ('2', '1025');
INSERT INTO `sys_role_menu` VALUES ('2', '1026');
INSERT INTO `sys_role_menu` VALUES ('2', '1027');
INSERT INTO `sys_role_menu` VALUES ('2', '1028');
INSERT INTO `sys_role_menu` VALUES ('2', '1029');
INSERT INTO `sys_role_menu` VALUES ('2', '1030');
INSERT INTO `sys_role_menu` VALUES ('2', '1031');
INSERT INTO `sys_role_menu` VALUES ('2', '1032');
INSERT INTO `sys_role_menu` VALUES ('2', '1033');
INSERT INTO `sys_role_menu` VALUES ('2', '1034');
INSERT INTO `sys_role_menu` VALUES ('2', '1035');
INSERT INTO `sys_role_menu` VALUES ('2', '1036');
INSERT INTO `sys_role_menu` VALUES ('2', '1037');
INSERT INTO `sys_role_menu` VALUES ('2', '1038');
INSERT INTO `sys_role_menu` VALUES ('2', '1039');
INSERT INTO `sys_role_menu` VALUES ('2', '1040');
INSERT INTO `sys_role_menu` VALUES ('2', '1041');
INSERT INTO `sys_role_menu` VALUES ('2', '1042');
INSERT INTO `sys_role_menu` VALUES ('2', '1043');
INSERT INTO `sys_role_menu` VALUES ('2', '1044');
INSERT INTO `sys_role_menu` VALUES ('2', '1045');
INSERT INTO `sys_role_menu` VALUES ('2', '1046');
INSERT INTO `sys_role_menu` VALUES ('2', '1047');
INSERT INTO `sys_role_menu` VALUES ('2', '1048');
INSERT INTO `sys_role_menu` VALUES ('2', '1049');
INSERT INTO `sys_role_menu` VALUES ('2', '1050');
INSERT INTO `sys_role_menu` VALUES ('2', '1051');
INSERT INTO `sys_role_menu` VALUES ('2', '1052');
INSERT INTO `sys_role_menu` VALUES ('2', '1053');
INSERT INTO `sys_role_menu` VALUES ('2', '1054');
INSERT INTO `sys_role_menu` VALUES ('2', '1055');
INSERT INTO `sys_role_menu` VALUES ('2', '1056');
INSERT INTO `sys_role_menu` VALUES ('2', '1057');
INSERT INTO `sys_role_menu` VALUES ('2', '1058');
INSERT INTO `sys_role_menu` VALUES ('2', '1059');
INSERT INTO `sys_role_menu` VALUES ('2', '1060');

-- ----------------------------
-- Table structure for sys_user
-- ----------------------------
DROP TABLE IF EXISTS `sys_user`;
CREATE TABLE `sys_user` (
  `user_id` bigint NOT NULL AUTO_INCREMENT COMMENT '用户ID',
  `dept_id` bigint DEFAULT NULL COMMENT '部门ID',
  `user_name` varchar(30) NOT NULL COMMENT '用户账号',
  `nick_name` varchar(30) NOT NULL COMMENT '用户昵称',
  `user_type` varchar(2) DEFAULT '00' COMMENT '用户类型（00系统用户）',
  `email` varchar(50) DEFAULT '' COMMENT '用户邮箱',
  `phonenumber` varchar(11) DEFAULT '' COMMENT '手机号码',
  `sex` char(1) DEFAULT '0' COMMENT '用户性别（0男 1女 2未知）',
  `avatar` varchar(100) DEFAULT '' COMMENT '头像地址',
  `password` varchar(100) DEFAULT '' COMMENT '密码',
  `status` char(1) DEFAULT '0' COMMENT '帐号状态（0正常 1停用）',
  `del_flag` char(1) DEFAULT '0' COMMENT '删除标志（0代表存在 2代表删除）',
  `login_ip` varchar(50) DEFAULT '' COMMENT '最后登陆IP',
  `login_date` datetime DEFAULT NULL COMMENT '最后登陆时间',
  `create_by` varchar(64) DEFAULT '' COMMENT '创建者',
  `create_time` datetime DEFAULT NULL COMMENT '创建时间',
  `update_by` varchar(64) DEFAULT '' COMMENT '更新者',
  `update_time` datetime DEFAULT NULL COMMENT '更新时间',
  `remark` varchar(500) DEFAULT NULL COMMENT '备注',
  PRIMARY KEY (`user_id`)
) ENGINE=InnoDB AUTO_INCREMENT=101 DEFAULT CHARSET=utf8mb4 COLLATE=utf8mb4_0900_ai_ci COMMENT='用户信息表';

-- ----------------------------
-- Records of sys_user
-- ----------------------------
INSERT INTO `sys_user` VALUES ('1', '103', 'admin', '若依', '00', 'ry@163.com', '15888888888', '1', '', '$2a$10$7JB720yubVSZvUI0rEqK/.VqGOZTH.ulu33dHOiBE8ByOhJIrdAu2', '0', '0', '127.0.0.1', '2018-03-16 11:33:00', 'admin', '2018-03-16 11:33:00', 'ry', '2018-03-16 11:33:00', '管理员');
INSERT INTO `sys_user` VALUES ('2', '105', 'ry', '塬微', '00', 'yw@qq.com', '15666666666', '1', '', '$2a$10$7JB720yubVSZvUI0rEqK/.VqGOZTH.ulu33dHOiBE8ByOhJIrdAu2', '0', '2', '127.0.0.1', '2018-03-16 11:33:00', 'admin', '2018-03-16 11:33:00', 'admin', '2020-09-13 15:36:10', '测试员');
INSERT INTO `sys_user` VALUES ('100', '103', 'admin1111', '1212', '00', '1539136324@qq.com', '18158873856', '0', '', '$2a$10$3YQW427CAAZKRCitiQWif.PDcQN2VskNsxWJV.1olVJVb/ebR/MhC', '0', '2', '', null, 'admin', '2020-09-18 19:08:03', '', null, null);

-- ----------------------------
-- Table structure for sys_user_post
-- ----------------------------
DROP TABLE IF EXISTS `sys_user_post`;
CREATE TABLE `sys_user_post` (
  `user_id` bigint NOT NULL COMMENT '用户ID',
  `post_id` bigint NOT NULL COMMENT '岗位ID',
  PRIMARY KEY (`user_id`,`post_id`)
) ENGINE=InnoDB DEFAULT CHARSET=utf8mb4 COLLATE=utf8mb4_0900_ai_ci COMMENT='用户与岗位关联表';

-- ----------------------------
-- Records of sys_user_post
-- ----------------------------
INSERT INTO `sys_user_post` VALUES ('1', '1');
INSERT INTO `sys_user_post` VALUES ('2', '2');

-- ----------------------------
-- Table structure for sys_user_role
-- ----------------------------
DROP TABLE IF EXISTS `sys_user_role`;
CREATE TABLE `sys_user_role` (
  `user_id` bigint NOT NULL COMMENT '用户ID',
  `role_id` bigint NOT NULL COMMENT '角色ID',
  PRIMARY KEY (`user_id`,`role_id`)
) ENGINE=InnoDB DEFAULT CHARSET=utf8mb4 COLLATE=utf8mb4_0900_ai_ci COMMENT='用户和角色关联表';

-- ----------------------------
-- Records of sys_user_role
-- ----------------------------
INSERT INTO `sys_user_role` VALUES ('1', '1');
INSERT INTO `sys_user_role` VALUES ('2', '2');

-- ----------------------------
-- Table structure for we_corp_account
-- ----------------------------
DROP TABLE IF EXISTS `we_corp_account`;
CREATE TABLE `we_corp_account` (
  `id` int NOT NULL AUTO_INCREMENT,
  `company_name` varchar(100) DEFAULT NULL COMMENT '企业名称',
  `corp_id` varchar(64) DEFAULT NULL COMMENT '企业ID',
  `corp_secret` varchar(64) DEFAULT NULL COMMENT '应用的密钥凭证',
  `contact_secret` varchar(64) DEFAULT NULL COMMENT '外部联系人密钥',
  `status` char(1) DEFAULT '1' COMMENT '帐号状态（0正常 1停用)',
  `del_flag` char(1) DEFAULT '0' COMMENT '删除标志（0代表存在 2代表删除）',
  `create_by` varchar(64) DEFAULT NULL,
  `create_time` datetime DEFAULT NULL COMMENT '创建时间',
  `update_by` varchar(64) DEFAULT NULL,
  `update_time` datetime DEFAULT NULL,
  PRIMARY KEY (`id`)
) ENGINE=InnoDB AUTO_INCREMENT=8 DEFAULT CHARSET=utf8mb4 COLLATE=utf8mb4_0900_ai_ci COMMENT='企业id相关配置';

-- ----------------------------
-- Records of we_corp_account
-- ----------------------------

-- ----------------------------
-- Table structure for we_customer
-- ----------------------------
DROP TABLE IF EXISTS `we_customer`;
CREATE TABLE `we_customer` (
  `external_userid` varchar(32) CHARACTER SET utf8mb4 COLLATE utf8mb4_0900_ai_ci NOT NULL COMMENT '外部联系人的userid',
  `name` varchar(32) DEFAULT NULL COMMENT '外部联系人名称',
  `avatar` varchar(100) DEFAULT NULL COMMENT '外部联系人头像',
  `type` tinyint DEFAULT NULL COMMENT '外部联系人的类型，1表示该外部联系人是微信用户，2表示该外部联系人是企业微信用户',
  `gender` tinyint DEFAULT NULL COMMENT '外部联系人性别 0-未知 1-男性 2-女性',
  `unionid` varchar(32) DEFAULT NULL COMMENT '外部联系人在微信开放平台的唯一身份标识,通过此字段企业可将外部联系人与公众号/小程序用户关联起来。',
  `birthday` datetime DEFAULT NULL COMMENT '生日',
  `corp_name` varchar(100) DEFAULT NULL COMMENT '客户企业简称',
  `corp_full_name` varchar(100) DEFAULT NULL COMMENT '客户企业全称',
  `position` varchar(100) DEFAULT NULL COMMENT '客户职位',
  PRIMARY KEY (`external_userid`)
) ENGINE=InnoDB DEFAULT CHARSET=utf8mb4 COLLATE=utf8mb4_0900_ai_ci COMMENT='企业微信客户表';

-- ----------------------------
-- Records of we_customer
-- ----------------------------
INSERT INTO `we_customer` VALUES ('wm2H-nDQAA6pTRfJF2ywka6yJ2Opl8PQ', '45度', 'http://wx.qlogo.cn/mmhead/uI5pczeERTbdXh2yJLy6T3DhHWfdLkrOvZCibCIia0Q706U18UsTUrJw/0', '1', '1', null, null, null, null, null);
INSERT INTO `we_customer` VALUES ('wm2H-nDQAAdUkp__-t-f2hY0PEiiDHWQ', '_Alone°', 'http://wx.qlogo.cn/mmhead/Q3auHgzwzM53hwhG5TrgXZ2ntsUibKdtlwNKxFyKcCOicHh5RRRpvQhg/0', '1', '1', null, null, null, null, null);
INSERT INTO `we_customer` VALUES ('wm2H-nDQAAGq_veGovSP14TWFuBTr2AQ', '柯文', 'http://wx.qlogo.cn/mmhead/Q3auHgzwzM7Kniao4acQmZAaYNoFRGjPdB2WPuPCOrjNzTYHlKgP3pA/0', '1', '1', null, null, null, null, null);
INSERT INTO `we_customer` VALUES ('wm2H-nDQAAP81aMfJ877p-z9i9CDIYXA', 'HaoN', 'http://wx.qlogo.cn/mmhead/SQd7RF5caa3ib2Z7EXJMMLt7AibibzWS1QdsMMvLs1QdibegcyWd2TZ7ug/0', '1', '1', null, null, null, null, null);

-- ----------------------------
-- Table structure for we_department
-- ----------------------------
DROP TABLE IF EXISTS `we_department`;
CREATE TABLE `we_department` (
  `id` bigint NOT NULL,
  `name` varchar(64) NOT NULL COMMENT '部门名称',
  `parent_id` bigint NOT NULL,
  PRIMARY KEY (`id`)
) ENGINE=InnoDB DEFAULT CHARSET=utf8mb4 COLLATE=utf8mb4_0900_ai_ci COMMENT='企业微信组织架构相关';

-- ----------------------------
-- Records of we_department
-- ----------------------------
INSERT INTO `we_department` VALUES ('1', '池州康有保网络科技有限公司', '0');
INSERT INTO `we_department` VALUES ('4294967295', '总经办', '1');

-- ----------------------------
-- Table structure for we_emple_code
-- ----------------------------
DROP TABLE IF EXISTS `we_emple_code`;
CREATE TABLE `we_emple_code` (
  `id` bigint NOT NULL,
  `code_type` tinyint DEFAULT NULL COMMENT '活码类型:1:批量;2:单人;3:多人;',
  `is_join_confirm_friends` tinyint DEFAULT NULL COMMENT '客户添加时无需经过确认自动成为好友:1:是;0:否',
  `activity_scene` varchar(70) DEFAULT NULL COMMENT '活动场景',
  `welcome_msg` varchar(60) DEFAULT NULL COMMENT '欢迎语',
  `create_by` varchar(64) DEFAULT NULL COMMENT '创建人',
  `create_time` datetime DEFAULT NULL COMMENT '创建时间',
  `del_flag` tinyint DEFAULT NULL COMMENT '0:正常;1:删除;',
  PRIMARY KEY (`id`)
) ENGINE=InnoDB DEFAULT CHARSET=utf8mb4 COLLATE=utf8mb4_0900_ai_ci COMMENT='员工活码表';

-- ----------------------------
-- Records of we_emple_code
-- ----------------------------
INSERT INTO `we_emple_code` VALUES ('1316026794918416384', '1', '0', '活动添加', '欢迎加我好友', null, '2020-10-13 22:43:33', '0');
INSERT INTO `we_emple_code` VALUES ('1316031133099626496', '1', '0', '活动添加', '欢迎加我好友', null, '2020-10-13 23:00:47', '0');
INSERT INTO `we_emple_code` VALUES ('1316032275879694336', '1', '0', '活动添加', '欢迎加我好友', null, '2020-10-13 23:05:20', '0');
INSERT INTO `we_emple_code` VALUES ('1316032806769528832', '1', '0', '活动添加', '欢迎加我好友', null, '2020-10-13 23:07:26', '0');
INSERT INTO `we_emple_code` VALUES ('1316042981685465088', '1', '0', '活动', '欢迎', null, '2020-10-13 23:47:52', '0');
INSERT INTO `we_emple_code` VALUES ('1316043881288175616', '1', '0', '活动', '欢迎', null, '2020-10-13 23:51:27', '0');

-- ----------------------------
-- Table structure for we_emple_code_tag
-- ----------------------------
DROP TABLE IF EXISTS `we_emple_code_tag`;
CREATE TABLE `we_emple_code_tag` (
  `id` bigint NOT NULL,
  `tag_id` bigint DEFAULT NULL COMMENT '标签id',
  `emple_code_id` bigint DEFAULT NULL COMMENT '员工活码id',
  `del_flag` tinyint DEFAULT '0' COMMENT '0:正常;2:删除;',
  PRIMARY KEY (`id`)
) ENGINE=InnoDB DEFAULT CHARSET=utf8mb4 COLLATE=utf8mb4_0900_ai_ci COMMENT='员工活码标签';

-- ----------------------------
-- Records of we_emple_code_tag
-- ----------------------------

-- ----------------------------
-- Table structure for we_emple_code_use_scop
-- ----------------------------
DROP TABLE IF EXISTS `we_emple_code_use_scop`;
CREATE TABLE `we_emple_code_use_scop` (
  `id` bigint NOT NULL,
  `emple_code_id` bigint DEFAULT NULL COMMENT '员工活码id',
  `use_user_id` bigint DEFAULT NULL COMMENT '活码类型下业务使用人的id',
  `del_flag` tinyint DEFAULT NULL COMMENT '0:正常;2:删除;',
  PRIMARY KEY (`id`)
) ENGINE=InnoDB DEFAULT CHARSET=utf8mb4 COLLATE=utf8mb4_0900_ai_ci COMMENT='员工活码使用人';

-- ----------------------------
-- Records of we_emple_code_use_scop
-- ----------------------------
INSERT INTO `we_emple_code_use_scop` VALUES ('1316026794918416385', '1316026794918416384', '18158873850', '0');
INSERT INTO `we_emple_code_use_scop` VALUES ('1316031133099626497', '1316031133099626496', '18158873850', '0');
INSERT INTO `we_emple_code_use_scop` VALUES ('1316032275879694337', '1316032275879694336', '18158873850', '0');
INSERT INTO `we_emple_code_use_scop` VALUES ('1316032806769528833', '1316032806769528832', '18158873850', '0');
INSERT INTO `we_emple_code_use_scop` VALUES ('1316042981685465089', '1316042981685465088', '18158873850', '0');
INSERT INTO `we_emple_code_use_scop` VALUES ('1316043881288175617', '1316043881288175616', '18158873850', '0');

-- ----------------------------
-- Table structure for we_flower_customer_rel
-- ----------------------------
DROP TABLE IF EXISTS `we_flower_customer_rel`;
CREATE TABLE `we_flower_customer_rel` (
  `user_id` varchar(32) CHARACTER SET utf8mb4 COLLATE utf8mb4_0900_ai_ci NOT NULL COMMENT '添加了此外部联系人的企业成员userid',
  `remark` varchar(100) CHARACTER SET utf8mb4 COLLATE utf8mb4_0900_ai_ci DEFAULT NULL COMMENT '该成员对此外部联系人的备注',
  `description` tinytext CHARACTER SET utf8mb4 COLLATE utf8mb4_0900_ai_ci COMMENT '该成员对此外部联系人的描述',
  `create_time` datetime DEFAULT NULL COMMENT '该成员添加此外部联系人的时间',
  `remark_corp_name` varchar(100) CHARACTER SET utf8mb4 COLLATE utf8mb4_0900_ai_ci DEFAULT NULL COMMENT '该成员对此客户备注的企业名称\r\n',
  `remark_mobiles` varchar(255) CHARACTER SET utf8mb4 COLLATE utf8mb4_0900_ai_ci DEFAULT NULL COMMENT '该成员对此客户备注的手机号码',
  `oper_userid` varchar(32) CHARACTER SET utf8mb4 COLLATE utf8mb4_0900_ai_ci DEFAULT NULL COMMENT '发起添加的userid，如果成员主动添加，为成员的userid；如果是客户主动添加，则为客户的外部联系人userid；如果是内部成员共享/管理员分配，则为对应的成员/管理员userid',
  `add_way` varchar(30) CHARACTER SET utf8mb4 COLLATE utf8mb4_0900_ai_ci DEFAULT NULL COMMENT '该成员添加此客户的来源，',
  `state` varchar(30) CHARACTER SET utf8mb4 COLLATE utf8mb4_0900_ai_ci DEFAULT NULL COMMENT '企业自定义的state参数，用于区分客户具体是通过哪个「联系我」添加，由企业通过创建「联系我」方式指定',
  `customer_id` bigint DEFAULT NULL COMMENT '客户id',
  `status` char(255) CHARACTER SET utf8mb4 COLLATE utf8mb4_0900_ai_ci DEFAULT '0' COMMENT '状态（0正常 1删除）',
  PRIMARY KEY (`user_id`)
) ENGINE=InnoDB DEFAULT CHARSET=utf8mb4 COLLATE=utf8mb4_0900_ai_ci COMMENT='具有外部联系人功能企业员工也客户的关系表';

-- ----------------------------
-- Records of we_flower_customer_rel
-- ----------------------------
INSERT INTO `we_flower_customer_rel` VALUES ('15665400628', null, '', '1970-01-19 21:18:35', null, '', 'wm2H-nDQAAdUkp__-t-f2hY0PEiiDHWQ', '3', null, null, '0');

-- ----------------------------
-- Table structure for we_flower_customer_tag_rel
-- ----------------------------
DROP TABLE IF EXISTS `we_flower_customer_tag_rel`;
CREATE TABLE `we_flower_customer_tag_rel` (
  `id` bigint NOT NULL,
  `flower_customer_rel_id` bigint NOT NULL COMMENT '添加客户的企业微信用户',
  `tag_id` bigint NOT NULL COMMENT '标签id',
  `create_time` datetime DEFAULT NULL,
  PRIMARY KEY (`id`)
) ENGINE=InnoDB DEFAULT CHARSET=utf8mb4 COLLATE=utf8mb4_0900_ai_ci COMMENT='客户标签关系表';

-- ----------------------------
-- Records of we_flower_customer_tag_rel
-- ----------------------------
INSERT INTO `we_flower_customer_tag_rel` VALUES ('1305714395954941954', '1305714395954941953', '1306900239919222785', '2020-09-19 19:20:53');

-- ----------------------------
-- Table structure for we_group
-- ----------------------------
DROP TABLE IF EXISTS `we_group`;
CREATE TABLE `we_group` (
  `id` bigint NOT NULL,
  `group_name` varchar(20) DEFAULT NULL COMMENT '群名',
  `member_num` int DEFAULT NULL COMMENT '群成员数',
  `group_leader` varchar(20) DEFAULT NULL COMMENT '群主',
  `create_time` timestamp NULL DEFAULT NULL COMMENT '创建时间',
  `notice` varchar(100) DEFAULT NULL COMMENT '群公告',
  `group_leader_user_id` varchar(32) DEFAULT NULL COMMENT '群主userId',
  `del_flag` char(1) DEFAULT '0' COMMENT '0正常;2:删除',
  PRIMARY KEY (`id`)
) ENGINE=InnoDB DEFAULT CHARSET=utf8mb4 COLLATE=utf8mb4_0900_ai_ci COMMENT='企业微信群';

-- ----------------------------
-- Records of we_group
-- ----------------------------
INSERT INTO `we_group` VALUES ('1305714395954941951', '聊天群', '20', '马云', '2020-09-20 22:30:52', '每天必须发红包', '18158873850', '0');

-- ----------------------------
-- Table structure for we_group_code
-- ----------------------------
DROP TABLE IF EXISTS `we_group_code`;
CREATE TABLE `we_group_code` (
  `id` bigint NOT NULL,
  `activity_head_url` varchar(60) DEFAULT NULL COMMENT '活动头像',
  `activity_name` varchar(60) DEFAULT NULL COMMENT '活动名称',
  `activity_scene` varchar(60) DEFAULT NULL COMMENT '场景',
  `guide` varchar(60) DEFAULT NULL COMMENT '引导语',
  `join_group_is_tip` tinyint DEFAULT NULL COMMENT '进群是否提示:1:是;0:否;',
  `tip_msg` varchar(100) DEFAULT NULL COMMENT '进群提示语',
  `customer_server_qr_code` varchar(100) DEFAULT NULL COMMENT '客服二维码',
  `del_flag` tinyint DEFAULT NULL COMMENT '0:正常;2:删除;',
  PRIMARY KEY (`id`)
) ENGINE=InnoDB DEFAULT CHARSET=utf8mb4 COLLATE=utf8mb4_0900_ai_ci COMMENT='客户群活码';

-- ----------------------------
-- Records of we_group_code
-- ----------------------------

-- ----------------------------
-- Table structure for we_group_code_actual
-- ----------------------------
DROP TABLE IF EXISTS `we_group_code_actual`;
CREATE TABLE `we_group_code_actual` (
  `id` bigint NOT NULL,
  `actual_group_qr_code` varchar(100) DEFAULT NULL COMMENT '实际群码',
  `group_name` varchar(100) DEFAULT NULL COMMENT '群名称',
  `effect_time` datetime DEFAULT NULL COMMENT '有效期',
  `scan_code_times_limit` int DEFAULT NULL COMMENT '扫码次数限制',
  `group_code_id` bigint DEFAULT NULL COMMENT '群活码id',
  `scan_code_times` int DEFAULT NULL COMMENT '扫码次数',
  `del_flag` tinyint DEFAULT NULL COMMENT '0:正常使用;2:删除;',
  `status` tinyint DEFAULT '0' COMMENT '0:使用中',
  PRIMARY KEY (`id`)
) ENGINE=InnoDB DEFAULT CHARSET=utf8mb4 COLLATE=utf8mb4_0900_ai_ci COMMENT='实际群码';

-- ----------------------------
-- Records of we_group_code_actual
-- ----------------------------

-- ----------------------------
-- Table structure for we_group_member
-- ----------------------------
DROP TABLE IF EXISTS `we_group_member`;
CREATE TABLE `we_group_member` (
  `id` bigint NOT NULL,
  `group_id` bigint DEFAULT NULL COMMENT '群id',
  `member_name` varchar(50) DEFAULT NULL COMMENT '成员名称',
  `join_time` timestamp NULL DEFAULT NULL COMMENT '加群时间',
  `join_type` tinyint DEFAULT NULL COMMENT '进群方式',
  PRIMARY KEY (`id`)
) ENGINE=InnoDB DEFAULT CHARSET=utf8mb4 COLLATE=utf8mb4_0900_ai_ci COMMENT='企业微信群成员';

-- ----------------------------
-- Records of we_group_member
-- ----------------------------
INSERT INTO `we_group_member` VALUES ('1305714395954941952', '1305714395954941951', '马化腾', '2020-09-28 22:22:22', '1');
INSERT INTO `we_group_member` VALUES ('1305714395954941953', '1305714395954941951', '马云', '2020-09-28 22:22:48', '2');

-- ----------------------------
-- Table structure for we_msg_tlp
-- ----------------------------
DROP TABLE IF EXISTS `we_msg_tlp`;
CREATE TABLE `we_msg_tlp` (
  `id` bigint NOT NULL,
  `welcome_msg` varchar(255) DEFAULT NULL COMMENT '欢迎语',
  `media_id` bigint DEFAULT NULL COMMENT '素材的id',
  `del_flag` tinyint DEFAULT '0' COMMENT '0:正常;2:删除;',
  `welcome_msg_tpl_type` tinyint DEFAULT NULL COMMENT '欢迎语模板类型:1:员工欢迎语;2:部门员工欢迎语;3:客户群欢迎语',
  `create_by` varchar(60) DEFAULT NULL,
  `create_time` datetime DEFAULT NULL,
  PRIMARY KEY (`id`)
) ENGINE=InnoDB DEFAULT CHARSET=utf8mb4 COLLATE=utf8mb4_0900_ai_ci COMMENT='欢迎语模板表';

-- ----------------------------
-- Records of we_msg_tlp
-- ----------------------------
INSERT INTO `we_msg_tlp` VALUES ('1312734181264068608', '欢迎光临', null, '2', '1', '1', '2020-10-04 20:48:39');
INSERT INTO `we_msg_tlp` VALUES ('1312734240420532224', '欢迎光临', null, '2', '1', '1', '2020-10-04 20:48:42');
INSERT INTO `we_msg_tlp` VALUES ('1312734249236959232', '欢迎光临', null, '2', '1', '1', '2020-10-04 20:48:44');
INSERT INTO `we_msg_tlp` VALUES ('1312734256459550720', '欢迎光临', null, '0', '1', '1', '2020-10-04 20:48:46');
INSERT INTO `we_msg_tlp` VALUES ('1312740005210361856', '欢迎加入该部门', null, '0', '2', null, null);

-- ----------------------------
-- Table structure for we_msg_tlp_scope
-- ----------------------------
DROP TABLE IF EXISTS `we_msg_tlp_scope`;
CREATE TABLE `we_msg_tlp_scope` (
  `id` bigint NOT NULL,
  `msg_tlp_id` bigint DEFAULT NULL COMMENT '模板id',
  `use_user_id` bigint DEFAULT NULL COMMENT '使用人id',
  `del_flag` tinyint DEFAULT '0' COMMENT '0:正常;2:删除;',
  PRIMARY KEY (`id`)
) ENGINE=InnoDB DEFAULT CHARSET=utf8mb4 COLLATE=utf8mb4_0900_ai_ci COMMENT='模板使用人员范围';

-- ----------------------------
-- Records of we_msg_tlp_scope
-- ----------------------------
INSERT INTO `we_msg_tlp_scope` VALUES ('1312740015884865536', '1312740005210361856', '18158873850', null);

-- ----------------------------
-- Table structure for we_tag
-- ----------------------------
DROP TABLE IF EXISTS `we_tag`;
CREATE TABLE `we_tag` (
  `group_id` varchar(64) NOT NULL COMMENT '标签组id',
  `name` varchar(50) DEFAULT NULL COMMENT '标签名',
  `create_time` datetime DEFAULT NULL,
  `status` char(1) DEFAULT '0' COMMENT '状态（0正常 1删除）',
  `tag_id` varchar(64) CHARACTER SET utf8mb4 COLLATE utf8mb4_0900_ai_ci NOT NULL COMMENT '微信端返回的id',
  PRIMARY KEY (`tag_id`)
) ENGINE=InnoDB DEFAULT CHARSET=utf8mb4 COLLATE=utf8mb4_0900_ai_ci COMMENT='企业微信标签';

-- ----------------------------
-- Records of we_tag
-- ----------------------------
INSERT INTO `we_tag` VALUES ('et2H-nDQAA6z3FMzFzpJqrPELxeShssg', '企业QQ', null, '0', '1317848650322444290');
INSERT INTO `we_tag` VALUES ('et2H-nDQAAlc7a6GMExv0dLNLpqG7ifw', '一般', '2020-10-19 23:13:37', '0', 'et2H-nDQAAB0r4Os2wS9y5lRsiXCVysw');
INSERT INTO `we_tag` VALUES ('et2H-nDQAA6z3FMzFzpJqrPELxeShssg', '个人QQ', '2020-10-18 22:58:40', '0', 'et2H-nDQAAbncXTRdlInYQWDYTXwdp2A');
INSERT INTO `we_tag` VALUES ('et2H-nDQAAdpZH-mCQq43ih5xUlrS9UQ', '企业QQ', '2020-10-19 23:13:37', '0', 'et2H-nDQAACFz3gFh1wZ5cSqQhApwUyA');
INSERT INTO `we_tag` VALUES ('et2H-nDQAA6z3FMzFzpJqrPELxeShssg', '集团QQ', '2020-10-18 23:03:51', '2', 'et2H-nDQAAek97KwuRxo7bU-OKScbj7Q');
INSERT INTO `we_tag` VALUES ('et2H-nDQAA3aVM1lD_fjvaHz1yBLLCyw', 'ns', '2020-10-19 23:13:37', '0', 'et2H-nDQAAfOHkbFqoPP0_yGegTItqbQ');
INSERT INTO `we_tag` VALUES ('et2H-nDQAAlc7a6GMExv0dLNLpqG7ifw', '重要', '2020-10-19 23:13:37', '0', 'et2H-nDQAAiPbIPpTFjBK1AgXbsox1lw');
INSERT INTO `we_tag` VALUES ('et2H-nDQAAlc7a6GMExv0dLNLpqG7ifw', '核心', '2020-10-19 23:13:37', '0', 'et2H-nDQAAj3mxfMi19Zv1rFn8zPA04g');
INSERT INTO `we_tag` VALUES ('et2H-nDQAAvP7oyUXPvycpBpVoHVaCiw', 'office', '2020-10-19 23:13:37', '0', 'et2H-nDQAAlanr5ETLzQkyvH0LfwzupQ');
INSERT INTO `we_tag` VALUES ('et2H-nDQAAFHFM5mBW9RYsQbKDzuVq2g', '个人用户', '2020-10-19 23:13:37', '0', 'et2H-nDQAALPTXhYLwzwtMc25IE3COFw');
INSERT INTO `we_tag` VALUES ('et2H-nDQAA6z3FMzFzpJqrPELxeShssg', '企业QQ', '2020-10-18 22:58:40', '2', 'et2H-nDQAAmv0a_E2-ycrSFZeUq4CVAw');
INSERT INTO `we_tag` VALUES ('et2H-nDQAA0OENkZNfgx7cjF8IacoShg', '小米手环', '2020-10-19 23:13:37', '0', 'et2H-nDQAANng0Mp9ccFSv6ivIaQGzOw');
INSERT INTO `we_tag` VALUES ('et2H-nDQAAvP7oyUXPvycpBpVoHVaCiw', 'win10', '2020-10-19 23:13:37', '0', 'et2H-nDQAANOpGrDw7K0IKEP0qkETPIw');
INSERT INTO `we_tag` VALUES ('et2H-nDQAA3aVM1lD_fjvaHz1yBLLCyw', '3DS', '2020-10-19 23:13:37', '0', 'et2H-nDQAAoQHbI-WcP6YJEWznUVcf1A');
INSERT INTO `we_tag` VALUES ('et2H-nDQAAbfp4SYpjlqftIUrsOetTYA', '头条个人版', '2020-10-19 23:13:37', '0', 'et2H-nDQAApNst9tz35QfcuDm7voUVkw');
INSERT INTO `we_tag` VALUES ('et2H-nDQAA0OENkZNfgx7cjF8IacoShg', '小米手机', '2020-10-19 23:13:37', '0', 'et2H-nDQAASkqQ45l7Y2Hmn9zF2mGyNQ');
INSERT INTO `we_tag` VALUES ('et2H-nDQAAbPMC4qg7GJEB6-BX02rP_g', '搜索', '2020-10-19 23:13:37', '0', 'et2H-nDQAAt-u5etpk4n4CcPhIAfK81w');
INSERT INTO `we_tag` VALUES ('et2H-nDQAAFaRgbCuZxnoorLxtif1Qsw', '和平金鹰', '2020-10-19 23:13:37', '0', 'et2H-nDQAAt9LCC8KqDHTbXcN2jAUmuA');
INSERT INTO `we_tag` VALUES ('et2H-nDQAAFHFM5mBW9RYsQbKDzuVq2g', '企业用户', '2020-10-19 23:13:37', '0', 'et2H-nDQAATH8oY7ppNrVgpMJeEnXj3w');
INSERT INTO `we_tag` VALUES ('et2H-nDQAAbPMC4qg7GJEB6-BX02rP_g', '外卖', '2020-10-19 23:13:37', '0', 'et2H-nDQAAU2IljITWzPLsbznNhgwacg');
INSERT INTO `we_tag` VALUES ('et2H-nDQAAFaRgbCuZxnoorLxtif1Qsw', '王者荣耀', '2020-10-19 23:13:37', '0', 'et2H-nDQAAxAGXa-N80NDsSbkPCSz-Qg');
INSERT INTO `we_tag` VALUES ('et2H-nDQAAbPMC4qg7GJEB6-BX02rP_g', '医院', '2020-10-19 23:13:37', '0', 'et2H-nDQAAyqroxi05szksuXGVXwslbw');

-- ----------------------------
-- Table structure for we_tag_group
-- ----------------------------
DROP TABLE IF EXISTS `we_tag_group`;
CREATE TABLE `we_tag_group` (
  `group_id` varchar(64) CHARACTER SET utf8mb4 COLLATE utf8mb4_0900_ai_ci NOT NULL,
  `gourp_name` varchar(50) DEFAULT NULL,
  `create_by` varchar(64) DEFAULT NULL,
  `create_time` datetime DEFAULT NULL,
  `status` char(1) DEFAULT '0' COMMENT '帐号状态（0正常 1删除）',
  PRIMARY KEY (`group_id`)
) ENGINE=InnoDB DEFAULT CHARSET=utf8mb4 COLLATE=utf8mb4_0900_ai_ci COMMENT='标签组';

-- ----------------------------
-- Records of we_tag_group
-- ----------------------------
INSERT INTO `we_tag_group` VALUES ('1318224378718068737', 'afea', null, '2020-10-20 00:35:45', '0');
INSERT INTO `we_tag_group` VALUES ('et2H-nDQAA0OENkZNfgx7cjF8IacoShg', '小米', 'admin', '2020-10-19 23:13:37', '0');
INSERT INTO `we_tag_group` VALUES ('et2H-nDQAA3aVM1lD_fjvaHz1yBLLCyw', '任天堂', 'admin', '2020-10-19 23:13:37', '0');
INSERT INTO `we_tag_group` VALUES ('et2H-nDQAA6z3FMzFzpJqrPELxeShssg', 'QQ用户', 'admin', '2020-10-18 23:03:51', '0');
INSERT INTO `we_tag_group` VALUES ('et2H-nDQAAbfp4SYpjlqftIUrsOetTYA', '今日头条', 'admin', '2020-10-19 23:13:37', '0');
INSERT INTO `we_tag_group` VALUES ('et2H-nDQAAbPMC4qg7GJEB6-BX02rP_g', '百度', 'admin', '2020-10-19 23:13:37', '0');
INSERT INTO `we_tag_group` VALUES ('et2H-nDQAAdpZH-mCQq43ih5xUlrS9UQ', 'QQ用户', 'admin', '2020-10-19 23:13:37', '0');
INSERT INTO `we_tag_group` VALUES ('et2H-nDQAAFaRgbCuZxnoorLxtif1Qsw', '腾讯游戏', 'admin', '2020-10-19 23:13:37', '0');
INSERT INTO `we_tag_group` VALUES ('et2H-nDQAAFHFM5mBW9RYsQbKDzuVq2g', '拼多多客户', 'admin', '2020-10-19 23:13:37', '0');
INSERT INTO `we_tag_group` VALUES ('et2H-nDQAAlc7a6GMExv0dLNLpqG7ifw', '客户等级', 'admin', '2020-10-19 23:13:37', '0');
INSERT INTO `we_tag_group` VALUES ('et2H-nDQAAvP7oyUXPvycpBpVoHVaCiw', '微软', 'admin', '2020-10-19 23:13:37', '0');

-- ----------------------------
-- Table structure for we_user
-- ----------------------------
DROP TABLE IF EXISTS `we_user`;
CREATE TABLE `we_user` (
  `id` bigint NOT NULL,
  `user_id` varchar(64) NOT NULL,
  `head_image_url` varchar(255) DEFAULT NULL COMMENT '头像地址',
  `user_name` varchar(200) DEFAULT NULL COMMENT '用户名称',
  `alias` varchar(100) DEFAULT NULL COMMENT '用户昵称',
  `gender` tinyint(1) DEFAULT '1' COMMENT '性别。1表示男性，2表示女性',
  `mobile` char(11) NOT NULL COMMENT '手机号',
  `email` varchar(30) DEFAULT NULL COMMENT '邮箱',
  `wx_account` varchar(32) DEFAULT NULL COMMENT '个人微信号',
  `department` tinytext COMMENT '用户所属部门,使用逗号隔开,字符串格式存储',
  `position` varchar(300) DEFAULT NULL COMMENT '职务',
  `is_leader_in_dept` tinytext COMMENT '1表示为上级,0表示普通成员(非上级)。',
  `join_time` date DEFAULT NULL COMMENT '入职时间',
  `enable` tinyint DEFAULT '1' COMMENT '是否启用(1表示启用成员，0表示禁用成员)',
  `id_card` char(18) DEFAULT NULL COMMENT '身份证号',
  `qq_account` varchar(20) DEFAULT NULL COMMENT 'QQ号',
  `telephone` varchar(32) DEFAULT NULL COMMENT '座机',
  `address` varchar(300) DEFAULT NULL COMMENT '地址',
  `birthday` date DEFAULT NULL COMMENT '生日',
  `remark` varchar(255) DEFAULT NULL COMMENT '备注',
  `is_activate` tinyint DEFAULT NULL COMMENT ' 1=已激活，2=已禁用，4=未激活，5=退出企业。',
  `customer_tags` varchar(255) DEFAULT NULL COMMENT '客户标签,字符串使用逗号隔开',
  `dimission_time` datetime DEFAULT NULL COMMENT '离职时间',
  PRIMARY KEY (`id`)
) ENGINE=InnoDB DEFAULT CHARSET=utf8mb4 COLLATE=utf8mb4_0900_ai_ci COMMENT='通讯录相关客户';

-- ----------------------------
-- Records of we_user
-- ----------------------------
INSERT INTO `we_user` VALUES ('1318202977185566720', 'XuXueJun', null, '徐学军', '', '1', '18654148698', '1570728529@qq.com', null, '1', '', '0', null, '1', null, null, '', null, null, null, '2', null, null);
INSERT INTO `we_user` VALUES ('1318202977428836352', 'Kong', null, '柯鹏浩', '', '1', '18056630169', '', null, '1', '', '0', null, '1', null, null, '', null, null, null, '2', null, null);
INSERT INTO `we_user` VALUES ('1318202977428836353', 'XiaoHan', null, '陈寒', '', '1', '18501957486', '', null, '1', '', '0', null, '1', null, null, '', null, null, null, '2', null, null);
INSERT INTO `we_user` VALUES ('1318202977428836354', 'DongChunLin', null, '董春林', '', '1', '18756686768', '', null, '1', '', '0', null, '1', null, null, '', null, null, null, '2', null, null);
INSERT INTO `we_user` VALUES ('1318202977428836355', 'XiaoSheYu', null, '舒俊丽', '', '2', '15956647920', '', null, '1', '', '0', null, '1', null, null, '', null, null, null, '2', null, null);
INSERT INTO `we_user` VALUES ('1318202977433030656', 'DongDongQiang', null, '董健', '', '1', '15956608378', '', null, '1', '', '0', null, '1', null, null, '', null, null, null, '2', null, null);
INSERT INTO `we_user` VALUES ('1318202977433030657', 'JinYan', null, '杨明道', '', '1', '18256693547', '', null, '1', '', '0', null, '1', null, null, '', null, null, null, '2', null, null);
INSERT INTO `we_user` VALUES ('1318202977433030658', 'ChiChiXiaoXie', null, '谢运吉', '', '1', '17756606730', '', null, '1', '', '0', null, '1', null, null, '', null, null, null, '2', null, null);
INSERT INTO `we_user` VALUES ('1318202977433030659', 'Meng', null, '黄梦怡', '', '2', '18355359156', '', null, '1', '', '0', null, '1', null, null, '', null, null, null, '2', null, null);
INSERT INTO `we_user` VALUES ('1318202977433030660', '15665400628', null, '江冬勤', '', '1', '15665400628', '', null, '4294967295', '', '0', null, '1', null, null, '', '', null, null, '2', null, null);
INSERT INTO `we_user` VALUES ('1318202977437224960', 'KeWen', null, '朱阿龙', '', '1', '18356073052', '', null, '1', '', '0', null, '1', null, null, '', null, null, null, '2', null, null);
INSERT INTO `we_user` VALUES ('1318202977437224961', '18158873858', null, '5262', 'hannan', '1', '18158873858', '18158873858@qq.com', null, '1', 'JAVA开发工程师', '0', null, '1', null, null, '0551-64658695', '安徽省合肥市', null, null, '2', null, null);
INSERT INTO `we_user` VALUES ('1318202977437224962', '18158873850', null, '盛锡勇', 'HaoN', '1', '18158873850', '1539136324@qq.com', null, '4294967295', 'JAVA开工工程师', '0', null, '1', null, null, '055167654683', '安徽省合肥市肥东县', null, null, '2', null, null);
